root,path,size_bytes,sha256,architecture,file_format,git_tracked,git_ignored,source,license_status,distribution_decision,sdk_or_image_match,success_evidence
parent_backup,embedded-contest-project.zip,743499626,4d20f60f213848e88ecba015c89d46551638e51dedeb3ed804680e4705913477,not-applicable,zip,False,False,vendor/archive/local backup,redistribution not established,DO_NOT_DISTRIBUTE,not established,local discovery only
parent_backup,embedded-contest-project/06_software/usb_camera_recorder/build/USB Camera Recorder/base_library.zip,1402463,34e8d4120ebee9872224f3de09b4c4c159f9112e0b1abcc8ba694b6f6f1714d7,not-applicable,zip,False,False,vendor/archive/local backup,redistribution not established,DO_NOT_DISTRIBUTE,not established,local discovery only
parent_backup,embedded-contest-project/06_software/usb_camera_recorder/dist/USB Camera Recorder/_internal/base_library.zip,1402463,140fc36ab38a134ccab7352ce06cb43fe13222dfafa9e744f7163a987aade8db,not-applicable,zip,False,False,vendor/archive/local backup,redistribution not established,DO_NOT_DISTRIBUTE,not established,local discovery only
parent_backup,embedded-contest-project/06_software/vision_obstacle_tracker/c_port/models/yolo11n_imgsz1024.onnx,10963798,80bc55a7bb560cd971ad5acc22cf9f82661ebd29e378f922a59731170346720c,not-applicable,onnx,False,False,vendor/archive/local backup,redistribution not established,DO_NOT_DISTRIBUTE,not established,local discovery only
parent_backup,embedded-contest-project/06_software/vision_obstacle_tracker/c_port/models/yolo11n_imgsz512.onnx,10641232,31f61800232a847461e7586ee28a19b61a0725a0d07a746424a4966bff0cb058,not-applicable,onnx,False,False,vendor/archive/local backup,redistribution not established,DO_NOT_DISTRIBUTE,not established,local discovery only
parent_backup,embedded-contest-project/06_software/vision_obstacle_tracker/c_port/third_party/downloads/onnxruntime-win-x64-1.26.0.zip,75675381,6ebe99b5564bf4d029b6e93eac9ff423682b6212eade769e9ca3f685eaf500b4,not-applicable,zip,False,False,vendor/archive/local backup,redistribution not established,DO_NOT_DISTRIBUTE,not established,local discovery only
parent_backup,embedded-contest-project/06_software/vision_obstacle_tracker/c_port/third_party/opencv/sources/3rdparty/zlib-ng/arch/s390/self-hosted-builder/actions-runner.service,507,7807f7cbbd7ad101c815c9d301a42ce15b20882f2e85e1cdba8ed4fa048b2f01,not-applicable,service,False,False,vendor/archive/local backup,redistribution not established,DO_NOT_DISTRIBUTE,not established,local discovery only
parent_backup,embedded-contest-project/06_software/vision_obstacle_tracker/c_port/third_party/opencv/sources/3rdparty/zlib-ng/arch/s390/self-hosted-builder/runner-global.json,49,0380ed956935653442539405d652f8c7d6318d651d58f40aeabeb10f6fd5f019,not-applicable,json,False,False,vendor/archive/local backup,redistribution not established,DO_NOT_DISTRIBUTE,not established,local discovery only
parent_backup,embedded-contest-project/06_software/vision_obstacle_tracker/c_port/third_party/opencv/sources/apps/pattern-tools/DICT_4X4_100.json.gz,845,9d08d1c9cdb4f5d9308e43604e3bdb55e08a97c486c22a3c68ebd21a90b56791,not-applicable,gz,False,False,vendor/archive/local backup,redistribution not established,DO_NOT_DISTRIBUTE,not established,local discovery only
parent_backup,embedded-contest-project/06_software/vision_obstacle_tracker/c_port/third_party/opencv/sources/apps/pattern-tools/DICT_4X4_1000.json.gz,7434,64024e73e10fcd7bc7b0543ef5aee4a2f36f0cb271268332ab5bccd9b1a5f39a,not-applicable,gz,False,False,vendor/archive/local backup,redistribution not established,DO_NOT_DISTRIBUTE,not established,local discovery only
parent_backup,embedded-contest-project/06_software/vision_obstacle_tracker/c_port/third_party/opencv/sources/apps/pattern-tools/DICT_4X4_250.json.gz,1967,968390c601b2f9f25c7c5b431e738ba2d2a919b0d0dc45b63c52e9d41380d8d4,not-applicable,gz,False,False,vendor/archive/local backup,redistribution not established,DO_NOT_DISTRIBUTE,not established,local discovery only
parent_backup,embedded-contest-project/06_software/vision_obstacle_tracker/c_port/third_party/opencv/sources/apps/pattern-tools/DICT_4X4_50.json.gz,477,4c7e1d6e363c32b91ff1e50646f462bc46d5fbd31ec4d6b9e7460553e13b02a9,not-applicable,gz,False,False,vendor/archive/local backup,redistribution not established,DO_NOT_DISTRIBUTE,not established,local discovery only
parent_backup,embedded-contest-project/06_software/vision_obstacle_tracker/c_port/third_party/opencv/sources/apps/pattern-tools/DICT_5X5_100.json.gz,1053,c960282094caaeb9c68a667e8208c83d359f7fd7ff8cfb167faf935a27f68a77,not-applicable,gz,False,False,vendor/archive/local backup,redistribution not established,DO_NOT_DISTRIBUTE,not established,local discovery only
parent_backup,embedded-contest-project/06_software/vision_obstacle_tracker/c_port/third_party/opencv/sources/apps/pattern-tools/DICT_5X5_1000.json.gz,9496,3730a08c8b123c8e5ca4091dd25106e02a5ca2fbf2f29e6f706e86c6d4102f23,not-applicable,gz,False,False,vendor/archive/local backup,redistribution not established,DO_NOT_DISTRIBUTE,not established,local discovery only
parent_backup,embedded-contest-project/06_software/vision_obstacle_tracker/c_port/third_party/opencv/sources/apps/pattern-tools/DICT_5X5_250.json.gz,2472,4f170162da2ce9c4940bb811e6a9ebb842dc2e2623fc72d8da1ce3cc124f9fe6,not-applicable,gz,False,False,vendor/archive/local backup,redistribution not established,DO_NOT_DISTRIBUTE,not established,local discovery only
parent_backup,embedded-contest-project/06_software/vision_obstacle_tracker/c_port/third_party/opencv/sources/apps/pattern-tools/DICT_5X5_50.json.gz,587,a1b6cd22cd594b2c303055441c329492af6985ff6aa8d4c8dd04bd853da63aa5,not-applicable,gz,False,False,vendor/archive/local backup,redistribution not established,DO_NOT_DISTRIBUTE,not established,local discovery only
parent_backup,embedded-contest-project/06_software/vision_obstacle_tracker/c_port/third_party/opencv/sources/apps/pattern-tools/DICT_6X6_100.json.gz,1311,17c3c8201b4c9206e32bc1b170dcde68c9de29c0504d4059210b6634606985d5,not-applicable,gz,False,False,vendor/archive/local backup,redistribution not established,DO_NOT_DISTRIBUTE,not established,local discovery only
parent_backup,embedded-contest-project/06_software/vision_obstacle_tracker/c_port/third_party/opencv/sources/apps/pattern-tools/DICT_6X6_1000.json.gz,11811,3646d4ae5dd43c3da0e687a1bc55bedc466c73421fa4717f1c1921515cb1612e,not-applicable,gz,False,False,vendor/archive/local backup,redistribution not established,DO_NOT_DISTRIBUTE,not established,local discovery only
parent_backup,embedded-contest-project/06_software/vision_obstacle_tracker/c_port/third_party/opencv/sources/apps/pattern-tools/DICT_6X6_250.json.gz,3077,096e2ac5339621bfaa0109c0e64c5f8a1f945b1b8c29ff14e487007b7181ea44,not-applicable,gz,False,False,vendor/archive/local backup,redistribution not established,DO_NOT_DISTRIBUTE,not established,local discovery only
parent_backup,embedded-contest-project/06_software/vision_obstacle_tracker/c_port/third_party/opencv/sources/apps/pattern-tools/DICT_6X6_50.json.gz,709,9841ecb2c5db3c94ae3fc672adf67cf5eb45165613ee0ecf9593c3d0f8f09d8b,not-applicable,gz,False,False,vendor/archive/local backup,redistribution not established,DO_NOT_DISTRIBUTE,not established,local discovery only
parent_backup,embedded-contest-project/06_software/vision_obstacle_tracker/c_port/third_party/opencv/sources/apps/pattern-tools/DICT_7X7_100.json.gz,1598,507b0af1232ab651a89e0dcee5119a9da9bb23839eed7c558b517fb2d5238410,not-applicable,gz,False,False,vendor/archive/local backup,redistribution not established,DO_NOT_DISTRIBUTE,not established,local discovery only
parent_backup,embedded-contest-project/06_software/vision_obstacle_tracker/c_port/third_party/opencv/sources/apps/pattern-tools/DICT_7X7_1000.json.gz,14731,f50fa408cf6cab97c6d1323b08b20d703d01deae6011c4f0383c5a55cd593af6,not-applicable,gz,False,False,vendor/archive/local backup,redistribution not established,DO_NOT_DISTRIBUTE,not established,local discovery only
parent_backup,embedded-contest-project/06_software/vision_obstacle_tracker/c_port/third_party/opencv/sources/apps/pattern-tools/DICT_7X7_250.json.gz,3828,78f90891e83e28f416fc9baa26946aa6a68f48cdeceba0af7633473086cd1f89,not-applicable,gz,False,False,vendor/archive/local backup,redistribution not established,DO_NOT_DISTRIBUTE,not established,local discovery only
parent_backup,embedded-contest-project/06_software/vision_obstacle_tracker/c_port/third_party/opencv/sources/apps/pattern-tools/DICT_7X7_50.json.gz,858,f1d40ff786df8014ca9d936b107904141c4e1fb9ba6297552fa9b43a0d178075,not-applicable,gz,False,False,vendor/archive/local backup,redistribution not established,DO_NOT_DISTRIBUTE,not established,local discovery only
parent_backup,embedded-contest-project/06_software/vision_obstacle_tracker/c_port/third_party/opencv/sources/apps/pattern-tools/DICT_APRILTAG_16h5.json.gz,333,e00af3beb30e94d8524f8bbcd00ebf292ab154efaa9dbe6b54336dd9216204ab,not-applicable,gz,False,False,vendor/archive/local backup,redistribution not established,DO_NOT_DISTRIBUTE,not established,local discovery only
parent_backup,embedded-contest-project/06_software/vision_obstacle_tracker/c_port/third_party/opencv/sources/apps/pattern-tools/DICT_APRILTAG_25h9.json.gz,442,051c90bf2f58d25e8b03a75f59b049c91d4d87a61684abd8c599a1ac61167e6a,not-applicable,gz,False,False,vendor/archive/local backup,redistribution not established,DO_NOT_DISTRIBUTE,not established,local discovery only
parent_backup,embedded-contest-project/06_software/vision_obstacle_tracker/c_port/third_party/opencv/sources/apps/pattern-tools/DICT_APRILTAG_36h10.json.gz,27496,9b7746d77d0ea8b23e524ca742e798225530214fa3e96fbaa129e1d708631b68,not-applicable,gz,False,False,vendor/archive/local backup,redistribution not established,DO_NOT_DISTRIBUTE,not established,local discovery only
parent_backup,embedded-contest-project/06_software/vision_obstacle_tracker/c_port/third_party/opencv/sources/apps/pattern-tools/DICT_APRILTAG_36h11.json.gz,7080,d0beeb3583b10f4809d8793b4cfb09a937a3cc34f810650b907e9d4be03eb590,not-applicable,gz,False,False,vendor/archive/local backup,redistribution not established,DO_NOT_DISTRIBUTE,not established,local discovery only
parent_backup,embedded-contest-project/06_software/vision_obstacle_tracker/c_port/third_party/opencv/sources/apps/pattern-tools/DICT_ARUCO_ORIGINAL.json.gz,6388,58e9b149d39feca4d33e28262b416e1d7c1209cd41b4bdc23dade9b9491d343d,not-applicable,gz,False,False,vendor/archive/local backup,redistribution not established,DO_NOT_DISTRIBUTE,not established,local discovery only
parent_backup,embedded-contest-project/06_software/vision_obstacle_tracker/c_port/third_party/opencv/sources/doc/js_tutorials/js_assets/.eslintrc.json,662,3b4684b3b283ae18b221e7753ec926029af7f2d0b1d4f647747a7d1a66995944,not-applicable,json,False,False,vendor/archive/local backup,redistribution not established,DO_NOT_DISTRIBUTE,not established,local discovery only
parent_backup,embedded-contest-project/06_software/vision_obstacle_tracker/c_port/third_party/opencv/sources/doc/js_tutorials/js_assets/js_image_classification_model_info.json,3322,39a7cc34beb143a42c8521d87921f66489ebc9310f523ba7db8d3395e92cb033,not-applicable,json,False,False,vendor/archive/local backup,redistribution not established,DO_NOT_DISTRIBUTE,not established,local discovery only
parent_backup,embedded-contest-project/06_software/vision_obstacle_tracker/c_port/third_party/opencv/sources/doc/js_tutorials/js_assets/js_object_detection_model_info.json,1776,14a814307f88c60a096b087e6cc96ec5e7752300c30db877313fc5821c366336,not-applicable,json,False,False,vendor/archive/local backup,redistribution not established,DO_NOT_DISTRIBUTE,not established,local discovery only
parent_backup,embedded-contest-project/06_software/vision_obstacle_tracker/c_port/third_party/opencv/sources/doc/js_tutorials/js_assets/js_pose_estimation_model_info.json,1496,fa75cdda00abfdcfbaa325bc90740cf922986a92cd4566b45c9344f6769dc721,not-applicable,json,False,False,vendor/archive/local backup,redistribution not established,DO_NOT_DISTRIBUTE,not established,local discovery only
parent_backup,embedded-contest-project/06_software/vision_obstacle_tracker/c_port/third_party/opencv/sources/doc/js_tutorials/js_assets/js_semantic_segmentation_model_info.json,343,8d09a2f8525d62167ad60e08b58997b0f6a459c96606c555a97b664ae6cf9a69,not-applicable,json,False,False,vendor/archive/local backup,redistribution not established,DO_NOT_DISTRIBUTE,not established,local discovery only
parent_backup,embedded-contest-project/06_software/vision_obstacle_tracker/c_port/third_party/opencv/sources/doc/js_tutorials/js_assets/js_style_transfer_model_info.json,2812,08bdaa3a8e14186b0a105d4f0cf226e5d4650443d3f3d257534c09fb6a24bd52,not-applicable,json,False,False,vendor/archive/local backup,redistribution not established,DO_NOT_DISTRIBUTE,not established,local discovery only
parent_backup,embedded-contest-project/06_software/vision_obstacle_tracker/c_port/third_party/opencv/sources/doc/js_tutorials/js_assets/webnn-electron/package.json,340,d2fdb597f40a4df15f58775c8f788e5c09158399ddd30eb19e05730908e8b92f,not-applicable,json,False,False,vendor/archive/local backup,redistribution not established,DO_NOT_DISTRIBUTE,not established,local discovery only
parent_backup,embedded-contest-project/06_software/vision_obstacle_tracker/c_port/third_party/opencv/sources/modules/calib3d/misc/java/gen_dict.json,1714,1988c162db1798ec3affdc3863128facba89863fda21da429f16a991939dd487,not-applicable,json,False,False,vendor/archive/local backup,redistribution not established,DO_NOT_DISTRIBUTE,not established,local discovery only
parent_backup,embedded-contest-project/06_software/vision_obstacle_tracker/c_port/third_party/opencv/sources/modules/calib3d/misc/js/gen_dict.json,575,cfe75066872d95a9a9514426e5092022f8a36c50d34f50993c75786e62d2f81a,not-applicable,json,False,False,vendor/archive/local backup,redistribution not established,DO_NOT_DISTRIBUTE,not established,local discovery only
parent_backup,embedded-contest-project/06_software/vision_obstacle_tracker/c_port/third_party/opencv/sources/modules/calib3d/misc/objc/gen_dict.json,240,24c7de07fa459f95382bbb59d73afb6b2261a1731e4e94acdfc58b4a9410313f,not-applicable,json,False,False,vendor/archive/local backup,redistribution not established,DO_NOT_DISTRIBUTE,not established,local discovery only
parent_backup,embedded-contest-project/06_software/vision_obstacle_tracker/c_port/third_party/opencv/sources/modules/core/misc/java/gen_dict.json,31745,604f52775932911e41b542b8278062ab46d8bc4265da89557cbd1ed1cefa2d8d,not-applicable,json,False,False,vendor/archive/local backup,redistribution not established,DO_NOT_DISTRIBUTE,not established,local discovery only
parent_backup,embedded-contest-project/06_software/vision_obstacle_tracker/c_port/third_party/opencv/sources/modules/core/misc/js/gen_dict.json,860,48718eabf0a5c49deafef432d4ad98b9dcce510cdb72f29e6df72be8c8c90f5a,not-applicable,json,False,False,vendor/archive/local backup,redistribution not established,DO_NOT_DISTRIBUTE,not established,local discovery only
parent_backup,embedded-contest-project/06_software/vision_obstacle_tracker/c_port/third_party/opencv/sources/modules/core/misc/objc/gen_dict.json,16644,14999dc5cd98db0a6b73e5e1bd43a48bd7b1e82c30d3c2edad381e426ca72206,not-applicable,json,False,False,vendor/archive/local backup,redistribution not established,DO_NOT_DISTRIBUTE,not established,local discovery only
parent_backup,embedded-contest-project/06_software/vision_obstacle_tracker/c_port/third_party/opencv/sources/modules/core/src/opencl/runtime/generator/generate.sh,293,136e3df27a673ad03f8e2c6585a195160b388423814e56ebb7b9eb77f4f822c8,not-applicable,sh,False,False,vendor/archive/local backup,redistribution not established,DO_NOT_DISTRIBUTE,not established,local discovery only
parent_backup,embedded-contest-project/06_software/vision_obstacle_tracker/c_port/third_party/opencv/sources/modules/dnn/misc/java/gen_dict.json,2399,200935f7029d192fca23b206b1955b95fd722946c51dcfad586e972646bdb47d,not-applicable,json,False,False,vendor/archive/local backup,redistribution not established,DO_NOT_DISTRIBUTE,not established,local discovery only
parent_backup,embedded-contest-project/06_software/vision_obstacle_tracker/c_port/third_party/opencv/sources/modules/dnn/misc/js/gen_dict.json,388,e3dd6761fd2d2e897bc2021caff7b284e9246a14a844d089939c4e545b2d7e2d,not-applicable,json,False,False,vendor/archive/local backup,redistribution not established,DO_NOT_DISTRIBUTE,not established,local discovery only
parent_backup,embedded-contest-project/06_software/vision_obstacle_tracker/c_port/third_party/opencv/sources/modules/dnn/misc/objc/gen_dict.json,4397,8289851df0ceec97e58c76b72214bc905e53a5c0fdfef2ea8715b59aac9f70ee,not-applicable,json,False,False,vendor/archive/local backup,redistribution not established,DO_NOT_DISTRIBUTE,not established,local discovery only
parent_backup,embedded-contest-project/06_software/vision_obstacle_tracker/c_port/third_party/opencv/sources/modules/features2d/misc/java/gen_dict.json,457,03c0e442f64e102f68b3f9fa8964054c0e8d42b2bea89178bf4331fb54c6fbdb,not-applicable,json,False,False,vendor/archive/local backup,redistribution not established,DO_NOT_DISTRIBUTE,not established,local discovery only
parent_backup,embedded-contest-project/06_software/vision_obstacle_tracker/c_port/third_party/opencv/sources/modules/features2d/misc/js/gen_dict.json,2155,a9ceb8375f60e4d500ff902508bb6868006b25a09bd380697d0b6a9196baa028,not-applicable,json,False,False,vendor/archive/local backup,redistribution not established,DO_NOT_DISTRIBUTE,not established,local discovery only
parent_backup,embedded-contest-project/06_software/vision_obstacle_tracker/c_port/third_party/opencv/sources/modules/features2d/misc/objc/gen_dict.json,1593,c6d1d83037c3142489e25e1f7c6a033f6364474e9b9288593ea45861fdf7b43f,not-applicable,json,False,False,vendor/archive/local backup,redistribution not established,DO_NOT_DISTRIBUTE,not established,local discovery only
parent_backup,embedded-contest-project/06_software/vision_obstacle_tracker/c_port/third_party/opencv/sources/modules/gapi/doc/slides/get_sty.sh,667,53238555f9c9ec9b6574c1f2e339b781b953a38427ff778e67a42967f75a1ce3,not-applicable,sh,False,False,vendor/archive/local backup,redistribution not established,DO_NOT_DISTRIBUTE,not established,local discovery only
parent_backup,embedded-contest-project/06_software/vision_obstacle_tracker/c_port/third_party/opencv/sources/modules/gapi/samples/data/config_template.yml,4301,99e21d1ed52fd24008c3f1361fdd9fd5ee9add3162a1724a5376e191b3ef01c8,not-applicable,yml,False,False,vendor/archive/local backup,redistribution not established,DO_NOT_DISTRIBUTE,not established,local discovery only
parent_backup,embedded-contest-project/06_software/vision_obstacle_tracker/c_port/third_party/opencv/sources/modules/highgui/misc/plugins/build_plugins.sh,1605,9ca0937c82ed23fec8c8b2123828c0c21b25220e31e72b219c96e5d7280583b3,not-applicable,sh,False,False,vendor/archive/local backup,redistribution not established,DO_NOT_DISTRIBUTE,not established,local discovery only
parent_backup,embedded-contest-project/06_software/vision_obstacle_tracker/c_port/third_party/opencv/sources/modules/highgui/misc/plugins/plugin_gtk/build.sh,419,6c8ea5e81051b48a7b5948a1110197a6e81997e349d65b380a6e4eb39dcac09c,not-applicable,sh,False,False,vendor/archive/local backup,redistribution not established,DO_NOT_DISTRIBUTE,not established,local discovery only
parent_backup,embedded-contest-project/06_software/vision_obstacle_tracker/c_port/third_party/opencv/sources/modules/imgcodecs/misc/objc/gen_dict.json,62,3e79afa73442a36f3830f2341a4ebbbe8e6e012b22c4303865b81c399463ab01,not-applicable,json,False,False,vendor/archive/local backup,redistribution not established,DO_NOT_DISTRIBUTE,not established,local discovery only
parent_backup,embedded-contest-project/06_software/vision_obstacle_tracker/c_port/third_party/opencv/sources/modules/imgproc/misc/java/gen_dict.json,7030,2f2cba94ca1d899571b9a9ed0d74affa90efd1a0adc4aa21d9528d603413a392,not-applicable,json,False,False,vendor/archive/local backup,redistribution not established,DO_NOT_DISTRIBUTE,not established,local discovery only
parent_backup,embedded-contest-project/06_software/vision_obstacle_tracker/c_port/third_party/opencv/sources/modules/imgproc/misc/js/gen_dict.json,3462,c07aac33fc02f3bd4d4a27496ce9de0fc382cef8dc7369ddfbc9ca3deb6f350a,not-applicable,json,False,False,vendor/archive/local backup,redistribution not established,DO_NOT_DISTRIBUTE,not established,local discovery only
parent_backup,embedded-contest-project/06_software/vision_obstacle_tracker/c_port/third_party/opencv/sources/modules/imgproc/misc/objc/gen_dict.json,7662,c26efbb50b66f4f6704b964e8e27e02ce0e730561f99056a5abb1ebae83be854,not-applicable,json,False,False,vendor/archive/local backup,redistribution not established,DO_NOT_DISTRIBUTE,not established,local discovery only
parent_backup,embedded-contest-project/06_software/vision_obstacle_tracker/c_port/third_party/opencv/sources/modules/js/perf/package.json,507,9f6d989e33069de135e02c866d7e0260c859d95f47a131df765b7cb337f04737,not-applicable,json,False,False,vendor/archive/local backup,redistribution not established,DO_NOT_DISTRIBUTE,not established,local discovery only
parent_backup,embedded-contest-project/06_software/vision_obstacle_tracker/c_port/third_party/opencv/sources/modules/js/src/.eslintrc.json,449,114aecc6935afa29f50bec6659f156de0a7d2887e678965ec3df4e5b1396a35c,not-applicable,json,False,False,vendor/archive/local backup,redistribution not established,DO_NOT_DISTRIBUTE,not established,local discovery only
parent_backup,embedded-contest-project/06_software/vision_obstacle_tracker/c_port/third_party/opencv/sources/modules/js/test/.eslintrc.json,318,793c0d37a9bec191d64d341e86cabe4960257a21cb9befb204aad80ba4e2c123,not-applicable,json,False,False,vendor/archive/local backup,redistribution not established,DO_NOT_DISTRIBUTE,not established,local discovery only
parent_backup,embedded-contest-project/06_software/vision_obstacle_tracker/c_port/third_party/opencv/sources/modules/js/test/package.json,683,dca80dd22ab71465cd7a6ef33f35b31a873cc75b3d628d1c943e5605318ca5cc,not-applicable,json,False,False,vendor/archive/local backup,redistribution not established,DO_NOT_DISTRIBUTE,not established,local discovery only
parent_backup,embedded-contest-project/06_software/vision_obstacle_tracker/c_port/third_party/opencv/sources/modules/ml/misc/objc/gen_dict.json,267,f6bc5863a92fda48a9158474361aa0e3c63502e69c61833e5a217a4db39ba72f,not-applicable,json,False,False,vendor/archive/local backup,redistribution not established,DO_NOT_DISTRIBUTE,not established,local discovery only
parent_backup,embedded-contest-project/06_software/vision_obstacle_tracker/c_port/third_party/opencv/sources/modules/objdetect/misc/java/gen_dict.json,3337,e9192c344f2d6a9132f53ba1cbc10916ceab7cd4197ef95d9ff83bca748ccced,not-applicable,json,False,False,vendor/archive/local backup,redistribution not established,DO_NOT_DISTRIBUTE,not established,local discovery only
parent_backup,embedded-contest-project/06_software/vision_obstacle_tracker/c_port/third_party/opencv/sources/modules/objdetect/misc/js/gen_dict.json,2630,c584333fee5bd8fabf6542c687e6e7c64d0a9f8d14644bb85c2a32cc5172b360,not-applicable,json,False,False,vendor/archive/local backup,redistribution not established,DO_NOT_DISTRIBUTE,not established,local discovery only
parent_backup,embedded-contest-project/06_software/vision_obstacle_tracker/c_port/third_party/opencv/sources/modules/objdetect/misc/objc/gen_dict.json,169,2d73ad130637467648a26ef2c7aafba25ee99f2ce5b12f4413d624109ad363c4,not-applicable,json,False,False,vendor/archive/local backup,redistribution not established,DO_NOT_DISTRIBUTE,not established,local discovery only
parent_backup,embedded-contest-project/06_software/vision_obstacle_tracker/c_port/third_party/opencv/sources/modules/photo/misc/js/gen_dict.json,1710,4ad9b39a1da32ef6e354a62097996338c748ac067b23ee44ebbb72b476d6b3e6,not-applicable,json,False,False,vendor/archive/local backup,redistribution not established,DO_NOT_DISTRIBUTE,not established,local discovery only
parent_backup,embedded-contest-project/06_software/vision_obstacle_tracker/c_port/third_party/opencv/sources/modules/photo/misc/objc/gen_dict.json,620,319a1c1b3816228fb282c92abcf71e8818c5b8bd42e5e3f7e8938dcba952122c,not-applicable,json,False,False,vendor/archive/local backup,redistribution not established,DO_NOT_DISTRIBUTE,not established,local discovery only
parent_backup,embedded-contest-project/06_software/vision_obstacle_tracker/c_port/third_party/opencv/sources/modules/video/misc/java/gen_dict.json,562,c998b9c2b372e033537e17817201c7db4727453d0ded835baf872dfd982846b0,not-applicable,json,False,False,vendor/archive/local backup,redistribution not established,DO_NOT_DISTRIBUTE,not established,local discovery only
parent_backup,embedded-contest-project/06_software/vision_obstacle_tracker/c_port/third_party/opencv/sources/modules/video/misc/js/gen_dict.json,483,178bd840e17c371db92815ca1f010b2235a003ae743e692ac7bb84845e0f8f9a,not-applicable,json,False,False,vendor/archive/local backup,redistribution not established,DO_NOT_DISTRIBUTE,not established,local discovery only
parent_backup,embedded-contest-project/06_software/vision_obstacle_tracker/c_port/third_party/opencv/sources/modules/videoio/misc/build_plugins.sh,1776,107a6bbc0591641507ea3a03a9663989a1604cc44822c50b92c190e1cdf853e4,not-applicable,sh,False,False,vendor/archive/local backup,redistribution not established,DO_NOT_DISTRIBUTE,not established,local discovery only
parent_backup,embedded-contest-project/06_software/vision_obstacle_tracker/c_port/third_party/opencv/sources/modules/videoio/misc/gen_dict.json,1918,77ab6d7610db82c9d28305d75e7c7e3c7cea3339a5375fe1918469d9a46bb2e3,not-applicable,json,False,False,vendor/archive/local backup,redistribution not established,DO_NOT_DISTRIBUTE,not established,local discovery only
parent_backup,embedded-contest-project/06_software/vision_obstacle_tracker/c_port/third_party/opencv/sources/modules/videoio/misc/java/gen_dict.json,1487,c88c27f14e345d5dbf8782fb8ab098f528932306c62dd1119e2e7a383a48c835,not-applicable,json,False,False,vendor/archive/local backup,redistribution not established,DO_NOT_DISTRIBUTE,not established,local discovery only
parent_backup,embedded-contest-project/06_software/vision_obstacle_tracker/c_port/third_party/opencv/sources/modules/videoio/misc/objc/gen_dict.json,873,a16983c2f1f2d18fab16df692fc220f4bd488534052079e82c6a333e87ec914e,not-applicable,json,False,False,vendor/archive/local backup,redistribution not established,DO_NOT_DISTRIBUTE,not established,local discovery only
parent_backup,embedded-contest-project/06_software/vision_obstacle_tracker/c_port/third_party/opencv/sources/modules/videoio/misc/plugin_ffmpeg/build-standalone.sh,649,f7efe9f5b365189b637433831cdbe95d5bf467d0aeaf41cdcf5632f3c1f211cb,not-applicable,sh,False,False,vendor/archive/local backup,redistribution not established,DO_NOT_DISTRIBUTE,not established,local discovery only
parent_backup,embedded-contest-project/06_software/vision_obstacle_tracker/c_port/third_party/opencv/sources/modules/videoio/misc/plugin_ffmpeg/build-ubuntu.sh,214,9a26120cdbe059c26186e52b90eea372e5c61fa133b45a2e0a9a2f6fd3d6db4a,not-applicable,sh,False,False,vendor/archive/local backup,redistribution not established,DO_NOT_DISTRIBUTE,not established,local discovery only
parent_backup,embedded-contest-project/06_software/vision_obstacle_tracker/c_port/third_party/opencv/sources/modules/videoio/misc/plugin_gstreamer/build.sh,211,9197f6855901e1a47f6f9c3f0eac12eb9d798008e7a64b3b3319f6dae9795723,not-applicable,sh,False,False,vendor/archive/local backup,redistribution not established,DO_NOT_DISTRIBUTE,not established,local discovery only
parent_backup,embedded-contest-project/06_software/vision_obstacle_tracker/c_port/third_party/opencv/sources/platforms/android/build-tests/test_gradle.sh,1300,a55c458751cdf6580f00495016b0696cc3ef3a8ef9f29138d89c66d3055a99eb,not-applicable,sh,False,False,vendor/archive/local backup,redistribution not established,DO_NOT_DISTRIBUTE,not established,local discovery only
parent_backup,embedded-contest-project/06_software/vision_obstacle_tracker/c_port/third_party/opencv/sources/platforms/android/build-tests/test_gradle_aar.sh,1635,69a56509ab3cf679b16fccce93321bc5fbed8c9d9069f5489ca9127d7ab98ed1,not-applicable,sh,False,False,vendor/archive/local backup,redistribution not established,DO_NOT_DISTRIBUTE,not established,local discovery only
parent_backup,embedded-contest-project/06_software/vision_obstacle_tracker/c_port/third_party/opencv/sources/platforms/android/build_aar.sh,1399,6cc00e9f1e4b27182672062df5950f9403ba8b3481e33da6aaaa8acd33582253,not-applicable,sh,False,False,vendor/archive/local backup,redistribution not established,DO_NOT_DISTRIBUTE,not established,local discovery only
parent_backup,embedded-contest-project/06_software/vision_obstacle_tracker/c_port/third_party/opencv/sources/samples/cpp/tutorial_code/calib3d/camera_calibration/out_camera_data.yml,19220,0f97de86b0bdb71d1d88fd118276a7441f2bbbfc40a368820ceb210a195163d9,not-applicable,yml,False,False,vendor/archive/local backup,redistribution not established,DO_NOT_DISTRIBUTE,not established,local discovery only
parent_backup,embedded-contest-project/06_software/vision_obstacle_tracker/c_port/third_party/opencv/sources/samples/cpp/tutorial_code/calib3d/real_time_pose_estimation/Data/cookies_ORB.yml,2100516,a1d2d13f1ec0a1b6e06ba61d2b783a7aed0114a6f69b7f25d62a57e5f67a414d,not-applicable,yml,False,False,vendor/archive/local backup,redistribution not established,DO_NOT_DISTRIBUTE,not established,local discovery only
parent_backup,embedded-contest-project/06_software/vision_obstacle_tracker/c_port/third_party/opencv/sources/samples/cpp/tutorial_code/objectDetection/detector_params.yml,921,4adbefd4240db033a1ca8e246b99da2d100f21aaf05c012d028c594d6a575658,not-applicable,yml,False,False,vendor/archive/local backup,redistribution not established,DO_NOT_DISTRIBUTE,not established,local discovery only
parent_backup,embedded-contest-project/06_software/vision_obstacle_tracker/c_port/third_party/opencv/sources/samples/cpp/tutorial_code/objectDetection/tutorial_camera_charuco.yml,701,4f9291f7205f3242c10fd635a97254f056bcfd0ecbbaefe6203fa7b745dd8100,not-applicable,yml,False,False,vendor/archive/local backup,redistribution not established,DO_NOT_DISTRIBUTE,not established,local discovery only
parent_backup,embedded-contest-project/06_software/vision_obstacle_tracker/c_port/third_party/opencv/sources/samples/cpp/tutorial_code/objectDetection/tutorial_camera_params.yml,294,0ecd7c5fd8831632a89ff9292f0ec3c18b5cbd017d9d00914c9bf478661aba13,not-applicable,yml,False,False,vendor/archive/local backup,redistribution not established,DO_NOT_DISTRIBUTE,not established,local discovery only
parent_backup,embedded-contest-project/06_software/vision_obstacle_tracker/c_port/third_party/opencv/sources/samples/cpp/tutorial_code/objectDetection/tutorial_dict.yml,1777,9c6df5a9857d996539277d1730e27e8c819675efab15506a870edacffceb7753,not-applicable,yml,False,False,vendor/archive/local backup,redistribution not established,DO_NOT_DISTRIBUTE,not established,local discovery only
parent_backup,embedded-contest-project/06_software/vision_obstacle_tracker/c_port/third_party/opencv/sources/samples/data/aruco/tutorial_camera_charuco.yml,722,07727c73daa67ddc1483b37917ecb40898855a40407e772124cb029005bccdb2,not-applicable,yml,False,False,vendor/archive/local backup,redistribution not established,DO_NOT_DISTRIBUTE,not established,local discovery only
parent_backup,embedded-contest-project/06_software/vision_obstacle_tracker/c_port/third_party/opencv/sources/samples/data/calibration.yml,213,0c9ef645721f31e412b20b583f766c192f32ab5225585cc61e6036383ca4fcf4,not-applicable,yml,False,False,vendor/archive/local backup,redistribution not established,DO_NOT_DISTRIBUTE,not established,local discovery only
parent_backup,embedded-contest-project/06_software/vision_obstacle_tracker/c_port/third_party/opencv/sources/samples/data/intrinsics.yml,631,c419615d0f1794cdd64eba97da74f5f6b15c31eb09bdd9cf7b6025d00764f92b,not-applicable,yml,False,False,vendor/archive/local backup,redistribution not established,DO_NOT_DISTRIBUTE,not established,local discovery only
parent_backup,embedded-contest-project/06_software/vision_obstacle_tracker/c_port/third_party/opencv/sources/samples/data/left_intrinsics.yml,3187,93a35a94eaaa63afba5128292cf2800fce3e783eba12a69e3d3731360d594684,not-applicable,yml,False,False,vendor/archive/local backup,redistribution not established,DO_NOT_DISTRIBUTE,not established,local discovery only
parent_backup,embedded-contest-project/06_software/vision_obstacle_tracker/c_port/third_party/opencv/sources/samples/dnn/models.yml,9783,68eaf013326cff50f77794f81a09e839a501b7ee0303812592d95a662025a480,not-applicable,yml,False,False,vendor/archive/local backup,redistribution not established,DO_NOT_DISTRIBUTE,not established,local discovery only
parent_backup,embedded-contest-project/06_software/vision_obstacle_tracker/c_port/third_party/opencv/sources/samples/install/linux_install_a.sh,764,9a2c0986ef6e278f9f30160ef32c4e59f6b7e03dca2ec190aadec4f74e61cd5c,not-applicable,sh,False,False,vendor/archive/local backup,redistribution not established,DO_NOT_DISTRIBUTE,not established,local discovery only
parent_backup,embedded-contest-project/06_software/vision_obstacle_tracker/c_port/third_party/opencv/sources/samples/install/linux_install_b.sh,630,269a5419697247820e810abfd418929279c40ca20ce0c13aaf535a190f64fc27,not-applicable,sh,False,False,vendor/archive/local backup,redistribution not established,DO_NOT_DISTRIBUTE,not established,local discovery only
parent_backup,embedded-contest-project/06_software/vision_obstacle_tracker/c_port/third_party/opencv/sources/samples/install/linux_quick_install.sh,515,1fee5a8ef58d5b8244956cf7f25ffc6356ae2522e23ab0f82bc4697cf8cdec2c,not-applicable,sh,False,False,vendor/archive/local backup,redistribution not established,DO_NOT_DISTRIBUTE,not established,local discovery only
parent_backup,embedded-contest-project/06_software/vision_obstacle_tracker/c_port/third_party/opencv/sources/samples/install/linux_quick_install_contrib.sh,700,6f2cc0dbca772ec46775939a986e249090aab3b8f52b3bef9124c7a89283ebe4,not-applicable,sh,False,False,vendor/archive/local backup,redistribution not established,DO_NOT_DISTRIBUTE,not established,local discovery only
parent_backup,embedded-contest-project/06_software/vision_obstacle_tracker/c_port/third_party/opencv/sources/samples/install/linux_verify.sh,471,adc257175b077edd1d6f450c44f40d65bae8ce1785d55e3b59c4bdb4d26f65f0,not-applicable,sh,False,False,vendor/archive/local backup,redistribution not established,DO_NOT_DISTRIBUTE,not established,local discovery only
parent_backup,embedded-contest-project/06_software/vision_obstacle_tracker/c_port/third_party/opencv/sources/samples/swift/ios/ColorBlobDetection/ColorBlobDetection/Assets.xcassets/AppIcon.appiconset/Contents.json,3068,72edcc6513e4ff54cab010d348fa58e688d8e213c1d6029170cdceed963306f0,not-applicable,json,False,False,vendor/archive/local backup,redistribution not established,DO_NOT_DISTRIBUTE,not established,local discovery only
parent_backup,embedded-contest-project/06_software/vision_obstacle_tracker/c_port/third_party/opencv/sources/samples/swift/ios/ColorBlobDetection/ColorBlobDetection/Assets.xcassets/Contents.json,67,e3047866fde813ceb40daea67de82fb9b476e5531f397a3bb9a707d5cc782893,not-applicable,json,False,False,vendor/archive/local backup,redistribution not established,DO_NOT_DISTRIBUTE,not established,local discovery only
parent_backup,embedded-contest-project/06_software/vision_obstacle_tracker/c_port/third_party/opencv/sources/samples/swift/ios/FaceDetection/FaceDetection/Assets.xcassets/AppIcon.appiconset/Contents.json,3068,72edcc6513e4ff54cab010d348fa58e688d8e213c1d6029170cdceed963306f0,not-applicable,json,False,False,vendor/archive/local backup,redistribution not established,DO_NOT_DISTRIBUTE,not established,local discovery only
parent_backup,embedded-contest-project/06_software/vision_obstacle_tracker/c_port/third_party/opencv/sources/samples/swift/ios/FaceDetection/FaceDetection/Assets.xcassets/Contents.json,67,e3047866fde813ceb40daea67de82fb9b476e5531f397a3bb9a707d5cc782893,not-applicable,json,False,False,vendor/archive/local backup,redistribution not established,DO_NOT_DISTRIBUTE,not established,local discovery only
parent_backup,embedded-contest-project/06_software/vision_obstacle_tracker/vehicle_botsort.yaml,753,a6b3a13d6a5fb587a9ce58c1fc5ecf165acfc20a21e7d8a10c46056526edb6c7,not-applicable,yaml,False,False,vendor/archive/local backup,redistribution not established,DO_NOT_DISTRIBUTE,not established,local discovery only
parent_backup,embedded-contest-project/06_software/vision_obstacle_tracker/yolo11n.onnx,10963798,80bc55a7bb560cd971ad5acc22cf9f82661ebd29e378f922a59731170346720c,not-applicable,onnx,False,False,vendor/archive/local backup,redistribution not established,DO_NOT_DISTRIBUTE,not established,local discovery only
parent_backup,embedded-contest-project/06_software/vision_obstacle_tracker/yolo11n.pt,5613764,0ebbc80d4a7680d14987a577cd21342b65ecfd94632bd9a8da63ae6417644ee1,not-applicable,pt,False,False,vendor/archive/local backup,redistribution not established,DO_NOT_DISTRIBUTE,not established,local discovery only
parent_tmp,alt-1680-session.tar.gz,14146,cc44f0ef8daa634f3104abbbf6d9ebd95aab382be979b0c64a392993593f51a7,not-applicable,gz,False,False,vendor/archive/local backup,redistribution not established,DO_NOT_DISTRIBUTE,not established,local discovery only
parent_tmp,modelzoo-master/modelzoo-master/operators/ascend_npu/build.sh,2831,4ce2bb3e864ab5ad38b6521a4c9633a0ddacb985844d8b85d8d5966d6c39f8c5,not-applicable,sh,False,False,vendor/archive/local backup,redistribution not established,DO_NOT_DISTRIBUTE,not established,local discovery only
parent_tmp,modelzoo-master/modelzoo-master/operators/ascend_npu/cmake/retry.sh,310,e86ea543456acd0f60173f46d7ff3148f1f013f69eda24d89f31be2c09d4c62e,not-applicable,sh,False,False,vendor/archive/local backup,redistribution not established,DO_NOT_DISTRIBUTE,not established,local discovery only
parent_tmp,modelzoo-master/modelzoo-master/operators/ascend_npu/opensource/ascendsamples/cmake/util/gen_ops_filter.sh,1444,ddaf3d54512de6ea96caa53375bf395c618e7fa155e33721ada439d0a94a740d,not-applicable,sh,False,False,vendor/archive/local backup,redistribution not established,DO_NOT_DISTRIBUTE,not established,local discovery only
parent_tmp,modelzoo-master/modelzoo-master/operators/ascend_npu/opensource/ascendsamples/cmake/util/gen_version_info.sh,344,315fd6e39203aef5a3fd068ea1db89467b1db7d9b9edc3df6d1925e7acf972c1,not-applicable,sh,False,False,vendor/archive/local backup,redistribution not established,DO_NOT_DISTRIBUTE,not established,local discovery only
parent_tmp,modelzoo-master/modelzoo-master/samples/build_gate.sh,1631,f0fcc1ce860c2e402eb388ecafeaf592b7c0ec733c20689278136cebd7cdff1a,not-applicable,sh,False,False,vendor/archive/local backup,redistribution not established,DO_NOT_DISTRIBUTE,not established,local discovery only
parent_tmp,modelzoo-master/modelzoo-master/samples/build_script.sh,4221,d7f8c9f91c3cb5476b76f69d69330a4428d1716f9387fc597aef68d90d1f6d2c,not-applicable,sh,False,False,vendor/archive/local backup,redistribution not established,DO_NOT_DISTRIBUTE,not established,local discovery only
parent_tmp,modelzoo-master/modelzoo-master/samples/built-in/audio/FastSpeech2/data/file_list.json,244,0d30f9191460672c3117d1c07c61d498e63074c7072f8e09f4ceadd3649cafb4,not-applicable,json,False,False,vendor/archive/local backup,redistribution not established,DO_NOT_DISTRIBUTE,not established,local discovery only
parent_tmp,modelzoo-master/modelzoo-master/samples/built-in/audio/FastSpeech2/data/file_list_1.json,163,3157ca25158c7c6f8cf0e22b3558d1dd7bdee26c951e84060770adef2c67e1ca,not-applicable,json,False,False,vendor/archive/local backup,redistribution not established,DO_NOT_DISTRIBUTE,not established,local discovery only
parent_tmp,modelzoo-master/modelzoo-master/samples/built-in/audio/FastSpeech2/fastspeech2.json,2986,7d87b8c4f2e5f6fad01acb76ee53b1143984e675cbafeeeabef8c8e841bb7ca2,not-applicable,json,False,False,vendor/archive/local backup,redistribution not established,DO_NOT_DISTRIBUTE,not established,local discovery only
parent_tmp,modelzoo-master/modelzoo-master/samples/built-in/audio/FastSpeech2/src/acl.json,6,6bc81006803e98f6b0194219cd1695c033007f7a23f74be55daf7e63b25ffb8f,not-applicable,json,False,False,vendor/archive/local backup,redistribution not established,DO_NOT_DISTRIBUTE,not established,local discovery only
parent_tmp,modelzoo-master/modelzoo-master/samples/built-in/build_config.json,12070,40b58dc568bb8027f47f9786cfde58c27cad4c7bf0b888cb4304ed1ba6e0c96e,not-applicable,json,False,False,vendor/archive/local backup,redistribution not established,DO_NOT_DISTRIBUTE,not established,local discovery only
parent_tmp,modelzoo-master/modelzoo-master/samples/built-in/classification/Chinese-CLIP/Chinese_CLIP.json,3950,cbcf2e56bfae2ac80518421ed3c7b7eaa991dd692430e4651d4438903166db83,not-applicable,json,False,False,vendor/archive/local backup,redistribution not established,DO_NOT_DISTRIBUTE,not established,local discovery only
parent_tmp,modelzoo-master/modelzoo-master/samples/built-in/classification/Chinese-CLIP/data/file_list_img_1.json,116,8ac2ccfd4af9d29fcf11c3ea1bf5de8351439b4770b054c8cd02799ab8eb363b,not-applicable,json,False,False,vendor/archive/local backup,redistribution not established,DO_NOT_DISTRIBUTE,not established,local discovery only
parent_tmp,modelzoo-master/modelzoo-master/samples/built-in/classification/Chinese-CLIP/data/file_list_txt_1.json,84,3d89d6381762181282044613baca386bc517fa012ab9a70b400c5c37b6c7693f,not-applicable,json,False,False,vendor/archive/local backup,redistribution not established,DO_NOT_DISTRIBUTE,not established,local discovery only
parent_tmp,modelzoo-master/modelzoo-master/samples/built-in/classification/Chinese-CLIP/script/zeroshot.sh,852,5d5614cff385fc4b621406abc382ebbaa0e7bd95f10a3ec4fa558e2303c6e370,not-applicable,sh,False,False,vendor/archive/local backup,redistribution not established,DO_NOT_DISTRIBUTE,not established,local discovery only
parent_tmp,modelzoo-master/modelzoo-master/samples/built-in/classification/Chinese-CLIP/src/acl.json,2,44136fa355b3678a1146ad16f7e8649e94fb4fc21fe77e8310c060f61caaff8a,not-applicable,json,False,False,vendor/archive/local backup,redistribution not established,DO_NOT_DISTRIBUTE,not established,local discovery only
parent_tmp,modelzoo-master/modelzoo-master/samples/built-in/classification/DenseNet121/DenseNet121.json,4146,1f9b7345bd579732119f7bc910dacc9110b44e36b05c4f4a0942113d91d79175,not-applicable,json,False,False,vendor/archive/local backup,redistribution not established,DO_NOT_DISTRIBUTE,not established,local discovery only
parent_tmp,modelzoo-master/modelzoo-master/samples/built-in/classification/DenseNet121/data/file_list_1.json,115,fe59a33a2c846631ef4e767c437e15cb36c067093e2f23b745d8e34112c1da03,not-applicable,json,False,False,vendor/archive/local backup,redistribution not established,DO_NOT_DISTRIBUTE,not established,local discovery only
parent_tmp,modelzoo-master/modelzoo-master/samples/built-in/classification/DenseNet121/src/acl.json,2,44136fa355b3678a1146ad16f7e8649e94fb4fc21fe77e8310c060f61caaff8a,not-applicable,json,False,False,vendor/archive/local backup,redistribution not established,DO_NOT_DISTRIBUTE,not established,local discovery only
parent_tmp,modelzoo-master/modelzoo-master/samples/built-in/classification/EfficientNetV2/EfficientNetV2.json,3874,e7dd37d8893f75e04d976e91ed81b31306da2ffae4254b08967a4e3897f7a1c3,not-applicable,json,False,False,vendor/archive/local backup,redistribution not established,DO_NOT_DISTRIBUTE,not established,local discovery only
parent_tmp,modelzoo-master/modelzoo-master/samples/built-in/classification/EfficientNetV2/data/file_list_1.json,115,fe59a33a2c846631ef4e767c437e15cb36c067093e2f23b745d8e34112c1da03,not-applicable,json,False,False,vendor/archive/local backup,redistribution not established,DO_NOT_DISTRIBUTE,not established,local discovery only
parent_tmp,modelzoo-master/modelzoo-master/samples/built-in/classification/EfficientNetV2/src/acl.json,2,44136fa355b3678a1146ad16f7e8649e94fb4fc21fe77e8310c060f61caaff8a,not-applicable,json,False,False,vendor/archive/local backup,redistribution not established,DO_NOT_DISTRIBUTE,not established,local discovery only
parent_tmp,modelzoo-master/modelzoo-master/samples/built-in/classification/InceptionV3/InceptionV3.json,4196,ae340ece8b7792ac5fd9b8f5290a13f646ff6c4641f2dffe00dbc107163c16bd,not-applicable,json,False,False,vendor/archive/local backup,redistribution not established,DO_NOT_DISTRIBUTE,not established,local discovery only
parent_tmp,modelzoo-master/modelzoo-master/samples/built-in/classification/InceptionV3/data/file_list_1.json,115,fe59a33a2c846631ef4e767c437e15cb36c067093e2f23b745d8e34112c1da03,not-applicable,json,False,False,vendor/archive/local backup,redistribution not established,DO_NOT_DISTRIBUTE,not established,local discovery only
parent_tmp,modelzoo-master/modelzoo-master/samples/built-in/classification/InceptionV3/src/acl.json,2,44136fa355b3678a1146ad16f7e8649e94fb4fc21fe77e8310c060f61caaff8a,not-applicable,json,False,False,vendor/archive/local backup,redistribution not established,DO_NOT_DISTRIBUTE,not established,local discovery only
parent_tmp,modelzoo-master/modelzoo-master/samples/built-in/classification/MobileNetV2/data/file_list_1.json,115,fe59a33a2c846631ef4e767c437e15cb36c067093e2f23b745d8e34112c1da03,not-applicable,json,False,False,vendor/archive/local backup,redistribution not established,DO_NOT_DISTRIBUTE,not established,local discovery only
parent_tmp,modelzoo-master/modelzoo-master/samples/built-in/classification/MobileNetV2/mobileNetV2.json,4015,0d120c39e13eeac0d3597ba7a7f4eaa9fef52820c6a7874b2f780ad79e320210,not-applicable,json,False,False,vendor/archive/local backup,redistribution not established,DO_NOT_DISTRIBUTE,not established,local discovery only
parent_tmp,modelzoo-master/modelzoo-master/samples/built-in/classification/MobileNetV2/src/acl.json,2,44136fa355b3678a1146ad16f7e8649e94fb4fc21fe77e8310c060f61caaff8a,not-applicable,json,False,False,vendor/archive/local backup,redistribution not established,DO_NOT_DISTRIBUTE,not established,local discovery only
parent_tmp,modelzoo-master/modelzoo-master/samples/built-in/classification/ResNet101/ResNet101.json,4732,561c3d82a394409caf982b6c572977734cbfbcbaf9015facfccf3992fe99dc47,not-applicable,json,False,False,vendor/archive/local backup,redistribution not established,DO_NOT_DISTRIBUTE,not established,local discovery only
parent_tmp,modelzoo-master/modelzoo-master/samples/built-in/classification/ResNet101/data/file_list_1.json,115,fe59a33a2c846631ef4e767c437e15cb36c067093e2f23b745d8e34112c1da03,not-applicable,json,False,False,vendor/archive/local backup,redistribution not established,DO_NOT_DISTRIBUTE,not established,local discovery only
parent_tmp,modelzoo-master/modelzoo-master/samples/built-in/classification/ResNet101/src/acl.json,2,44136fa355b3678a1146ad16f7e8649e94fb4fc21fe77e8310c060f61caaff8a,not-applicable,json,False,False,vendor/archive/local backup,redistribution not established,DO_NOT_DISTRIBUTE,not established,local discovery only
parent_tmp,modelzoo-master/modelzoo-master/samples/built-in/classification/ResNet18/ResNet18.json,3155,915f7e932dcf95f5639561bf2b2b3880883b0df0457bafc8212eeb410c3658ff,not-applicable,json,False,False,vendor/archive/local backup,redistribution not established,DO_NOT_DISTRIBUTE,not established,local discovery only
parent_tmp,modelzoo-master/modelzoo-master/samples/built-in/classification/ResNet18/data/file_list_1.json,115,fe59a33a2c846631ef4e767c437e15cb36c067093e2f23b745d8e34112c1da03,not-applicable,json,False,False,vendor/archive/local backup,redistribution not established,DO_NOT_DISTRIBUTE,not established,local discovery only
parent_tmp,modelzoo-master/modelzoo-master/samples/built-in/classification/ResNet18/src/acl.json,2,44136fa355b3678a1146ad16f7e8649e94fb4fc21fe77e8310c060f61caaff8a,not-applicable,json,False,False,vendor/archive/local backup,redistribution not established,DO_NOT_DISTRIBUTE,not established,local discovery only
parent_tmp,modelzoo-master/modelzoo-master/samples/built-in/classification/ResNet50/ResNet50.json,4661,54fdc91c7e7d7cd199a2e359e3c92439e187e356a12b31a0e512b8bb24302d55,not-applicable,json,False,False,vendor/archive/local backup,redistribution not established,DO_NOT_DISTRIBUTE,not established,local discovery only
parent_tmp,modelzoo-master/modelzoo-master/samples/built-in/classification/ResNet50/data/file_list_1.json,115,fe59a33a2c846631ef4e767c437e15cb36c067093e2f23b745d8e34112c1da03,not-applicable,json,False,False,vendor/archive/local backup,redistribution not established,DO_NOT_DISTRIBUTE,not established,local discovery only
parent_tmp,modelzoo-master/modelzoo-master/samples/built-in/classification/ResNet50/src/acl.json,3,8eb95bcbc154530931e15fc418c8b1fe991095671409552099ea1aa596999ede,not-applicable,json,False,False,vendor/archive/local backup,redistribution not established,DO_NOT_DISTRIBUTE,not established,local discovery only
parent_tmp,modelzoo-master/modelzoo-master/samples/built-in/classification/SEResNet50/SEResNet50.json,4174,480fbcf88c33f7968be6e40e0bc7579957cdbe76f1749108a6c1290d77e1b10a,not-applicable,json,False,False,vendor/archive/local backup,redistribution not established,DO_NOT_DISTRIBUTE,not established,local discovery only
parent_tmp,modelzoo-master/modelzoo-master/samples/built-in/classification/SEResNet50/data/file_list_1.json,115,fe59a33a2c846631ef4e767c437e15cb36c067093e2f23b745d8e34112c1da03,not-applicable,json,False,False,vendor/archive/local backup,redistribution not established,DO_NOT_DISTRIBUTE,not established,local discovery only
parent_tmp,modelzoo-master/modelzoo-master/samples/built-in/classification/SEResNet50/src/acl.json,2,44136fa355b3678a1146ad16f7e8649e94fb4fc21fe77e8310c060f61caaff8a,not-applicable,json,False,False,vendor/archive/local backup,redistribution not established,DO_NOT_DISTRIBUTE,not established,local discovery only
parent_tmp,modelzoo-master/modelzoo-master/samples/built-in/classification/ShuffleNetV2/ShuffleNetV2.json,4040,b41e6d6945f9729c227c0a54496101e67612e5c841aab48ea7fd99bcf1bf5318,not-applicable,json,False,False,vendor/archive/local backup,redistribution not established,DO_NOT_DISTRIBUTE,not established,local discovery only
parent_tmp,modelzoo-master/modelzoo-master/samples/built-in/classification/ShuffleNetV2/data/file_list_1.json,115,fe59a33a2c846631ef4e767c437e15cb36c067093e2f23b745d8e34112c1da03,not-applicable,json,False,False,vendor/archive/local backup,redistribution not established,DO_NOT_DISTRIBUTE,not established,local discovery only
parent_tmp,modelzoo-master/modelzoo-master/samples/built-in/classification/ShuffleNetV2/src/acl.json,2,44136fa355b3678a1146ad16f7e8649e94fb4fc21fe77e8310c060f61caaff8a,not-applicable,json,False,False,vendor/archive/local backup,redistribution not established,DO_NOT_DISTRIBUTE,not established,local discovery only
parent_tmp,modelzoo-master/modelzoo-master/samples/built-in/classification/SqueezeNet1_1/SqueezeNet1_1.json,3965,c0ed3160543ce08bc193fc81d84db31e95eaf949b81c0c97fb0f385f32dc3645,not-applicable,json,False,False,vendor/archive/local backup,redistribution not established,DO_NOT_DISTRIBUTE,not established,local discovery only
parent_tmp,modelzoo-master/modelzoo-master/samples/built-in/classification/SqueezeNet1_1/data/file_list_1.json,115,fe59a33a2c846631ef4e767c437e15cb36c067093e2f23b745d8e34112c1da03,not-applicable,json,False,False,vendor/archive/local backup,redistribution not established,DO_NOT_DISTRIBUTE,not established,local discovery only
parent_tmp,modelzoo-master/modelzoo-master/samples/built-in/classification/SqueezeNet1_1/script/execute.sh,2417,51af28965730479958892560611c571102c2bd97cb73d5335a1d5bbae12bf9e6,not-applicable,sh,False,False,vendor/archive/local backup,redistribution not established,DO_NOT_DISTRIBUTE,not established,local discovery only
parent_tmp,modelzoo-master/modelzoo-master/samples/built-in/classification/SqueezeNet1_1/src/acl.json,2,44136fa355b3678a1146ad16f7e8649e94fb4fc21fe77e8310c060f61caaff8a,not-applicable,json,False,False,vendor/archive/local backup,redistribution not established,DO_NOT_DISTRIBUTE,not established,local discovery only
parent_tmp,modelzoo-master/modelzoo-master/samples/built-in/classification/Swin-Transformer/Swin-Transformer.json,4436,c1837ec9839a05b64f685502dff4d305cb9241c0497dba67808498e442689daf,not-applicable,json,False,False,vendor/archive/local backup,redistribution not established,DO_NOT_DISTRIBUTE,not established,local discovery only
parent_tmp,modelzoo-master/modelzoo-master/samples/built-in/classification/Swin-Transformer/data/file_list_1.json,115,fe59a33a2c846631ef4e767c437e15cb36c067093e2f23b745d8e34112c1da03,not-applicable,json,False,False,vendor/archive/local backup,redistribution not established,DO_NOT_DISTRIBUTE,not established,local discovery only
parent_tmp,modelzoo-master/modelzoo-master/samples/built-in/classification/Swin-Transformer/src/acl.json,2,44136fa355b3678a1146ad16f7e8649e94fb4fc21fe77e8310c060f61caaff8a,not-applicable,json,False,False,vendor/archive/local backup,redistribution not established,DO_NOT_DISTRIBUTE,not established,local discovery only
parent_tmp,modelzoo-master/modelzoo-master/samples/built-in/classification/VGG16/VGG16.json,4895,76913cef57a7d9fa9d4ad9b838fb19203000d668ba8de0f837dca98f29f2cd3b,not-applicable,json,False,False,vendor/archive/local backup,redistribution not established,DO_NOT_DISTRIBUTE,not established,local discovery only
parent_tmp,modelzoo-master/modelzoo-master/samples/built-in/classification/VGG16/data/file_list.json,5050026,62facb41fa34bb95983be8a8382c0e0376d5dd130cc488d0f7551ed4405c4349,not-applicable,json,False,False,vendor/archive/local backup,redistribution not established,DO_NOT_DISTRIBUTE,not established,local discovery only
parent_tmp,modelzoo-master/modelzoo-master/samples/built-in/classification/VGG16/data/file_list_1.json,115,fe59a33a2c846631ef4e767c437e15cb36c067093e2f23b745d8e34112c1da03,not-applicable,json,False,False,vendor/archive/local backup,redistribution not established,DO_NOT_DISTRIBUTE,not established,local discovery only
parent_tmp,modelzoo-master/modelzoo-master/samples/built-in/classification/Vit-B-16/Vit-B-16.json,4166,eba39f909534ea9e4649ffa788b98044fac2274f764a9c413cfe7d270b40d005,not-applicable,json,False,False,vendor/archive/local backup,redistribution not established,DO_NOT_DISTRIBUTE,not established,local discovery only
parent_tmp,modelzoo-master/modelzoo-master/samples/built-in/classification/Vit-B-16/data/file_list_1.json,142,7aa9de9b943d9db5fb88e27ca8e24ef2b1a3cd4cd877a91152ce0ba6c7ec43cb,not-applicable,json,False,False,vendor/archive/local backup,redistribution not established,DO_NOT_DISTRIBUTE,not established,local discovery only
parent_tmp,modelzoo-master/modelzoo-master/samples/built-in/classification/Vit-B-16/src/acl.json,2,44136fa355b3678a1146ad16f7e8649e94fb4fc21fe77e8310c060f61caaff8a,not-applicable,json,False,False,vendor/archive/local backup,redistribution not established,DO_NOT_DISTRIBUTE,not established,local discovery only
parent_tmp,modelzoo-master/modelzoo-master/samples/built-in/count/CrowdCount/crowdcount.json,4401,18be1f02ad80c393a3f0a6053941409b22fd9ac61ea38236c4b006fa9320fad6,not-applicable,json,False,False,vendor/archive/local backup,redistribution not established,DO_NOT_DISTRIBUTE,not established,local discovery only
parent_tmp,modelzoo-master/modelzoo-master/samples/built-in/count/CrowdCount/data/file_list.json,35567,a3b6073eccfd58cf0b70788f6a5bc477ff2fa9411f692ccb89cc7032b50e6368,not-applicable,json,False,False,vendor/archive/local backup,redistribution not established,DO_NOT_DISTRIBUTE,not established,local discovery only
parent_tmp,modelzoo-master/modelzoo-master/samples/built-in/count/CrowdCount/data/file_list_1.json,116,feb5c84930033869d4273ae97a8be5b154421b25ae1eada194324703ae15c241,not-applicable,json,False,False,vendor/archive/local backup,redistribution not established,DO_NOT_DISTRIBUTE,not established,local discovery only
parent_tmp,modelzoo-master/modelzoo-master/samples/built-in/count/CrowdCount/src/acl.json,6,6bc81006803e98f6b0194219cd1695c033007f7a23f74be55daf7e63b25ffb8f,not-applicable,json,False,False,vendor/archive/local backup,redistribution not established,DO_NOT_DISTRIBUTE,not established,local discovery only
parent_tmp,modelzoo-master/modelzoo-master/samples/built-in/depth/Depth-Anything-v2/Depth-Anything-v2.json,3932,958eaf1cc09097e3a18ff24b977549195951b3982088d0a06b733d48c706f9ab,not-applicable,json,False,False,vendor/archive/local backup,redistribution not established,DO_NOT_DISTRIBUTE,not established,local discovery only
parent_tmp,modelzoo-master/modelzoo-master/samples/built-in/depth/Depth-Anything-v2/data/file_list_1.json,115,6fd0db496b76768cf353af058d0c6f8195fe9ba3577fcbeb99e69cd09d27382a,not-applicable,json,False,False,vendor/archive/local backup,redistribution not established,DO_NOT_DISTRIBUTE,not established,local discovery only
parent_tmp,modelzoo-master/modelzoo-master/samples/built-in/depth/Depth-Anything-v2/src/acl.json,2,44136fa355b3678a1146ad16f7e8649e94fb4fc21fe77e8310c060f61caaff8a,not-applicable,json,False,False,vendor/archive/local backup,redistribution not established,DO_NOT_DISTRIBUTE,not established,local discovery only
parent_tmp,modelzoo-master/modelzoo-master/samples/built-in/depth/LRStereo-B/LRStereo-B.json,3111,c96f025115870705e14d1065dd973d96003b4b01611150d567303345bbd50c84,not-applicable,json,False,False,vendor/archive/local backup,redistribution not established,DO_NOT_DISTRIBUTE,not established,local discovery only
parent_tmp,modelzoo-master/modelzoo-master/samples/built-in/depth/LRStereo-B/data/file_list.json,60826,a4298ca27a955bf716da825dfc79fca775ca1f60a7a269d2b1dda9bd274502f5,not-applicable,json,False,False,vendor/archive/local backup,redistribution not established,DO_NOT_DISTRIBUTE,not established,local discovery only
parent_tmp,modelzoo-master/modelzoo-master/samples/built-in/depth/LRStereo-B/data/file_list_1.json,168,5faf7660bcabe9ba8731b5cd5a6d496e5779d91a54bf83ade0f6040af4b1f4d1,not-applicable,json,False,False,vendor/archive/local backup,redistribution not established,DO_NOT_DISTRIBUTE,not established,local discovery only
parent_tmp,modelzoo-master/modelzoo-master/samples/built-in/depth/LRStereo-B/src/acl.json,2,44136fa355b3678a1146ad16f7e8649e94fb4fc21fe77e8310c060f61caaff8a,not-applicable,json,False,False,vendor/archive/local backup,redistribution not established,DO_NOT_DISTRIBUTE,not established,local discovery only
parent_tmp,modelzoo-master/modelzoo-master/samples/built-in/detection/PFLD/PFLD.json,4142,495ff64fca234eac5f0791d7c4ae81df4e1c7204e95353a23e7ac69368becc52,not-applicable,json,False,False,vendor/archive/local backup,redistribution not established,DO_NOT_DISTRIBUTE,not established,local discovery only
parent_tmp,modelzoo-master/modelzoo-master/samples/built-in/detection/PFLD/data/file_list.json,335,61a186c8e09caed54e3e3970b7a09cdff200a28ff89f313369fc376f86c92106,not-applicable,json,False,False,vendor/archive/local backup,redistribution not established,DO_NOT_DISTRIBUTE,not established,local discovery only
parent_tmp,modelzoo-master/modelzoo-master/samples/built-in/detection/PFLD/data/file_list_1.json,116,5f3d85f396c0194da467aded99c32718f392a5c7bf60b43063e6e7369560a24c,not-applicable,json,False,False,vendor/archive/local backup,redistribution not established,DO_NOT_DISTRIBUTE,not established,local discovery only
parent_tmp,modelzoo-master/modelzoo-master/samples/built-in/detection/PFLD/src/acl.json,2,44136fa355b3678a1146ad16f7e8649e94fb4fc21fe77e8310c060f61caaff8a,not-applicable,json,False,False,vendor/archive/local backup,redistribution not established,DO_NOT_DISTRIBUTE,not established,local discovery only
parent_tmp,modelzoo-master/modelzoo-master/samples/built-in/detection/yolov4/data/file_list.json,212,dfea680bf518ab824b3ba432dd7e002063631960a98616f1c4c040c0432cdc5f,not-applicable,json,False,False,vendor/archive/local backup,redistribution not established,DO_NOT_DISTRIBUTE,not established,local discovery only
parent_tmp,modelzoo-master/modelzoo-master/samples/built-in/detection/yolov4/data/file_list_1.json,115,d4fdab257174dc28d52fd4a3efad0d56676842fea1729c3ccb3790bf768d8f27,not-applicable,json,False,False,vendor/archive/local backup,redistribution not established,DO_NOT_DISTRIBUTE,not established,local discovery only
parent_tmp,modelzoo-master/modelzoo-master/samples/built-in/detection/yolov4/src/acl.json,6,6bc81006803e98f6b0194219cd1695c033007f7a23f74be55daf7e63b25ffb8f,not-applicable,json,False,False,vendor/archive/local backup,redistribution not established,DO_NOT_DISTRIBUTE,not established,local discovery only
parent_tmp,modelzoo-master/modelzoo-master/samples/built-in/detection/yolov4/yolov4.json,4287,80d8f88952c1aea111c137713c61e317a4fb0b0ae3144037042d6c06c776a8e0,not-applicable,json,False,False,vendor/archive/local backup,redistribution not established,DO_NOT_DISTRIBUTE,not established,local discovery only
parent_tmp,modelzoo-master/modelzoo-master/samples/built-in/embodied_intelligence/GraspNet/GraspNet.json,2629,f82b4e710c58d1ba31f754bbf5c7422521191967e8c1ff3e441d271580a19956,not-applicable,json,False,False,vendor/archive/local backup,redistribution not established,DO_NOT_DISTRIBUTE,not established,local discovery only
parent_tmp,modelzoo-master/modelzoo-master/samples/built-in/embodied_intelligence/GraspNet/data/file_list_1.json,205,fab482fcde0e6095f182fd8caa7bb220fe5975246f83e7c96b397765f4eceef8,not-applicable,json,False,False,vendor/archive/local backup,redistribution not established,DO_NOT_DISTRIBUTE,not established,local discovery only
parent_tmp,modelzoo-master/modelzoo-master/samples/built-in/embodied_intelligence/GraspNet/src/acl.json,2,44136fa355b3678a1146ad16f7e8649e94fb4fc21fe77e8310c060f61caaff8a,not-applicable,json,False,False,vendor/archive/local backup,redistribution not established,DO_NOT_DISTRIBUTE,not established,local discovery only
parent_tmp,modelzoo-master/modelzoo-master/samples/built-in/embodied_intelligence/Pi0/Pi0.json,2759,87d919646091a5c6e4689828992c5cac8593b26f07907e6c0d3306d0b2723d00,not-applicable,json,False,False,vendor/archive/local backup,redistribution not established,DO_NOT_DISTRIBUTE,not established,local discovery only
parent_tmp,modelzoo-master/modelzoo-master/samples/built-in/embodied_intelligence/Pi0/data/action_stats.json,883,a77026d84ebaebf666632219eb21c298fb834ca76b6410d0f3aa1be869ddfb82,not-applicable,json,False,False,vendor/archive/local backup,redistribution not established,DO_NOT_DISTRIBUTE,not established,local discovery only
parent_tmp,modelzoo-master/modelzoo-master/samples/built-in/embodied_intelligence/Pi0/data/file_list.json,101045,a3f47b2d4fc16a73d6fa1e3b9d35d97d17d6068cd60f768bac35b304bbd4df35,not-applicable,json,False,False,vendor/archive/local backup,redistribution not established,DO_NOT_DISTRIBUTE,not established,local discovery only
parent_tmp,modelzoo-master/modelzoo-master/samples/built-in/embodied_intelligence/Pi0/data/file_list_1.json,247,d0499c2581ae63771758f3b03dfccc6a5a15d1a961f14d154a7acb0eb44a859a,not-applicable,json,False,False,vendor/archive/local backup,redistribution not established,DO_NOT_DISTRIBUTE,not established,local discovery only
parent_tmp,modelzoo-master/modelzoo-master/samples/built-in/embodied_intelligence/Pi0/src/acl.json,2,44136fa355b3678a1146ad16f7e8649e94fb4fc21fe77e8310c060f61caaff8a,not-applicable,json,False,False,vendor/archive/local backup,redistribution not established,DO_NOT_DISTRIBUTE,not established,local discovery only
parent_tmp,modelzoo-master/modelzoo-master/samples/built-in/ocr/CRNN/CRNN.json,4319,bdf30bc7b3f8ac35f0b16857d390f7d332c5c7b0feb4e8c2352c67b45a8d68bc,not-applicable,json,False,False,vendor/archive/local backup,redistribution not established,DO_NOT_DISTRIBUTE,not established,local discovery only
parent_tmp,modelzoo-master/modelzoo-master/samples/built-in/ocr/CRNN/data/file_list.json,787479,795dee726fd38bd36e62ea697604113f872cea1f2ad36647a669ab391390bb41,not-applicable,json,False,False,vendor/archive/local backup,redistribution not established,DO_NOT_DISTRIBUTE,not established,local discovery only
parent_tmp,modelzoo-master/modelzoo-master/samples/built-in/ocr/CRNN/data/file_list_1.json,116,0bc93b086a56d85218ad1a87d2635b475c2fb8896173b8a9b34d73e0ba2d0c7e,not-applicable,json,False,False,vendor/archive/local backup,redistribution not established,DO_NOT_DISTRIBUTE,not established,local discovery only
parent_tmp,modelzoo-master/modelzoo-master/samples/built-in/ocr/CRNN/get_calibration_file.sh,450,a21b303b0d46d7e3f860e91cb020d4ba1082db59074aff02b621ca3aa8ca84a5,not-applicable,sh,False,False,vendor/archive/local backup,redistribution not established,DO_NOT_DISTRIBUTE,not established,local discovery only
parent_tmp,modelzoo-master/modelzoo-master/samples/built-in/ocr/CRNN/src/acl.json,2,44136fa355b3678a1146ad16f7e8649e94fb4fc21fe77e8310c060f61caaff8a,not-applicable,json,False,False,vendor/archive/local backup,redistribution not established,DO_NOT_DISTRIBUTE,not established,local discovery only
parent_tmp,modelzoo-master/modelzoo-master/samples/built-in/ocr/PaddleOCRv4-det/PaddleOCRv4-det.json,4007,6fb704ea6efc659f2b31b68ac69cdf8c4faa49f5047a77cc16dbd0b235544325,not-applicable,json,False,False,vendor/archive/local backup,redistribution not established,DO_NOT_DISTRIBUTE,not established,local discovery only
parent_tmp,modelzoo-master/modelzoo-master/samples/built-in/ocr/PaddleOCRv4-det/data/file_list_1.json,116,7bc86162affea2471951aa9887b1d48afb28c1f6159e6eb7ece953275e853266,not-applicable,json,False,False,vendor/archive/local backup,redistribution not established,DO_NOT_DISTRIBUTE,not established,local discovery only
parent_tmp,modelzoo-master/modelzoo-master/samples/built-in/ocr/PaddleOCRv4-det/src/acl.json,3,ca3d163bab055381827226140568f3bef7eaac187cebd76878e0b63e9e442356,not-applicable,json,False,False,vendor/archive/local backup,redistribution not established,DO_NOT_DISTRIBUTE,not established,local discovery only
parent_tmp,modelzoo-master/modelzoo-master/samples/built-in/ocr/PaddleOCRv4-rec/PaddleOCRv4-rec.json,3494,f2962f287fdda8a42c615d07befcaa61df85824b5371fd250281507534706729,not-applicable,json,False,False,vendor/archive/local backup,redistribution not established,DO_NOT_DISTRIBUTE,not established,local discovery only
parent_tmp,modelzoo-master/modelzoo-master/samples/built-in/ocr/PaddleOCRv4-rec/data/file_list_1.json,115,1267fc74d305b3b776dd540d1c9146422bbb7a41995ab6412664c1ba822c1e6b,not-applicable,json,False,False,vendor/archive/local backup,redistribution not established,DO_NOT_DISTRIBUTE,not established,local discovery only
parent_tmp,modelzoo-master/modelzoo-master/samples/built-in/ocr/PaddleOCRv4-rec/src/acl.json,2,44136fa355b3678a1146ad16f7e8649e94fb4fc21fe77e8310c060f61caaff8a,not-applicable,json,False,False,vendor/archive/local backup,redistribution not established,DO_NOT_DISTRIBUTE,not established,local discovery only
parent_tmp,modelzoo-master/modelzoo-master/samples/built-in/point/SuperPoint/SuperPoint.json,4234,2449d8a293f40e3511e31d3df7da2119244f5d1d56c809b0eae2e2256a8ad781,not-applicable,json,False,False,vendor/archive/local backup,redistribution not established,DO_NOT_DISTRIBUTE,not established,local discovery only
parent_tmp,modelzoo-master/modelzoo-master/samples/built-in/point/SuperPoint/data/file_list.json,49946,7b71e8f71301858a49e299d221c1e2475d5aaf5b1e9efa7e1767cb7921951089,not-applicable,json,False,False,vendor/archive/local backup,redistribution not established,DO_NOT_DISTRIBUTE,not established,local discovery only
parent_tmp,modelzoo-master/modelzoo-master/samples/built-in/point/SuperPoint/data/file_list_1.json,115,fe59a33a2c846631ef4e767c437e15cb36c067093e2f23b745d8e34112c1da03,not-applicable,json,False,False,vendor/archive/local backup,redistribution not established,DO_NOT_DISTRIBUTE,not established,local discovery only
parent_tmp,modelzoo-master/modelzoo-master/samples/built-in/point/SuperPoint/src/acl.json,2,44136fa355b3678a1146ad16f7e8649e94fb4fc21fe77e8310c060f61caaff8a,not-applicable,json,False,False,vendor/archive/local backup,redistribution not established,DO_NOT_DISTRIBUTE,not established,local discovery only
parent_tmp,modelzoo-master/modelzoo-master/samples/built-in/pose/HRNet/HRNet.json,4687,97261793be46d3ae0ad14dee4322003da1de5d47c8e54cf838eb21b4a810850c,not-applicable,json,False,False,vendor/archive/local backup,redistribution not established,DO_NOT_DISTRIBUTE,not established,local discovery only
parent_tmp,modelzoo-master/modelzoo-master/samples/built-in/pose/HRNet/data/file_list_1.json,118,52140d92b834c2a97ace393983326c80e7e2e5e78d2770a975d41e9e0fb7d4ee,not-applicable,json,False,False,vendor/archive/local backup,redistribution not established,DO_NOT_DISTRIBUTE,not established,local discovery only
parent_tmp,modelzoo-master/modelzoo-master/samples/built-in/recognition/FaceNet/data/file_list.json,220,b3d6769dd0c4d532fa0ce16902b99609eb5c77a4726b78ab830cc37426e8b7b7,not-applicable,json,False,False,vendor/archive/local backup,redistribution not established,DO_NOT_DISTRIBUTE,not established,local discovery only
parent_tmp,modelzoo-master/modelzoo-master/samples/built-in/recognition/FaceNet/data/file_list_1.json,116,553e556dec33aaa787dc9b6395f323908fb8ceb9de7c8ebd52984463ac8a1364,not-applicable,json,False,False,vendor/archive/local backup,redistribution not established,DO_NOT_DISTRIBUTE,not established,local discovery only
parent_tmp,modelzoo-master/modelzoo-master/samples/built-in/recognition/FaceNet/facenet.json,4531,51cc85f5116cbfcf68c6d829e222a96821185bba0fb6077043d28b41a6b58b35,not-applicable,json,False,False,vendor/archive/local backup,redistribution not established,DO_NOT_DISTRIBUTE,not established,local discovery only
parent_tmp,modelzoo-master/modelzoo-master/samples/built-in/recognition/FaceNet/src/acl.json,2,44136fa355b3678a1146ad16f7e8649e94fb4fc21fe77e8310c060f61caaff8a,not-applicable,json,False,False,vendor/archive/local backup,redistribution not established,DO_NOT_DISTRIBUTE,not established,local discovery only
parent_tmp,modelzoo-master/modelzoo-master/samples/built-in/recognition/SiameseNetwork/SiameseNetwork.json,3875,bc4f3ab218431c0465f44ae9ecd9fcd8c4419feffa4239e5a6d250ad40db59e1,not-applicable,json,False,False,vendor/archive/local backup,redistribution not established,DO_NOT_DISTRIBUTE,not established,local discovery only
parent_tmp,modelzoo-master/modelzoo-master/samples/built-in/recognition/SiameseNetwork/data/file_list_1.json,171,b301354bedc8134fef15e436faced74c39cd45ea3814744e93598e167d02a6f3,not-applicable,json,False,False,vendor/archive/local backup,redistribution not established,DO_NOT_DISTRIBUTE,not established,local discovery only
parent_tmp,modelzoo-master/modelzoo-master/samples/built-in/recognition/SiameseNetwork/src/acl.json,2,44136fa355b3678a1146ad16f7e8649e94fb4fc21fe77e8310c060f61caaff8a,not-applicable,json,False,False,vendor/archive/local backup,redistribution not established,DO_NOT_DISTRIBUTE,not established,local discovery only
parent_tmp,modelzoo-master/modelzoo-master/samples/built-in/segmentation/TinySam/TinySam.json,3244,e4d04631c28401e832a675a31f1550752da92e7a32a019a2d03e03edd708204e,not-applicable,json,False,False,vendor/archive/local backup,redistribution not established,DO_NOT_DISTRIBUTE,not established,local discovery only
parent_tmp,modelzoo-master/modelzoo-master/samples/built-in/segmentation/TinySam/data/file_list_1.json,553,c7877d80a06603e5a2a2be521e79f4496ee68c5a0cfc38ee32b6de39be67b0d7,not-applicable,json,False,False,vendor/archive/local backup,redistribution not established,DO_NOT_DISTRIBUTE,not established,local discovery only
parent_tmp,modelzoo-master/modelzoo-master/samples/built-in/segmentation/TinySam/script/generate_om.sh,2476,13f6fd9c950d3a532ae22072a3b24d03f987f968b660f4d9dbfa4d110c438b1f,not-applicable,sh,False,False,vendor/archive/local backup,redistribution not established,DO_NOT_DISTRIBUTE,not established,local discovery only
parent_tmp,modelzoo-master/modelzoo-master/samples/built-in/segmentation/TinySam/script/qconfigs/ifmr_quantize_cube_only.yml,2417,faad4b3fd3b487b22e1abde20f57f25fcc79e5f07852b06dcce93462b159c973,not-applicable,yml,False,False,vendor/archive/local backup,redistribution not established,DO_NOT_DISTRIBUTE,not established,local discovery only
parent_tmp,modelzoo-master/modelzoo-master/samples/built-in/segmentation/TinySam/script/qconfigs/ifmr_quantize_high_precision.yml,2875,7cd391b5fb72f4e580b3d19bed38cfa16ccfed3f86a37b7233ff02cbedf3a3a4,not-applicable,yml,False,False,vendor/archive/local backup,redistribution not established,DO_NOT_DISTRIBUTE,not established,local discovery only
parent_tmp,modelzoo-master/modelzoo-master/samples/built-in/segmentation/TinySam/script/qconfigs/ifmr_quantize_image_encoder.yml,3195,81c730e3968eacbea648216ebac6a767923966cab423b8b313f1e11ffaae9a57,not-applicable,yml,False,False,vendor/archive/local backup,redistribution not established,DO_NOT_DISTRIBUTE,not established,local discovery only
parent_tmp,modelzoo-master/modelzoo-master/samples/built-in/segmentation/TinySam/script/qconfigs/ifmr_quantize_mask_decoder.yml,3396,8a6641136991a7b1addeb6899dbcd032b90ea4da39e31e1a619e7ec129b90025,not-applicable,yml,False,False,vendor/archive/local backup,redistribution not established,DO_NOT_DISTRIBUTE,not established,local discovery only
parent_tmp,modelzoo-master/modelzoo-master/samples/built-in/segmentation/TinySam/script/qconfigs/ifmr_quantize_prompt_encoder.yml,1456,393cdbba63ee3f5b53b36ce1d1bd2f187e80e7dd39b2e1e92a1abe2261edf96c,not-applicable,yml,False,False,vendor/archive/local backup,redistribution not established,DO_NOT_DISTRIBUTE,not established,local discovery only
parent_tmp,modelzoo-master/modelzoo-master/samples/built-in/segmentation/TinySam/script/qconfigs/ifmr_quantize_prompt_encoder_point_input.yml,1139,10ff02200228b19c6f4630b0ce5f2a06085dfc7ded37326a656e19537aac4c04,not-applicable,yml,False,False,vendor/archive/local backup,redistribution not established,DO_NOT_DISTRIBUTE,not established,local discovery only
parent_tmp,modelzoo-master/modelzoo-master/samples/built-in/super_resolution/CodeFormer/codeformer.json,4425,44e73c2604e40e0b2112b2d8324a5f4684650fabe8cab1d111da03153e59d8b9,not-applicable,json,False,False,vendor/archive/local backup,redistribution not established,DO_NOT_DISTRIBUTE,not established,local discovery only
parent_tmp,modelzoo-master/modelzoo-master/samples/built-in/super_resolution/CodeFormer/data/file_list.json,29726,2fe9f03d22a7a304ee174b53824fe5599bd848c09c92b87012976a8593645305,not-applicable,json,False,False,vendor/archive/local backup,redistribution not established,DO_NOT_DISTRIBUTE,not established,local discovery only
parent_tmp,modelzoo-master/modelzoo-master/samples/built-in/super_resolution/CodeFormer/data/file_list_1.json,115,e62733bbaf298204e30cb21a43ecc8a976b8c148a8ab8a8df6869ba978c73bb4,not-applicable,json,False,False,vendor/archive/local backup,redistribution not established,DO_NOT_DISTRIBUTE,not established,local discovery only
parent_tmp,modelzoo-master/modelzoo-master/samples/built-in/super_resolution/CodeFormer/src/acl.json,2,44136fa355b3678a1146ad16f7e8649e94fb4fc21fe77e8310c060f61caaff8a,not-applicable,json,False,False,vendor/archive/local backup,redistribution not established,DO_NOT_DISTRIBUTE,not established,local discovery only
parent_tmp,modelzoo-master/modelzoo-master/samples/built-in/super_resolution/VDSR/data/file_list.json,1049,7efe8fa346fff1a1da37cacf4800af586ddc4d67fa827ddeff5e46901f279f65,not-applicable,json,False,False,vendor/archive/local backup,redistribution not established,DO_NOT_DISTRIBUTE,not established,local discovery only
parent_tmp,modelzoo-master/modelzoo-master/samples/built-in/super_resolution/VDSR/data/file_list_1.json,108,6191b63b3d30232fc7ccd18282e990e33cb1b87a0ff6592296fccc832c1b3c9e,not-applicable,json,False,False,vendor/archive/local backup,redistribution not established,DO_NOT_DISTRIBUTE,not established,local discovery only
parent_tmp,modelzoo-master/modelzoo-master/samples/built-in/super_resolution/VDSR/src/acl.json,2,44136fa355b3678a1146ad16f7e8649e94fb4fc21fe77e8310c060f61caaff8a,not-applicable,json,False,False,vendor/archive/local backup,redistribution not established,DO_NOT_DISTRIBUTE,not established,local discovery only
parent_tmp,modelzoo-master/modelzoo-master/samples/built-in/super_resolution/VDSR/vdsr.json,4275,1140b7affb730bbced759ef760013ded895740b188851ccb5e9622b2365ac4a5,not-applicable,json,False,False,vendor/archive/local backup,redistribution not established,DO_NOT_DISTRIBUTE,not established,local discovery only
parent_tmp,modelzoo-master/modelzoo-master/samples/built-in/tracking/deepsort/data/deepsort.json,207,cf27058cb87d6efac952600858dbd4d1e26666c2b831263e631ecf11838cbd8a,not-applicable,json,False,False,vendor/archive/local backup,redistribution not established,DO_NOT_DISTRIBUTE,not established,local discovery only
parent_tmp,modelzoo-master/modelzoo-master/samples/built-in/tracking/deepsort/deepsort.json,3758,fe0e07a2ef7f97a0319b9f60282d5c47cd4c41eee76e2af8679955c860231cc8,not-applicable,json,False,False,vendor/archive/local backup,redistribution not established,DO_NOT_DISTRIBUTE,not established,local discovery only
parent_tmp,modelzoo-master/modelzoo-master/samples/built-in/vlm/MiniCPM/MiniCPM.json,3577,df1c8a721a40ae0537779cd457b346bb7ea6eeff3f99b218752513fb8b945eca,not-applicable,json,False,False,vendor/archive/local backup,redistribution not established,DO_NOT_DISTRIBUTE,not established,local discovery only
parent_tmp,modelzoo-master/modelzoo-master/samples/built-in/vlm/MiniCPM/data/file_list.json,141,0f409042f389a544343df803ac78f4924f09f58d69420728ec4f1d47b42d8f46,not-applicable,json,False,False,vendor/archive/local backup,redistribution not established,DO_NOT_DISTRIBUTE,not established,local discovery only
parent_tmp,modelzoo-master/modelzoo-master/samples/built-in/vlm/MiniCPM/data/file_list_1.json,156,51f638a370f267d32be832df54854925a639d1793f229a427f5d920c6159d0b7,not-applicable,json,False,False,vendor/archive/local backup,redistribution not established,DO_NOT_DISTRIBUTE,not established,local discovery only
parent_tmp,modelzoo-master/modelzoo-master/samples/built-in/vlm/MiniCPM/src/acl.json,2,44136fa355b3678a1146ad16f7e8649e94fb4fc21fe77e8310c060f61caaff8a,not-applicable,json,False,False,vendor/archive/local backup,redistribution not established,DO_NOT_DISTRIBUTE,not established,local discovery only
parent_tmp,modelzoo-master/modelzoo-master/samples/common/lib/aarch64_linux/nnn/libinfer_common.so,1170192,da79ae06239677bc1ef0ce3ccaf82645487fccdd1a63d00b5e33e2afa49d7ef2,AArch64,ELF64,False,False,vendor/archive/local backup,redistribution not established,DO_NOT_DISTRIBUTE,not established,local discovery only
parent_tmp,modelzoo-master/modelzoo-master/samples/common/lib/aarch64_linux/svp_nnn/libinfer_common.so,1229688,1fdab37f9ecb2b0385ce873d1e421e88b1fe2e2188b7feecdd7d71b6a2d854ec,AArch64,ELF64,False,False,vendor/archive/local backup,redistribution not established,DO_NOT_DISTRIBUTE,SS928 family; exact image match requires validation,local discovery only
parent_tmp,modelzoo-master/modelzoo-master/samples/common/lib/aarch64_ohos/svp_nnn/libinfer_common.so,1140824,1e045e5a57ab798a0fde7891a6cf74b568198478d37ba128f5a7a2daed3dd0b6,AArch64,ELF64,False,False,vendor/archive/local backup,redistribution not established,DO_NOT_DISTRIBUTE,SS928 family; exact image match requires validation,local discovery only
parent_tmp,modelzoo-master/modelzoo-master/samples/contribute/ACT/NNN/src/acl.json,3,8eb95bcbc154530931e15fc418c8b1fe991095671409552099ea1aa596999ede,not-applicable,json,False,False,vendor/archive/local backup,redistribution not established,DO_NOT_DISTRIBUTE,not established,local discovery only
parent_tmp,modelzoo-master/modelzoo-master/samples/contribute/ACT/SVP_NNN/data/observation.images.top_240_320.bin,921600,5532c435b6d9f023984f1bec4a4bf5185283b93fdb050365b949d69f659a379b,not-applicable,bin,False,False,vendor/archive/local backup,redistribution not established,DO_NOT_DISTRIBUTE,SS928 family; exact image match requires validation,local discovery only
parent_tmp,modelzoo-master/modelzoo-master/samples/contribute/ACT/SVP_NNN/data/observation.images.wrist_240_320.bin,921600,823c53c497bb5c8f476b4ce0c9d1cda9409030d369027af5acbad77c3b3233a6,not-applicable,bin,False,False,vendor/archive/local backup,redistribution not established,DO_NOT_DISTRIBUTE,SS928 family; exact image match requires validation,local discovery only
parent_tmp,modelzoo-master/modelzoo-master/samples/contribute/ACT/SVP_NNN/data/observation.state_240_320.bin,24,492cff1f07d871fc9b6f31d5e0136a09c4d332bfb84fa07d618551172e2fb536,not-applicable,bin,False,False,vendor/archive/local backup,redistribution not established,DO_NOT_DISTRIBUTE,SS928 family; exact image match requires validation,local discovery only
parent_tmp,modelzoo-master/modelzoo-master/samples/contribute/ACT/SVP_NNN/src/acl.json,3,8eb95bcbc154530931e15fc418c8b1fe991095671409552099ea1aa596999ede,not-applicable,json,False,False,vendor/archive/local backup,redistribution not established,DO_NOT_DISTRIBUTE,SS928 family; exact image match requires validation,local discovery only
parent_tmp,modelzoo-master/modelzoo-master/samples/contribute/build_config.json,5,2ba33ca0557f1bb5b7ba88d67f9d0093c7185a36ec51fe2b7bd9372d3e001d6d,not-applicable,json,False,False,vendor/archive/local backup,redistribution not established,DO_NOT_DISTRIBUTE,not established,local discovery only
parent_tmp,modelzoo-master/modelzoo-master/samples/opensource/opencv/lib/libade.a,597000,8e3e23a4be09856d5309ad5926cdec81224f54083a47cf2f7e3b1d48e2c718c8,not-applicable,a,False,False,vendor/archive/local backup,redistribution not established,DO_NOT_DISTRIBUTE,not established,local discovery only
parent_tmp,modelzoo-master/modelzoo-master/samples/opensource/opencv/lib/libittnotify.a,216610,0896e87fe46240073f1e3b5a7dc95d6bc8f0237c402c9d0e8a34cde22502c04d,not-applicable,a,False,False,vendor/archive/local backup,redistribution not established,DO_NOT_DISTRIBUTE,not established,local discovery only
parent_tmp,modelzoo-master/modelzoo-master/samples/opensource/opencv/lib/liblibjpeg-turbo.a,975032,7d8f4898b31e4383da68bd6c921c9ed93f6acb4f7fcc51f6ef776602eb503137,not-applicable,a,False,False,vendor/archive/local backup,redistribution not established,DO_NOT_DISTRIBUTE,not established,local discovery only
parent_tmp,modelzoo-master/modelzoo-master/samples/opensource/opencv/lib/liblibopenjp2.a,660056,1e9ebc2283e5dd41e836c9ab0214f8802ef1f5adbe547264d74f8c063c1af201,not-applicable,a,False,False,vendor/archive/local backup,redistribution not established,DO_NOT_DISTRIBUTE,not established,local discovery only
parent_tmp,modelzoo-master/modelzoo-master/samples/opensource/opencv/lib/libopencv_world.a,34733502,f6a03a6fffd1fdd6d176f24deaf5772493d89250ed714faedad7517f267e4b06,not-applicable,a,False,False,vendor/archive/local backup,redistribution not established,DO_NOT_DISTRIBUTE,not established,local discovery only
parent_tmp,modelzoo-master/modelzoo-master/samples/opensource/opencv/lib/libzlib.a,198964,1ed869d0f6d809eb0b2e3a6b670f337c7dc7e5eb720d6d0c10080da4878dda6c,not-applicable,a,False,False,vendor/archive/local backup,redistribution not established,DO_NOT_DISTRIBUTE,not established,local discovery only
parent_tmp,modelzoo-master/modelzoo-master/samples/opensource/opensource_softwares.json,321,7b27fcd1980ca3a4dc8ed11a29abeca527570927fa4e4039f93b4ca23a934cc1,not-applicable,json,False,False,vendor/archive/local backup,redistribution not established,DO_NOT_DISTRIBUTE,not established,local discovery only
parent_tmp,modelzoo-master/modelzoo-master/samples/samples_GPL/build_config.json,5916,28b0b77c3cd3d41da052858d5c6cd9a9b8f96d2cd25ab55e7534e9feba790da0,not-applicable,json,False,False,vendor/archive/local backup,redistribution not established,DO_NOT_DISTRIBUTE,not established,local discovery only
parent_tmp,modelzoo-master/modelzoo-master/samples/samples_GPL/built-in/UNet/UNet.json,3684,f5a6095ddd11e8044d28005623f8adcc1721d28473329f1d6129f812ef6bec37,not-applicable,json,False,False,vendor/archive/local backup,redistribution not established,DO_NOT_DISTRIBUTE,not established,local discovery only
parent_tmp,modelzoo-master/modelzoo-master/samples/samples_GPL/built-in/UNet/data/file_list_1.json,114,1a432ce6ad133f2488f8fe2581cbf6a989525e0748529a9d06bd54c4d67c12fd,not-applicable,json,False,False,vendor/archive/local backup,redistribution not established,DO_NOT_DISTRIBUTE,not established,local discovery only
parent_tmp,modelzoo-master/modelzoo-master/samples/samples_GPL/built-in/UNet/src/acl.json,2,44136fa355b3678a1146ad16f7e8649e94fb4fc21fe77e8310c060f61caaff8a,not-applicable,json,False,False,vendor/archive/local backup,redistribution not established,DO_NOT_DISTRIBUTE,not established,local discovery only
parent_tmp,modelzoo-master/modelzoo-master/samples/samples_GPL/built-in/yolo11s-pose/data/file_list.json,212,dfea680bf518ab824b3ba432dd7e002063631960a98616f1c4c040c0432cdc5f,not-applicable,json,False,False,vendor/archive/local backup,redistribution not established,DO_NOT_DISTRIBUTE,not established,local discovery only
parent_tmp,modelzoo-master/modelzoo-master/samples/samples_GPL/built-in/yolo11s-pose/data/file_list_1.json,115,d4fdab257174dc28d52fd4a3efad0d56676842fea1729c3ccb3790bf768d8f27,not-applicable,json,False,False,vendor/archive/local backup,redistribution not established,DO_NOT_DISTRIBUTE,not established,local discovery only
parent_tmp,modelzoo-master/modelzoo-master/samples/samples_GPL/built-in/yolo11s-pose/src/acl.json,5,432d0b1f970e9b0df6f09a69f9aae706250f820c95f0be21a934c7c3e4c2f1c6,not-applicable,json,False,False,vendor/archive/local backup,redistribution not established,DO_NOT_DISTRIBUTE,not established,local discovery only
parent_tmp,modelzoo-master/modelzoo-master/samples/samples_GPL/built-in/yolo11s-pose/yolo11s-pose.json,4502,9b7a0b92d4cb70a6fa9025056286d737f0142bbce909df32788c62e729affdc1,not-applicable,json,False,False,vendor/archive/local backup,redistribution not established,DO_NOT_DISTRIBUTE,not established,local discovery only
parent_tmp,modelzoo-master/modelzoo-master/samples/samples_GPL/built-in/yolo11s-seg/data/file_list.json,212,d73c4619f5002866473bccee956080139f80e115b06599a87c434c23d2c2fc61,not-applicable,json,False,False,vendor/archive/local backup,redistribution not established,DO_NOT_DISTRIBUTE,not established,local discovery only
parent_tmp,modelzoo-master/modelzoo-master/samples/samples_GPL/built-in/yolo11s-seg/data/file_list_1.json,115,d4fdab257174dc28d52fd4a3efad0d56676842fea1729c3ccb3790bf768d8f27,not-applicable,json,False,False,vendor/archive/local backup,redistribution not established,DO_NOT_DISTRIBUTE,not established,local discovery only
parent_tmp,modelzoo-master/modelzoo-master/samples/samples_GPL/built-in/yolo11s-seg/src/acl.json,5,432d0b1f970e9b0df6f09a69f9aae706250f820c95f0be21a934c7c3e4c2f1c6,not-applicable,json,False,False,vendor/archive/local backup,redistribution not established,DO_NOT_DISTRIBUTE,not established,local discovery only
parent_tmp,modelzoo-master/modelzoo-master/samples/samples_GPL/built-in/yolo11s-seg/yolo11s-seg.json,4544,0647884d1283e3c791b4419e595aaeb01117fdab93563d37d8c35bfe8419f411,not-applicable,json,False,False,vendor/archive/local backup,redistribution not established,DO_NOT_DISTRIBUTE,not established,local discovery only
parent_tmp,modelzoo-master/modelzoo-master/samples/samples_GPL/built-in/yolo11s/data/file_list_1.json,115,d4fdab257174dc28d52fd4a3efad0d56676842fea1729c3ccb3790bf768d8f27,not-applicable,json,False,False,vendor/archive/local backup,redistribution not established,DO_NOT_DISTRIBUTE,not established,local discovery only
parent_tmp,modelzoo-master/modelzoo-master/samples/samples_GPL/built-in/yolo11s/src/acl.json,2,44136fa355b3678a1146ad16f7e8649e94fb4fc21fe77e8310c060f61caaff8a,not-applicable,json,False,False,vendor/archive/local backup,redistribution not established,DO_NOT_DISTRIBUTE,not established,local discovery only
parent_tmp,modelzoo-master/modelzoo-master/samples/samples_GPL/built-in/yolo11s/yolo11s.json,4232,5c2761f6f5ddfafefa683a8357208f3db6aa64ded758dbe7ce1208130c8deb02,not-applicable,json,False,False,vendor/archive/local backup,redistribution not established,DO_NOT_DISTRIBUTE,not established,local discovery only
parent_tmp,modelzoo-master/modelzoo-master/samples/samples_GPL/built-in/yolov10s/data/file_list_1.json,114,1a432ce6ad133f2488f8fe2581cbf6a989525e0748529a9d06bd54c4d67c12fd,not-applicable,json,False,False,vendor/archive/local backup,redistribution not established,DO_NOT_DISTRIBUTE,not established,local discovery only
parent_tmp,modelzoo-master/modelzoo-master/samples/samples_GPL/built-in/yolov10s/src/acl.json,2,44136fa355b3678a1146ad16f7e8649e94fb4fc21fe77e8310c060f61caaff8a,not-applicable,json,False,False,vendor/archive/local backup,redistribution not established,DO_NOT_DISTRIBUTE,not established,local discovery only
parent_tmp,modelzoo-master/modelzoo-master/samples/samples_GPL/built-in/yolov10s/yolov10s.json,2892,c7865cd429c0cb6473af73073e8f563d6a6c678b9f9d10d300106efa84e11043,not-applicable,json,False,False,vendor/archive/local backup,redistribution not established,DO_NOT_DISTRIBUTE,not established,local discovery only
parent_tmp,modelzoo-master/modelzoo-master/samples/samples_GPL/built-in/yolov3/data/file_list.json,257,7b20ab2a895394d5bdb35271d4055931cc9b6e91053c4deed8b78572683edf26,not-applicable,json,False,False,vendor/archive/local backup,redistribution not established,DO_NOT_DISTRIBUTE,not established,local discovery only
parent_tmp,modelzoo-master/modelzoo-master/samples/samples_GPL/built-in/yolov3/data/file_list_1.json,115,98140891c91f1de17e6b133ac2bc12d30da9ba6240cb1303a3a512b7c34dbf3e,not-applicable,json,False,False,vendor/archive/local backup,redistribution not established,DO_NOT_DISTRIBUTE,not established,local discovery only
parent_tmp,modelzoo-master/modelzoo-master/samples/samples_GPL/built-in/yolov3/data/shapes.json,270002,1209df94c559d36dab2df47fe9ee07f474ccc0dcf5424f282089c3b3d512003b,not-applicable,json,False,False,vendor/archive/local backup,redistribution not established,DO_NOT_DISTRIBUTE,not established,local discovery only
parent_tmp,modelzoo-master/modelzoo-master/samples/samples_GPL/built-in/yolov3/script/model.yaml,346,eaaf95b009ff831a502b53f2a019c59f2f6115bdbe9fe5b6b1d52f6b35fd3178,not-applicable,yaml,False,False,vendor/archive/local backup,redistribution not established,DO_NOT_DISTRIBUTE,not established,local discovery only
parent_tmp,modelzoo-master/modelzoo-master/samples/samples_GPL/built-in/yolov3/src/acl.json,2,44136fa355b3678a1146ad16f7e8649e94fb4fc21fe77e8310c060f61caaff8a,not-applicable,json,False,False,vendor/archive/local backup,redistribution not established,DO_NOT_DISTRIBUTE,not established,local discovery only
parent_tmp,modelzoo-master/modelzoo-master/samples/samples_GPL/built-in/yolov3/yolov3.json,3860,7082d49a4c7f847ec77a407af733e50a0ad0afd494f4a2f7cf6f39432d91c138,not-applicable,json,False,False,vendor/archive/local backup,redistribution not established,DO_NOT_DISTRIBUTE,not established,local discovery only
parent_tmp,modelzoo-master/modelzoo-master/samples/samples_GPL/built-in/yolov5/data/file_list_1.json,115,98140891c91f1de17e6b133ac2bc12d30da9ba6240cb1303a3a512b7c34dbf3e,not-applicable,json,False,False,vendor/archive/local backup,redistribution not established,DO_NOT_DISTRIBUTE,not established,local discovery only
parent_tmp,modelzoo-master/modelzoo-master/samples/samples_GPL/built-in/yolov5/src/acl.json,4,c32cdadce41a9afda69555080a5cf601fe8099c4bd7ba1bc02d7263ac94ac2c1,not-applicable,json,False,False,vendor/archive/local backup,redistribution not established,DO_NOT_DISTRIBUTE,not established,local discovery only
parent_tmp,modelzoo-master/modelzoo-master/samples/samples_GPL/built-in/yolov5/yolov5.json,4352,54fe3b42acd7d2d61018e4bbf0dd9ed4db716f9ba7fb8be33aa0479fae0732e9,not-applicable,json,False,False,vendor/archive/local backup,redistribution not established,DO_NOT_DISTRIBUTE,not established,local discovery only
parent_tmp,modelzoo-master/modelzoo-master/samples/samples_GPL/built-in/yolov6s/data/file_list.json,212,dfea680bf518ab824b3ba432dd7e002063631960a98616f1c4c040c0432cdc5f,not-applicable,json,False,False,vendor/archive/local backup,redistribution not established,DO_NOT_DISTRIBUTE,not established,local discovery only
parent_tmp,modelzoo-master/modelzoo-master/samples/samples_GPL/built-in/yolov6s/data/file_list_1.json,115,d4fdab257174dc28d52fd4a3efad0d56676842fea1729c3ccb3790bf768d8f27,not-applicable,json,False,False,vendor/archive/local backup,redistribution not established,DO_NOT_DISTRIBUTE,not established,local discovery only
parent_tmp,modelzoo-master/modelzoo-master/samples/samples_GPL/built-in/yolov6s/src/acl.json,6,6bc81006803e98f6b0194219cd1695c033007f7a23f74be55daf7e63b25ffb8f,not-applicable,json,False,False,vendor/archive/local backup,redistribution not established,DO_NOT_DISTRIBUTE,not established,local discovery only
parent_tmp,modelzoo-master/modelzoo-master/samples/samples_GPL/built-in/yolov6s/yolov6s.json,4264,f129c4fc6d49636b4afd3dae4c120844e5080a0ba2397a6322352bc7d8d9c5ec,not-applicable,json,False,False,vendor/archive/local backup,redistribution not established,DO_NOT_DISTRIBUTE,not established,local discovery only
parent_tmp,modelzoo-master/modelzoo-master/samples/samples_GPL/built-in/yolov7/data/file_list_1.json,115,98140891c91f1de17e6b133ac2bc12d30da9ba6240cb1303a3a512b7c34dbf3e,not-applicable,json,False,False,vendor/archive/local backup,redistribution not established,DO_NOT_DISTRIBUTE,not established,local discovery only
parent_tmp,modelzoo-master/modelzoo-master/samples/samples_GPL/built-in/yolov7/src/acl.json,2,44136fa355b3678a1146ad16f7e8649e94fb4fc21fe77e8310c060f61caaff8a,not-applicable,json,False,False,vendor/archive/local backup,redistribution not established,DO_NOT_DISTRIBUTE,not established,local discovery only
parent_tmp,modelzoo-master/modelzoo-master/samples/samples_GPL/built-in/yolov7/yolov7.json,4216,98404cd24769d9364d6fc0f43be1919a3bb3b893e7a320a4fc158940e1092adb,not-applicable,json,False,False,vendor/archive/local backup,redistribution not established,DO_NOT_DISTRIBUTE,not established,local discovery only
parent_tmp,modelzoo-master/modelzoo-master/samples/samples_GPL/built-in/yolov8l/src/acl.json,4,c32cdadce41a9afda69555080a5cf601fe8099c4bd7ba1bc02d7263ac94ac2c1,not-applicable,json,False,False,vendor/archive/local backup,redistribution not established,DO_NOT_DISTRIBUTE,not established,local discovery only
parent_tmp,modelzoo-master/modelzoo-master/samples/samples_GPL/built-in/yolov8l/yolov8l.json,2937,d73e4e0b70bfd8d6c1bc746e95ec3efff3f7f90bac4c0aab464aa984d1777dca,not-applicable,json,False,False,vendor/archive/local backup,redistribution not established,DO_NOT_DISTRIBUTE,not established,local discovery only
parent_tmp,modelzoo-master/modelzoo-master/samples/samples_GPL/built-in/yolov8s-obb/data/file_list.json,314,6208b6d6102cdc01535b6348986bd6c53e92200092111cd79a45f56dfd313aa6,not-applicable,json,False,False,vendor/archive/local backup,redistribution not established,DO_NOT_DISTRIBUTE,not established,local discovery only
parent_tmp,modelzoo-master/modelzoo-master/samples/samples_GPL/built-in/yolov8s-obb/data/file_list_1.json,115,d4fdab257174dc28d52fd4a3efad0d56676842fea1729c3ccb3790bf768d8f27,not-applicable,json,False,False,vendor/archive/local backup,redistribution not established,DO_NOT_DISTRIBUTE,not established,local discovery only
parent_tmp,modelzoo-master/modelzoo-master/samples/samples_GPL/built-in/yolov8s-seg/data/file_list.json,212,d73c4619f5002866473bccee956080139f80e115b06599a87c434c23d2c2fc61,not-applicable,json,False,False,vendor/archive/local backup,redistribution not established,DO_NOT_DISTRIBUTE,not established,local discovery only
parent_tmp,modelzoo-master/modelzoo-master/samples/samples_GPL/built-in/yolov8s-seg/data/file_list_1.json,115,d4fdab257174dc28d52fd4a3efad0d56676842fea1729c3ccb3790bf768d8f27,not-applicable,json,False,False,vendor/archive/local backup,redistribution not established,DO_NOT_DISTRIBUTE,not established,local discovery only
parent_tmp,modelzoo-master/modelzoo-master/samples/samples_GPL/built-in/yolov8s-seg/src/acl.json,6,6bc81006803e98f6b0194219cd1695c033007f7a23f74be55daf7e63b25ffb8f,not-applicable,json,False,False,vendor/archive/local backup,redistribution not established,DO_NOT_DISTRIBUTE,not established,local discovery only
parent_tmp,modelzoo-master/modelzoo-master/samples/samples_GPL/built-in/yolov8s-seg/yolov8s-seg.json,4397,0710075b25df54a228b3f9efbdc1eb417313ef59d74da0ec159a4c9bdf295fb7,not-applicable,json,False,False,vendor/archive/local backup,redistribution not established,DO_NOT_DISTRIBUTE,not established,local discovery only
parent_tmp,modelzoo-master/modelzoo-master/samples/samples_GPL/built-in/yolov8s-world/data/file_list_1.json,115,98140891c91f1de17e6b133ac2bc12d30da9ba6240cb1303a3a512b7c34dbf3e,not-applicable,json,False,False,vendor/archive/local backup,redistribution not established,DO_NOT_DISTRIBUTE,not established,local discovery only
parent_tmp,modelzoo-master/modelzoo-master/samples/samples_GPL/built-in/yolov8s-world/data/yolov8s-worldv2_mix_quantize.yml,2201,f9cf406a36fd4fbf59b86171c4e005e36c52ed533681f59e8cf42d6d1dd07798,not-applicable,yml,False,False,vendor/archive/local backup,redistribution not established,DO_NOT_DISTRIBUTE,not established,local discovery only
parent_tmp,modelzoo-master/modelzoo-master/samples/samples_GPL/built-in/yolov8s-world/src/acl.json,2,44136fa355b3678a1146ad16f7e8649e94fb4fc21fe77e8310c060f61caaff8a,not-applicable,json,False,False,vendor/archive/local backup,redistribution not established,DO_NOT_DISTRIBUTE,not established,local discovery only
parent_tmp,modelzoo-master/modelzoo-master/samples/samples_GPL/built-in/yolov8s-world/yolov8s-world.json,4179,b58257fa2f1d8076a471859e1485d5246c58b7098d0862828d8c9aabbdd7a280,not-applicable,json,False,False,vendor/archive/local backup,redistribution not established,DO_NOT_DISTRIBUTE,not established,local discovery only
parent_tmp,modelzoo-master/modelzoo-master/samples/samples_GPL/built-in/yolov8s/data/file_list_1.json,115,98140891c91f1de17e6b133ac2bc12d30da9ba6240cb1303a3a512b7c34dbf3e,not-applicable,json,False,False,vendor/archive/local backup,redistribution not established,DO_NOT_DISTRIBUTE,not established,local discovery only
parent_tmp,modelzoo-master/modelzoo-master/samples/samples_GPL/built-in/yolov8s/src/acl.json,2,44136fa355b3678a1146ad16f7e8649e94fb4fc21fe77e8310c060f61caaff8a,not-applicable,json,False,False,vendor/archive/local backup,redistribution not established,DO_NOT_DISTRIBUTE,not established,local discovery only
parent_tmp,modelzoo-master/modelzoo-master/samples/samples_GPL/built-in/yolov8s/yolov8s.json,4277,4c11e848017afae7572520363ba5dcd653a615dc4a9cc4712197fd58211e215f,not-applicable,json,False,False,vendor/archive/local backup,redistribution not established,DO_NOT_DISTRIBUTE,not established,local discovery only
parent_tmp,modelzoo-master/modelzoo-master/samples/samples_GPL/built-in/yolov9s/data/file_list.json,278,6808417621bc76f5bbafaa1a5428b2a0232e24d2467dd17e6f537db4e13b462f,not-applicable,json,False,False,vendor/archive/local backup,redistribution not established,DO_NOT_DISTRIBUTE,not established,local discovery only
parent_tmp,modelzoo-master/modelzoo-master/samples/samples_GPL/built-in/yolov9s/data/file_list_1.json,128,22d65ba17e3bcb3514157f31322e038702726eeff2f31ce31df68b033c7863d2,not-applicable,json,False,False,vendor/archive/local backup,redistribution not established,DO_NOT_DISTRIBUTE,not established,local discovery only
parent_tmp,modelzoo-master/modelzoo-master/samples/samples_GPL/built-in/yolov9s/yolov9s.json,4289,badb6b39e2ba1d676c258f3215edfb4faa7fd2f30d556527e66f84f44923c2f9,not-applicable,json,False,False,vendor/archive/local backup,redistribution not established,DO_NOT_DISTRIBUTE,not established,local discovery only
parent_tmp,modelzoo-master/modelzoo-master/samples/samples_GPL/opensource/opencv/lib/libade.a,597000,8e3e23a4be09856d5309ad5926cdec81224f54083a47cf2f7e3b1d48e2c718c8,not-applicable,a,False,False,vendor/archive/local backup,redistribution not established,DO_NOT_DISTRIBUTE,not established,local discovery only
parent_tmp,modelzoo-master/modelzoo-master/samples/samples_GPL/opensource/opencv/lib/libittnotify.a,216610,0896e87fe46240073f1e3b5a7dc95d6bc8f0237c402c9d0e8a34cde22502c04d,not-applicable,a,False,False,vendor/archive/local backup,redistribution not established,DO_NOT_DISTRIBUTE,not established,local discovery only
parent_tmp,modelzoo-master/modelzoo-master/samples/samples_GPL/opensource/opencv/lib/liblibjpeg-turbo.a,975032,7d8f4898b31e4383da68bd6c921c9ed93f6acb4f7fcc51f6ef776602eb503137,not-applicable,a,False,False,vendor/archive/local backup,redistribution not established,DO_NOT_DISTRIBUTE,not established,local discovery only
parent_tmp,modelzoo-master/modelzoo-master/samples/samples_GPL/opensource/opencv/lib/liblibopenjp2.a,660056,1e9ebc2283e5dd41e836c9ab0214f8802ef1f5adbe547264d74f8c063c1af201,not-applicable,a,False,False,vendor/archive/local backup,redistribution not established,DO_NOT_DISTRIBUTE,not established,local discovery only
parent_tmp,modelzoo-master/modelzoo-master/samples/samples_GPL/opensource/opencv/lib/libopencv_world.a,34733502,f6a03a6fffd1fdd6d176f24deaf5772493d89250ed714faedad7517f267e4b06,not-applicable,a,False,False,vendor/archive/local backup,redistribution not established,DO_NOT_DISTRIBUTE,not established,local discovery only
parent_tmp,modelzoo-master/modelzoo-master/samples/samples_GPL/opensource/opencv/lib/libzlib.a,198964,1ed869d0f6d809eb0b2e3a6b670f337c7dc7e5eb720d6d0c10080da4878dda6c,not-applicable,a,False,False,vendor/archive/local backup,redistribution not established,DO_NOT_DISTRIBUTE,not established,local discovery only
parent_tmp,modelzoo-master/modelzoo-master/samples/samples_GPL/opensource/opensource_softwares.json,238,2d6fb7250322e1031835b86fccef4c84c544be6af3b2b16a0a4293a5712ea7ae,not-applicable,json,False,False,vendor/archive/local backup,redistribution not established,DO_NOT_DISTRIBUTE,not established,local discovery only
parent_tmp,modelzoo-yolo11-audit/modelzoo-master/samples/common/lib/aarch64_linux/nnn/libinfer_common.so,1170192,da79ae06239677bc1ef0ce3ccaf82645487fccdd1a63d00b5e33e2afa49d7ef2,AArch64,ELF64,False,False,vendor/archive/local backup,redistribution not established,DO_NOT_DISTRIBUTE,not established,local discovery only
parent_tmp,modelzoo-yolo11-audit/modelzoo-master/samples/common/lib/aarch64_linux/svp_nnn/libinfer_common.so,1229688,1fdab37f9ecb2b0385ce873d1e421e88b1fe2e2188b7feecdd7d71b6a2d854ec,AArch64,ELF64,False,False,vendor/archive/local backup,redistribution not established,DO_NOT_DISTRIBUTE,SS928 family; exact image match requires validation,local discovery only
parent_tmp,modelzoo-yolo11-audit/modelzoo-master/samples/common/lib/aarch64_ohos/svp_nnn/libinfer_common.so,1140824,1e045e5a57ab798a0fde7891a6cf74b568198478d37ba128f5a7a2daed3dd0b6,AArch64,ELF64,False,False,vendor/archive/local backup,redistribution not established,DO_NOT_DISTRIBUTE,SS928 family; exact image match requires validation,local discovery only
parent_tmp,modelzoo-yolo11-audit/modelzoo-master/samples/samples_GPL/built-in/yolo11s/data/file_list_1.json,115,d4fdab257174dc28d52fd4a3efad0d56676842fea1729c3ccb3790bf768d8f27,not-applicable,json,False,False,vendor/archive/local backup,redistribution not established,DO_NOT_DISTRIBUTE,not established,local discovery only
parent_tmp,modelzoo-yolo11-audit/modelzoo-master/samples/samples_GPL/built-in/yolo11s/src/acl.json,2,44136fa355b3678a1146ad16f7e8649e94fb4fc21fe77e8310c060f61caaff8a,not-applicable,json,False,False,vendor/archive/local backup,redistribution not established,DO_NOT_DISTRIBUTE,not established,local discovery only
parent_tmp,modelzoo-yolo11-audit/modelzoo-master/samples/samples_GPL/built-in/yolo11s/yolo11s.json,4232,5c2761f6f5ddfafefa683a8357208f3db6aa64ded758dbe7ce1208130c8deb02,not-applicable,json,False,False,vendor/archive/local backup,redistribution not established,DO_NOT_DISTRIBUTE,not established,local discovery only
parent_tmp,official-yolo11n-complete.pt,5613764,0ebbc80d4a7680d14987a577cd21342b65ecfd94632bd9a8da63ae6417644ee1,not-applicable,pt,False,False,vendor/archive/local backup,redistribution not established,DO_NOT_DISTRIBUTE,not established,local discovery only
parent_tmp,official-yolo11n.pt,5630148,973dc6becf26a959dfdc2ea0a1ee24a675797d4a4f499d15e60ec77d02fdc104,not-applicable,pt,False,False,vendor/archive/local backup,redistribution not established,DO_NOT_DISTRIBUTE,not established,local discovery only
parent_tmp,smartbag-alternating-final.tar.gz,182083,048b09f3f5323599b2c7d79d7250b52d4f87333694ddd95659dffb0b95db2eb8,not-applicable,gz,False,False,vendor/archive/local backup,redistribution not established,DO_NOT_DISTRIBUTE,not established,local discovery only
parent_tmp,smartbag-common.tar.gz,2678,8870c900a56852c2240a04618919d63f33b5e7dbabd8cc31c99aae35667c59dc,not-applicable,gz,False,False,vendor/archive/local backup,redistribution not established,DO_NOT_DISTRIBUTE,not established,local discovery only
parent_tmp,smartbag-final-delta-2.tar.gz,34124,33a00e394910a6a9bce1307df3271efcb7d055194636af4dceb0d311f43d2ed7,not-applicable,gz,False,False,vendor/archive/local backup,redistribution not established,DO_NOT_DISTRIBUTE,not established,local discovery only
parent_tmp,smartbag-final-delta.tar.gz,25004,5f898c6b18fbf6ffbbd20493dfac0ae7d746fcb1cf0476de875bc5d443635732,not-applicable,gz,False,False,vendor/archive/local backup,redistribution not established,DO_NOT_DISTRIBUTE,not established,local discovery only
parent_tmp,svp_nnn_pc_1.0.6.0/SVP_NNN_PC_V1.0.6.0.tgz,261588349,bc299b05b20b583f50ad8695502f7f1e30b4cdbd4635b0ba63e19849b071b314,not-applicable,tgz,False,False,vendor/archive/local backup,redistribution not established,DO_NOT_DISTRIBUTE,SS928 family; exact image match requires validation,local discovery only
parent_tmp,svp_nnn_pc_1.0.6.0/SVP_NNN_PC_V1.0.6.0/Docker/docker.tar.gz,6573,7785bb06373d90ab53e40dc1765550b598ef9cbe89dfd2fb99c69e4abd4b7689,not-applicable,gz,False,False,vendor/archive/local backup,redistribution not established,DO_NOT_DISTRIBUTE,SS928 family; exact image match requires validation,local discovery only
parent_tmp,svp_nnn_pc_1.0.6.0/SVP_NNN_PC_V1.0.6.0/MindCmd/mindcmd-3.0.16+cann.6.10.t01-py3-none-linux_x86_64.tar.gz,602940,0e17383c910c3f95dd20534673a4bb1372793c61ed76329142c8b3c416eec00b,not-applicable,gz,False,False,vendor/archive/local backup,redistribution not established,DO_NOT_DISTRIBUTE,SS928 family; exact image match requires validation,local discovery only
parent_tmp,svp_nnn_pc_1.0.6.0/SVP_NNN_PC_V1.0.6.0/amct/amct_caffe/amct_caffe_sample.tar.gz,106181230,4b1d2fd3de2c35f0c0ac646ccccad217dcc33f80642ad9991b8144e26a6c1d6a,not-applicable,gz,False,False,vendor/archive/local backup,redistribution not established,DO_NOT_DISTRIBUTE,SS928 family; exact image match requires validation,local discovery only
parent_tmp,svp_nnn_pc_1.0.6.0/SVP_NNN_PC_V1.0.6.0/amct/amct_caffe/caffe_patch.tar.gz,4650482,d6aeed3f90f7a3c7f849035b84c68d403da22e82846d0ce828ca0f23528b6bfe,not-applicable,gz,False,False,vendor/archive/local backup,redistribution not established,DO_NOT_DISTRIBUTE,SS928 family; exact image match requires validation,local discovery only
parent_tmp,svp_nnn_pc_1.0.6.0/SVP_NNN_PC_V1.0.6.0/amct/amct_caffe/hotwheels_amct_caffe-2.1.12.15+cu102-py3-none-linux_x86_64.whl,2639896,51d58bc437316008145e36610392d655c8e80ec9dce306bdbcc05d27a9fb7389,not-applicable,whl,False,False,vendor/archive/local backup,redistribution not established,DO_NOT_DISTRIBUTE,SS928 family; exact image match requires validation,local discovery only
parent_tmp,svp_nnn_pc_1.0.6.0/SVP_NNN_PC_V1.0.6.0/amct/amct_caffe/hotwheels_amct_caffe-2.1.12.15+cu113-py3-none-linux_x86_64.whl,4486965,b95e1327625c5ea862e547ac03d8976ff4ad9200fdf2386dd02cc0d07ac641ae,not-applicable,whl,False,False,vendor/archive/local backup,redistribution not established,DO_NOT_DISTRIBUTE,SS928 family; exact image match requires validation,local discovery only
parent_tmp,svp_nnn_pc_1.0.6.0/SVP_NNN_PC_V1.0.6.0/amct/amct_pytorch/amct_pytorch_sample.tar.gz,6148312,5a86256fd36dd7d016bd56003532803095bcdb05d7aa3fd471cc89b3ed0c1261,not-applicable,gz,False,False,vendor/archive/local backup,redistribution not established,DO_NOT_DISTRIBUTE,SS928 family; exact image match requires validation,local discovery only
parent_tmp,svp_nnn_pc_1.0.6.0/SVP_NNN_PC_V1.0.6.0/amct/amct_pytorch/hotwheels_amct_pytorch-1.1.10.9+cu102-py3-none-linux_x86_64.tar.gz,31447098,be06896e56ca2e3f6c68c08fbd4489f650848849a196f49b35ff9eceb9f948da,not-applicable,gz,False,False,vendor/archive/local backup,redistribution not established,DO_NOT_DISTRIBUTE,SS928 family; exact image match requires validation,local discovery only
parent_tmp,svp_nnn_pc_1.0.6.0/SVP_NNN_PC_V1.0.6.0/amct/amct_pytorch/hotwheels_amct_pytorch-1.1.10.9+cu113-py3-none-linux_x86_64.tar.gz,34539300,5089b8632670533677be3eba12b85a5c254c54b6070a004d6517c203a152e453,not-applicable,gz,False,False,vendor/archive/local backup,redistribution not established,DO_NOT_DISTRIBUTE,SS928 family; exact image match requires validation,local discovery only
repo_archive,ss928/04. 开发工具/MobaXterm_Portable_v25.1_CHS.zip,52235725,c22435e941127685f8d52930e8bfabcb370f1d265ca7d8a180db8e3176e105d0,not-applicable,zip,False,True,vendor/archive/local backup,redistribution not established,DO_NOT_DISTRIBUTE,SS928 family; exact image match requires validation,local discovery only
repo_archive,ss928/04. 开发工具/MobaXterm_Portable_v25.1_CHS/MobaXterm backup.zip,31561,cf20708650209953c54905e7d3d62ed65bbf5f84d8dec021c2d1329e98f5723f,not-applicable,zip,False,True,vendor/archive/local backup,redistribution not established,DO_NOT_DISTRIBUTE,SS928 family; exact image match requires validation,local discovery only
repo_archive,ss928/04. 开发工具/sscom官方最新.zip,418079,0f13c18febba625c9a1bbb121fc7b137a212171902ac7fd13f70697e2bf54f14,not-applicable,zip,False,True,vendor/archive/local backup,redistribution not established,DO_NOT_DISTRIBUTE,SS928 family; exact image match requires validation,local discovery only
repo_archive,ss928/05. 开发环境搭建/01.交叉编译工具/aarch64-mix210-linux.tgz,260213042,935a86894cba0d6434915e0bae832e11e124dcee1ad848ee289fccf996ba8332,not-applicable,tgz,False,True,vendor/archive/local backup,redistribution not established,DO_NOT_DISTRIBUTE,aarch64-mix210 toolchain; board ABI validation required,local discovery only
repo_archive,ss928/05. 开发环境搭建/01.交叉编译工具/cc-riscv32-cfg5-musl-20211008-elf.tar.gz,59367500,4842bc6d9adad7847e5332e58771582a16900feacd7f36eb0e3eead8dbdcb02d,not-applicable,gz,False,True,vendor/archive/local backup,redistribution not established,DO_NOT_DISTRIBUTE,SS928 family; exact image match requires validation,local discovery only
repo_archive,ss928/05. 开发环境搭建/01.交叉编译工具/openeuler_gcc_arm64le.tar.gz,164569710,a303d1fd3ea3309097e18c52e1c24e9b33090a7603240fa2fdaa96a1d6adedb0,not-applicable,gz,False,True,vendor/archive/local backup,redistribution not established,DO_NOT_DISTRIBUTE,SS928 family; exact image match requires validation,local discovery only
repo_archive,ss928/06. 开发板源码编译.zip,1941430988,f96c72ed1474e94e1a1f148f5661a8de712ee76d59a1d6adb84de366b2b4b71a,not-applicable,zip,False,True,vendor/archive/local backup,redistribution not established,DO_NOT_DISTRIBUTE,SS928 family; exact image match requires validation,local discovery only
repo_archive,ss928/07硬件资料/03.外设模块资料/06.5G模组/RM500U-CN/RM500U-CN.zip,23576610,69b4e155ddbfbee37e9d60cfdde3ce1f4c337e9a467292c0226a8acc31c539e9,not-applicable,zip,False,True,vendor/archive/local backup,redistribution not established,DO_NOT_DISTRIBUTE,SS928 family; exact image match requires validation,local discovery only
repo_archive,ss928/09. 进阶功能开发/01.常用工具移植.zip,99362306,dacad613cb78d8c6812b06921de788ed516878e3ec5bf134631226f25346a506,not-applicable,zip,False,True,vendor/archive/local backup,redistribution not established,DO_NOT_DISTRIBUTE,SS928 family; exact image match requires validation,local discovery only
repo_archive,ss928/09. 进阶功能开发/02.Opencv移植.zip,212301219,a677136a20a5ac58aa8bb222e84208ce5d22d3f204f8726a889167c3a8dea900,not-applicable,zip,False,True,vendor/archive/local backup,redistribution not established,DO_NOT_DISTRIBUTE,SS928 family; exact image match requires validation,local discovery only
repo_archive,ss928/09. 进阶功能开发/03.QT应用开发.zip,730971398,1307f68a309b2c1c9f2099053867eadcb7932d8c07ffd6956eefc1ca387f2c1d,not-applicable,zip,False,True,vendor/archive/local backup,redistribution not established,DO_NOT_DISTRIBUTE,SS928 family; exact image match requires validation,local discovery only
repo_archive,ss928/09. 进阶功能开发/04.Yolov8移植.zip,3175743,199e2aae44b67cbbfd6e109044581acbef51508765e7fad4027814d4e539dab2,not-applicable,zip,False,True,vendor/archive/local backup,redistribution not established,DO_NOT_DISTRIBUTE,SS928 family; exact image match requires validation,local discovery only
repo_archive,ss928/09. 进阶功能开发/05.Ubuntu-base移植.zip,2388501,0eaeeeb5d67a63049f7110f43f89977e3ade653c175a765b7f4364883b942a21,not-applicable,zip,False,True,vendor/archive/local backup,redistribution not established,DO_NOT_DISTRIBUTE,SS928 family; exact image match requires validation,local discovery only
repo_archive,ss928/09. 进阶功能开发/06.Python调用海思API.zip,4269203,d4e1af5cb9d1040853dc993c846064e4afbc9db41e4cd944b31e4485bcfc4b40,not-applicable,zip,False,True,vendor/archive/local backup,redistribution not established,DO_NOT_DISTRIBUTE,SS928 family; exact image match requires validation,local discovery only
repo_archive,ss928/09. 进阶功能开发/07.OpenEuler移植.zip,953260,7116d93437213c7f4a2dd9c6309e6f7784c1657fb8acd1bdd2f70a7eec077dba,not-applicable,zip,False,True,vendor/archive/local backup,redistribution not established,DO_NOT_DISTRIBUTE,SS928 family; exact image match requires validation,local discovery only
repo_archive,ss928/09. 进阶功能开发/08.OpenEuler-XFCE桌面即用体验指南.zip,2156767,9e54ab10193926c80594a77fde131d9eefc078d636af99b6a8cfb630c4fc6421,not-applicable,zip,False,True,vendor/archive/local backup,redistribution not established,DO_NOT_DISTRIBUTE,SS928 family; exact image match requires validation,local discovery only
repo_archive,ss928/10. 进阶综合案例/01.QT+IVE菜单配置/01.QT+IVE菜单配置源码.tar.gz,34493230,c5f3753dd15b4f4976773bbbdc2bbe72c4226ccffbd3d90ec7c1eb445405357f,not-applicable,gz,False,True,vendor/archive/local backup,redistribution not established,DO_NOT_DISTRIBUTE,SS928 family; exact image match requires validation,local discovery only
repo_archive,ss928/10. 进阶综合案例/01.QT+IVE菜单配置/02.QT+IVE菜单配置可执行程序.zip,2778141,3d0cc5c2206767d901f452444157c87a0e4ab3f086dcf380dd13de2acc12a831,not-applicable,zip,False,True,vendor/archive/local backup,redistribution not established,DO_NOT_DISTRIBUTE,SS928 family; exact image match requires validation,local discovery only
repo_archive,ss928/10. 进阶综合案例/02.Sensor+3D dToF画中画/01.Sensor+3D dToF画中画源码.zip,377182,cc1f1f89976e635b9af33195a08359355a291de4904a0f606c5e1ffe038cff22,not-applicable,zip,False,True,vendor/archive/local backup,redistribution not established,DO_NOT_DISTRIBUTE,SS928 family; exact image match requires validation,local discovery only
repo_archive,ss928/10. 进阶综合案例/02.Sensor+3D dToF画中画/02.Sensor+3D dToF画中画可执行程序.zip,1398942,4ee1fdc4af9bbef996051fbd1f5160ec090f8cae37fc1c08b4523ee625c7787b,not-applicable,zip,False,True,vendor/archive/local backup,redistribution not established,DO_NOT_DISTRIBUTE,SS928 family; exact image match requires validation,local discovery only
repo_archive,ss928/10. 进阶综合案例/04.XClaw/PicoClaw.zip,23401367,1e172d43608ac1755a47de51b3cdd5d54d8871d7babd13aaf5b8b07809f22b91,not-applicable,zip,False,True,vendor/archive/local backup,redistribution not established,DO_NOT_DISTRIBUTE,SS928 family; exact image match requires validation,local discovery only
repo_archive,ss928/10. 进阶综合案例/04.XClaw/ZeroClaw.zip,10018308,6d93029f2c912c5c7b8fe927eede12e80d0692c456f76839189c0cafb3d0351a,not-applicable,zip,False,True,vendor/archive/local backup,redistribution not established,DO_NOT_DISTRIBUTE,SS928 family; exact image match requires validation,local discovery only
repo_archive,ss928/10. 进阶综合案例/05.ModelZoo/model.zip,254163775,45eaf5f3d9b0e1e9af3d5052cd95908c29a6cdea98732e9036ffed06072c9dc9,not-applicable,zip,False,True,vendor/archive/local backup,redistribution not established,DO_NOT_DISTRIBUTE,SS928 family; exact image match requires validation,local discovery only
repo_archive,ss928/10. 进阶综合案例/05.ModelZoo/model/LRStereo-B.zip,9764477,d6bc8db0589b974b11b919260a572cebf4a2be473618d04db9dc18d7b3894e5f,not-applicable,zip,False,True,vendor/archive/local backup,redistribution not established,DO_NOT_DISTRIBUTE,SS928 family; exact image match requires validation,local discovery only
repo_archive,ss928/10. 进阶综合案例/05.ModelZoo/model/facenet_vggface2_dlite_fp16.om,48742196,c81414748130279af6e72797ee1441693d74ffe91bba6a745351c4e679e50226,not-applicable,om,False,True,vendor/archive/local backup,redistribution not established,DO_NOT_DISTRIBUTE,SS928 family; exact image match requires validation,local discovery only
repo_archive,ss928/10. 进阶综合案例/05.ModelZoo/model/hrnet_512_768.om,30168501,d1900ff926aae309b8e05baae25f7bf30efa2991e78b212813ea5c2ce2c46c2d,not-applicable,om,False,True,vendor/archive/local backup,redistribution not established,DO_NOT_DISTRIBUTE,SS928 family; exact image match requires validation,local discovery only
repo_archive,ss928/10. 进阶综合案例/05.ModelZoo/model/mscnn_model_dlite.om,70287392,284b001decb96d3211e43411f5bb9507db2098b52142053e95698627088d263a,not-applicable,om,False,True,vendor/archive/local backup,redistribution not established,DO_NOT_DISTRIBUTE,SS928 family; exact image match requires validation,local discovery only
repo_archive,ss928/10. 进阶综合案例/05.ModelZoo/model/rec.om,8153608,b0713096dd0f7c7be8ebd112a633c830c3602504f17fc0368f194c9d83b11fb6,not-applicable,om,False,True,vendor/archive/local backup,redistribution not established,DO_NOT_DISTRIBUTE,SS928 family; exact image match requires validation,local discovery only
repo_archive,ss928/10. 进阶综合案例/05.ModelZoo/model/resnet50.om,26074852,c9c3f12d4e0f1b856d1fd7db639d0947abd006416914204adbbeeb568cbf9c5d,not-applicable,om,False,True,vendor/archive/local backup,redistribution not established,DO_NOT_DISTRIBUTE,SS928 family; exact image match requires validation,local discovery only
repo_archive,ss928/10. 进阶综合案例/05.ModelZoo/model/superpoint_bs1.om,2917579,33d98b2c6b3483484a46f8c943228646f67d528b515e5cfdeca95f85ec8777e3,not-applicable,om,False,True,vendor/archive/local backup,redistribution not established,DO_NOT_DISTRIBUTE,SS928 family; exact image match requires validation,local discovery only
repo_archive,ss928/10. 进阶综合案例/05.ModelZoo/model/unet.om,62653952,0d07e8b96b8bdd4061050feefa0fd3a969ee1a1c6c166433766adebea481b03a,not-applicable,om,False,True,vendor/archive/local backup,redistribution not established,DO_NOT_DISTRIBUTE,SS928 family; exact image match requires validation,local discovery only
repo_archive,ss928/10. 进阶综合案例/05.ModelZoo/model/vdsr.om,1851043,618f09afa39b0ca4e776ced788371338aae8131edfdfb1c3d8941be5e8f3d759,not-applicable,om,False,True,vendor/archive/local backup,redistribution not established,DO_NOT_DISTRIBUTE,SS928 family; exact image match requires validation,local discovery only
repo_archive,ss928/10. 进阶综合案例/05.ModelZoo/model/yolo11s-pose_dlite_fp16.om,23026919,a5877a3752b9e59c2d869042c7e4a1a0fa0ba93330bf524fcce30d32a0cd9d54,not-applicable,om,False,True,vendor/archive/local backup,redistribution not established,DO_NOT_DISTRIBUTE,SS928 family; exact image match requires validation,local discovery only
repo_archive,ss928/10. 进阶综合案例/05.ModelZoo/model/yolo11s-seg_dlite_fp16.om,23119621,1a71f0f0af1f98f729a3f66b9c177d8b863d3ff5af01d825a3a1c42168e7cb06,not-applicable,om,False,True,vendor/archive/local backup,redistribution not established,DO_NOT_DISTRIBUTE,SS928 family; exact image match requires validation,local discovery only
repo_archive,ss928/10. 进阶综合案例/05.ModelZoo/model/yolo11s.om,10368919,19415b173c90122089f0a63d1cb54d9eba2904905438a980cb4e44f17c8981c0,not-applicable,om,False,True,vendor/archive/local backup,redistribution not established,DO_NOT_DISTRIBUTE,SS928 family; exact image match requires validation,local discovery only
repo_archive,ss928/work/bmi270_i2c_pose/pinmux_i2c0.sh,192,e052122f0af2e053edf586caaed4016d1472cd541635adb2c793517dc8f1aae1,not-applicable,sh,False,True,vendor/archive/local backup,redistribution not established,DO_NOT_DISTRIBUTE,SS928 family; exact image match requires validation,local discovery only
repo_archive,ss928/work/imx347_mipi_preview/imx347_mipi_preview.o,58480,6a31c3ff2fc2409b09b9582df07b67f38c8c12119b45114dc89d3a1f9d1ea096,AArch64,ELF64,False,True,vendor/archive/local backup,redistribution not established,DO_NOT_DISTRIBUTE,SS928 family; exact image match requires validation,local discovery only
repo_archive,ss928/在线仓库/HiEuler_PI_Firmware_Building-master.zip,351931080,23e6636f1631eecbdd13e8e3641ad4af1e1864c24f9ee4c4e262888134bc080c,not-applicable,zip,False,True,vendor/archive/local backup,redistribution not established,DO_NOT_DISTRIBUTE,SS928 family; exact image match requires validation,local discovery only
repo_archive,ss928/在线仓库/HiEuler_PI_ModelZoo-master.zip,8243214,e73731e6353bf85c509f97f3e124d776ddf4aa40e3b8a1537a98fd22f7986b25,not-applicable,zip,False,True,vendor/archive/local backup,redistribution not established,DO_NOT_DISTRIBUTE,SS928 family; exact image match requires validation,local discovery only
repo_archive,ss928/在线仓库/HiEuler_PI_Peripherals_Sample-master.zip,665119,522106e89a5e6bf974a44015b636961574e5bd39da5c66ef2734289a125c2d3c,not-applicable,zip,False,True,vendor/archive/local backup,redistribution not established,DO_NOT_DISTRIBUTE,SS928 family; exact image match requires validation,local discovery only
repo_archive,ss928/在线仓库/HiSpark_NICU-master.zip,156037758,1ab20f4ded91b9fea97efbab3f42164c2dcb6dddc14cdf68665bee9ed8f08599,not-applicable,zip,False,True,vendor/archive/local backup,redistribution not established,DO_NOT_DISTRIBUTE,SS928 family; exact image match requires validation,local discovery only
repo_archive,ss928/在线仓库/SS928V100_PEGASUS_MPP_Sample-master.zip,55687391,6312a4af32e69963f6fbb7fd8194322f522a4c6256b1aa14548c8f40f3e46fee,not-applicable,zip,False,True,vendor/archive/local backup,redistribution not established,DO_NOT_DISTRIBUTE,SS928 family; exact image match requires validation,local discovery only
repo_archive,ss928/在线仓库/SS928V100_SDK_V2.0.2.2_MPP_Sample-master.zip,65823363,7f58c61cb172a2fdabc0db392d84bbff45b6df352b3c39fea1fa46c045a3ba55,not-applicable,zip,False,True,vendor/archive/local backup,redistribution not established,DO_NOT_DISTRIBUTE,SS928V100 SDK V2.0.2.2,local discovery only
repo_archive,ss928/在线仓库/SS928V100_SDK_V2.0.2.3_MPP_Sample-master.zip,72858043,04a399563658671defecf1b5f6fe5e6fcb964860df7419fcdac50cb0b4f9ffd6,not-applicable,zip,False,True,vendor/archive/local backup,redistribution not established,DO_NOT_DISTRIBUTE,SS928V100 SDK V2.0.2.3,local discovery only
repo_archive,ss928/在线仓库/hispark_ai-master.zip,901190,aeed89ed2a5bf18d60cff88b0d146d2ad69e6a929635fe3d8ab293b7fd3e46b0,not-applicable,zip,False,True,vendor/archive/local backup,redistribution not established,DO_NOT_DISTRIBUTE,SS928 family; exact image match requires validation,local discovery only
repo_archive,ss928/在线仓库/modelzoo-master.zip,68416592,ca985bc5647faca786b7232cd4bbc0d50ad03cf9ee74ae6681b5c0448fc76aaa,not-applicable,zip,False,True,vendor/archive/local backup,redistribution not established,DO_NOT_DISTRIBUTE,SS928 family; exact image match requires validation,local discovery only
repo_archive,ss928/在线仓库/pegasus-master.zip,413482713,b8c3a858dded74492728847509e1c31c6b23fe4fe5712b6c2cd0312f9f171efb,not-applicable,zip,False,True,vendor/archive/local backup,redistribution not established,DO_NOT_DISTRIBUTE,SS928 family; exact image match requires validation,local discovery only
repo_archive,ss928/在线仓库/ss928v100_clang-master.zip,438924382,217568a70be5c4830f701ad307ebb7040e7e5fcba4864e3e82da5e94e7de7019,not-applicable,zip,False,True,vendor/archive/local backup,redistribution not established,DO_NOT_DISTRIBUTE,SS928 family; exact image match requires validation,local discovery only
repo_archive,ss928/在线仓库/ss928v100_gcc-master.zip,439929484,3d9c3f91a45f29523b81a92cf17a029f28bf17a558277574dedee1859028a13d,not-applicable,zip,False,True,vendor/archive/local backup,redistribution not established,DO_NOT_DISTRIBUTE,SS928 family; exact image match requires validation,local discovery only
repo_archive,ss928/补充资料/BMI270模块驱动例程.zip,27082601,1a44a2509712b96525b71a5118b3e123db408e02674aceee442abc0c807b2bde,not-applicable,zip,False,True,vendor/archive/local backup,redistribution not established,DO_NOT_DISTRIBUTE,SS928 family; exact image match requires validation,local discovery only
repo_archive,ss928/补充资料/雷达模块.zip,68387517,10626c56db5276487569b6b974fc658acccd653a90f17632c184d48b6a92cf65,not-applicable,zip,False,True,vendor/archive/local backup,redistribution not established,DO_NOT_DISTRIBUTE,SS928 family; exact image match requires validation,local discovery only
repo_archive,ss928/补充资料/雷达模块/雷达模块/60GBSD汽车检测ATRearMonitorV0.2.4/ATRearMonitorV0.2.4/bin/ci/at6010_bsd_20241028.bin,63660,a3dfe1b43dc6c541c4417081b699d9dd74f6abc4b0745e84776efce78b8b3f17,not-applicable,bin,False,True,vendor/archive/local backup,redistribution not established,DO_NOT_DISTRIBUTE,SS928 family; exact image match requires validation,local discovery only
repo_archive,ss928/补充资料/雷达模块/雷达模块/60GBSD汽车检测ATRearMonitorV0.2.4/ATRearMonitorV0.2.4/bin/ci/at6010_bsd_aip_20241028.bin,63660,a9d92cf9c18891b05b72248c1cfd0db88fcd547352d04b3730b6acebb00fe241,not-applicable,bin,False,True,vendor/archive/local backup,redistribution not established,DO_NOT_DISTRIBUTE,SS928 family; exact image match requires validation,local discovery only
repo_archive,ss928/补充资料/雷达模块/雷达模块/60GBSD汽车检测ATRearMonitorV0.2.4/ATRearMonitorV0.2.4/bin/rangefft/1G_dcdc_clk_2.5M_2.bin,18892,bb188fe92cdc59679dce92ee6aa718fffe7038f10e276d7c9c73704fece755cd,not-applicable,bin,False,True,vendor/archive/local backup,redistribution not established,DO_NOT_DISTRIBUTE,SS928 family; exact image match requires validation,local discovery only
repository,00_admin/local-model-inventory.json,20204,ced48bb299e0ce1744ebe21d61a9a8745bd49c37c1b3b7e83c2cfa484d7207bc,not-applicable,json,True,False,project repository,project has no root LICENSE,GIT,not established,covered by repository tests where applicable
repository,05_firmware/ss928/deployment_scripts/ws73-bluetooth-module-start.sh,446,b194ddbae2b04058aa9b57fdf8057ec10822025e60474b8476076cce235199c8,not-applicable,sh,True,False,project repository,project has no root LICENSE,GIT,SS928 family; exact image match requires validation,covered by repository tests where applicable
repository,05_firmware/ss928/diagnostics/bmi270_i2c_pose/pinmux_i2c0.sh,192,e052122f0af2e053edf586caaed4016d1472cd541635adb2c793517dc8f1aae1,not-applicable,sh,True,False,project repository,project has no root LICENSE,GIT,SS928 family; exact image match requires validation,covered by repository tests where applicable
repository,05_firmware/ss928/pinmux/apply-smartbag-pinmux.sh,435,7944bbfdad6b1c1d0a7b24a9a040bf9510c83bfda1101969ca503a34af6004c2,not-applicable,sh,True,False,project repository,project has no root LICENSE,GIT,SS928 family; exact image match requires validation,covered by repository tests where applicable
repository,05_firmware/ss928/tsensor/build_tsensor_wsl.sh,1538,6a937149edfbe6b811ff299cee041a53a12e441c52b82a1e85868cb277d3bec1,not-applicable,sh,True,False,project repository,project has no root LICENSE,GIT,SS928 family; exact image match requires validation,covered by repository tests where applicable
repository,06_software/board_runtime/bmi270_backpack/config.example.json,3383,f1b5b8369b9b74bc58223d34a2105029b8362cc4c56ff53cd1fd4e1c439bead1,not-applicable,json,True,False,project repository,project has no root LICENSE,GIT,not established,covered by repository tests where applicable
repository,06_software/board_runtime/bmi270_backpack/config.ss928_ble.json,2982,75bb361a1bed9094fe248c73fce86376c7b4bc017983bc4f8ddaff48f06e1373,not-applicable,json,True,False,project repository,project has no root LICENSE,GIT,SS928 family; exact image match requires validation,covered by repository tests where applicable
repository,06_software/board_runtime/dx_gp21_tracker/config.ss928_uart4.json,297,5970646b4bc16d30ea749f9f647effb765fcb58c8f4623281a99d20cc9f6545e,not-applicable,json,True,False,project repository,project has no root LICENSE,GIT,SS928 family; exact image match requires validation,covered by repository tests where applicable
repository,06_software/board_runtime/imu_fall_detector/config.example.json,634,8e66bb1555288aeaa4adc7dd94e22be694d38a734906ab0c03ae94757a68250a,not-applicable,json,True,False,project repository,project has no root LICENSE,GIT,not established,covered by repository tests where applicable
repository,06_software/board_runtime/imu_fall_detector/config.ss928.json,631,57aec29e715bfe4c4b8be23c0f2f5de2e3eebb6d112a16a4ed80bd38f2acb97e,not-applicable,json,True,False,project repository,project has no root LICENSE,GIT,SS928 family; exact image match requires validation,covered by repository tests where applicable
repository,06_software/board_runtime/mr20_radar/config.example.json,1534,0e531a506e9095b137ccd3348b7740dd699e7e156ca932e999775f1059facd1c,not-applicable,json,True,False,project repository,project has no root LICENSE,GIT,not established,covered by repository tests where applicable
repository,06_software/board_runtime/smartbag_alert_controller/config.example.json,5051,a4ccfe11d79b16580856eda14ce89f1b41e7a5d7383fcb04618a08f95cbd6ec8,not-applicable,json,True,False,project repository,project has no root LICENSE,GIT,not established,covered by repository tests where applicable
repository,06_software/mobile/ssminiprogram/cloudfunctions/smartbag-app-api/package.json,151,2785787eef9084e3d6d8f09a0d47ceedee444f62fa3c328916f9d898f5eac1b2,not-applicable,json,True,False,project repository,project has no root LICENSE,GIT,not established,covered by repository tests where applicable
repository,06_software/mobile/ssminiprogram/cloudfunctions/smartbag-device-ingest/package.json,164,71c71c171683d2f809c4af79bfd740e57b06c729395283d6da06cab23567ea9c,not-applicable,json,True,False,project repository,project has no root LICENSE,GIT,not established,covered by repository tests where applicable
repository,06_software/mobile/ssminiprogram/miniprogram/pages/cameras/index.json,53,d798c6a9e08152a229f7474ddcea220fb45e4642d225cfcdcc73ac08b9167055,not-applicable,json,True,False,project repository,project has no root LICENSE,GIT,not established,covered by repository tests where applicable
repository,06_software/vision_obstacle_tracker/ss928_backend/diagnostics/locked_case.json,1049,b9b3bd6e256ebc210a71fae44992581b0f9641175474029c8c9e6c16bec42ebb,not-applicable,json,True,False,project repository,project has no root LICENSE,GIT,SS928 family; exact image match requires validation,covered by repository tests where applicable
repository,06_software/vision_obstacle_tracker/ss928_backend/scripts/build_aarch64_release.sh,1851,4504caba788ca1b601dfe4393c1791dcc2a23be53a4daedea11a5645b607c54c,not-applicable,sh,False,False,local generated or runtime asset,unknown; manual review required,LOCAL_ONLY,SS928 family; exact image match requires validation,no portable success claim
repository,06_software/vision_obstacle_tracker/ss928_backend/scripts/inspect_camera.sh,495,60e9bf7195b6241455a2882eb140fe9e600dd7973dc30c529665c7f53380d50a,not-applicable,sh,True,False,project repository,project has no root LICENSE,GIT,SS928 family; exact image match requires validation,covered by repository tests where applicable
repository,06_software/vision_obstacle_tracker/ss928_backend/scripts/run_offline.sh,558,bcf998060345154f899619516932356d1d2f0b97bb7434c338a42a2cdb1e4e8a,not-applicable,sh,True,False,project repository,project has no root LICENSE,GIT,SS928 family; exact image match requires validation,covered by repository tests where applicable
repository,06_software/vision_obstacle_tracker/vehicle_botsort.yaml,753,a6b3a13d6a5fb587a9ce58c1fc5ecf165acfc20a21e7d8a10c46056526edb6c7,not-applicable,yaml,True,False,project repository,project has no root LICENSE,GIT,not established,covered by repository tests where applicable
repository,08_media/HiEuler_PI_ModelZoo-live/src/operators/ascend_npu/build.sh,2936,3a20af00ace1af028d8949027b26e1a338d5232d265f5841683d65b4a1ad9f05,not-applicable,sh,False,True,local generated or runtime asset,unknown; manual review required,LOCAL_ONLY,not established,no portable success claim
repository,08_media/HiEuler_PI_ModelZoo-live/src/operators/ascend_npu/cmake/retry.sh,328,efbf17faec9d1760448c4865a1712f60c2a8517b4483369d54c45ca74fce58d2,not-applicable,sh,False,True,local generated or runtime asset,unknown; manual review required,LOCAL_ONLY,not established,no portable success claim
repository,08_media/HiEuler_PI_ModelZoo-live/src/operators/ascend_npu/opensource/ascendsamples/cmake/util/gen_ops_filter.sh,1506,ce87dd1e7fb96bd999c3ddc93cd36f29fbd6a3f3ab75e088c5fdda1afc3d3a28,not-applicable,sh,False,True,local generated or runtime asset,unknown; manual review required,LOCAL_ONLY,not established,no portable success claim
repository,08_media/HiEuler_PI_ModelZoo-live/src/operators/ascend_npu/opensource/ascendsamples/cmake/util/gen_version_info.sh,353,1871cfef3dd083c81966a95f98c812a19df8fe0a4c83dfc3ca5ba03db6e65a9a,not-applicable,sh,False,True,local generated or runtime asset,unknown; manual review required,LOCAL_ONLY,not established,no portable success claim
repository,08_media/HiEuler_PI_ModelZoo-live/src/samples/build_gate.sh,1699,b0e611f9992035be15ba934548ad37cfb6b3e01f2fde1e6933e0e37dece605f1,not-applicable,sh,False,True,local generated or runtime asset,unknown; manual review required,LOCAL_ONLY,not established,no portable success claim
repository,08_media/HiEuler_PI_ModelZoo-live/src/samples/build_script.sh,4369,13fa13bcfa998b936b02a09c3247a0beb3129e1a700a9e00e9182beacd6e3cd2,not-applicable,sh,False,True,local generated or runtime asset,unknown; manual review required,LOCAL_ONLY,not established,no portable success claim
repository,08_media/HiEuler_PI_ModelZoo-live/src/samples/built-in/audio/FastSpeech2/data/file_list.json,253,0bfa78697af13d17116b7f7dd6d2d2a49d3f92b78c4122863b4e44337978ef4a,not-applicable,json,False,True,local generated or runtime asset,unknown; manual review required,LOCAL_ONLY,not established,no portable success claim
repository,08_media/HiEuler_PI_ModelZoo-live/src/samples/built-in/audio/FastSpeech2/data/file_list_1.json,170,4dd478df951701084f930e5a87751d7354a201f4d922d81d301eb09239f6cb4f,not-applicable,json,False,True,local generated or runtime asset,unknown; manual review required,LOCAL_ONLY,not established,no portable success claim
repository,08_media/HiEuler_PI_ModelZoo-live/src/samples/built-in/audio/FastSpeech2/fastspeech2.json,3081,4410d4d2493c11cb87fab2b698d0991e159de7d8d8b58fa90496fb80ce9483f3,not-applicable,json,False,True,local generated or runtime asset,unknown; manual review required,LOCAL_ONLY,not established,no portable success claim
repository,08_media/HiEuler_PI_ModelZoo-live/src/samples/built-in/audio/FastSpeech2/src/acl.json,8,9c35abd88a6e28a33eadfd85342306bcad0e330e767f6e3b83464ed003479c6f,not-applicable,json,False,True,local generated or runtime asset,unknown; manual review required,LOCAL_ONLY,not established,no portable success claim
repository,08_media/HiEuler_PI_ModelZoo-live/src/samples/built-in/build_config.json,12551,c6a3c56faae9c407d6e5a8f2c87eeb58bbeaeab5d710e78523eb05d4355a361a,not-applicable,json,False,True,local generated or runtime asset,unknown; manual review required,LOCAL_ONLY,not established,no portable success claim
repository,08_media/HiEuler_PI_ModelZoo-live/src/samples/built-in/classification/Chinese-CLIP/Chinese_CLIP.json,4096,8da12f6b46958bbc405e01eced63d35d25e97a1eaee9c587cc5516f4706f1a11,not-applicable,json,False,True,local generated or runtime asset,unknown; manual review required,LOCAL_ONLY,not established,no portable success claim
repository,08_media/HiEuler_PI_ModelZoo-live/src/samples/built-in/classification/Chinese-CLIP/data/file_list_img_1.json,123,aa8f859f15d6139f8ce25d2cc8087f1a3eca807b512bb7019f2202e1e6f12c28,not-applicable,json,False,True,local generated or runtime asset,unknown; manual review required,LOCAL_ONLY,not established,no portable success claim
repository,08_media/HiEuler_PI_ModelZoo-live/src/samples/built-in/classification/Chinese-CLIP/data/file_list_txt_1.json,91,119dd1c97f137989b6bc0e52fbf511735092af01b327f60aa4dc2c7e16c1f98b,not-applicable,json,False,True,local generated or runtime asset,unknown; manual review required,LOCAL_ONLY,not established,no portable success claim
repository,08_media/HiEuler_PI_ModelZoo-live/src/samples/built-in/classification/Chinese-CLIP/script/zeroshot.sh,887,3b4045fc58d4a5adce02565b590a2397ea1391ce491b4b7f4be08a21d3429461,not-applicable,sh,False,True,local generated or runtime asset,unknown; manual review required,LOCAL_ONLY,not established,no portable success claim
repository,08_media/HiEuler_PI_ModelZoo-live/src/samples/built-in/classification/Chinese-CLIP/src/acl.json,2,44136fa355b3678a1146ad16f7e8649e94fb4fc21fe77e8310c060f61caaff8a,not-applicable,json,False,True,local generated or runtime asset,unknown; manual review required,LOCAL_ONLY,not established,no portable success claim
repository,08_media/HiEuler_PI_ModelZoo-live/src/samples/built-in/classification/DenseNet121/DenseNet121.json,4291,87e7b172c948f0d1deec69620495011f1920ce0d3cec350ad5592f90d9c1d5cd,not-applicable,json,False,True,local generated or runtime asset,unknown; manual review required,LOCAL_ONLY,not established,no portable success claim
repository,08_media/HiEuler_PI_ModelZoo-live/src/samples/built-in/classification/DenseNet121/data/file_list_1.json,122,ffab15ee8e5f13a877442f4788933888144501de2b1258c40ca0c00185ab299f,not-applicable,json,False,True,local generated or runtime asset,unknown; manual review required,LOCAL_ONLY,not established,no portable success claim
repository,08_media/HiEuler_PI_ModelZoo-live/src/samples/built-in/classification/DenseNet121/src/acl.json,2,44136fa355b3678a1146ad16f7e8649e94fb4fc21fe77e8310c060f61caaff8a,not-applicable,json,False,True,local generated or runtime asset,unknown; manual review required,LOCAL_ONLY,not established,no portable success claim
repository,08_media/HiEuler_PI_ModelZoo-live/src/samples/built-in/classification/EfficientNetV2/EfficientNetV2.json,4019,fd804997692e823b26df08bcb54e96be45965a3d314d40ea9a3c6e6494e3a8eb,not-applicable,json,False,True,local generated or runtime asset,unknown; manual review required,LOCAL_ONLY,not established,no portable success claim
repository,08_media/HiEuler_PI_ModelZoo-live/src/samples/built-in/classification/EfficientNetV2/data/file_list_1.json,122,ffab15ee8e5f13a877442f4788933888144501de2b1258c40ca0c00185ab299f,not-applicable,json,False,True,local generated or runtime asset,unknown; manual review required,LOCAL_ONLY,not established,no portable success claim
repository,08_media/HiEuler_PI_ModelZoo-live/src/samples/built-in/classification/EfficientNetV2/src/acl.json,2,44136fa355b3678a1146ad16f7e8649e94fb4fc21fe77e8310c060f61caaff8a,not-applicable,json,False,True,local generated or runtime asset,unknown; manual review required,LOCAL_ONLY,not established,no portable success claim
repository,08_media/HiEuler_PI_ModelZoo-live/src/samples/built-in/classification/InceptionV3/InceptionV3.json,4341,37315d2463a5ad0680a8431d379be0c9626cd6ca7cff55ce8132e1871cce97d3,not-applicable,json,False,True,local generated or runtime asset,unknown; manual review required,LOCAL_ONLY,not established,no portable success claim
repository,08_media/HiEuler_PI_ModelZoo-live/src/samples/built-in/classification/InceptionV3/data/file_list_1.json,122,ffab15ee8e5f13a877442f4788933888144501de2b1258c40ca0c00185ab299f,not-applicable,json,False,True,local generated or runtime asset,unknown; manual review required,LOCAL_ONLY,not established,no portable success claim
repository,08_media/HiEuler_PI_ModelZoo-live/src/samples/built-in/classification/InceptionV3/src/acl.json,2,44136fa355b3678a1146ad16f7e8649e94fb4fc21fe77e8310c060f61caaff8a,not-applicable,json,False,True,local generated or runtime asset,unknown; manual review required,LOCAL_ONLY,not established,no portable success claim
repository,08_media/HiEuler_PI_ModelZoo-live/src/samples/built-in/classification/MobileNetV2/data/file_list_1.json,122,ffab15ee8e5f13a877442f4788933888144501de2b1258c40ca0c00185ab299f,not-applicable,json,False,True,local generated or runtime asset,unknown; manual review required,LOCAL_ONLY,not established,no portable success claim
repository,08_media/HiEuler_PI_ModelZoo-live/src/samples/built-in/classification/MobileNetV2/mobileNetV2.json,4160,652f43b862baa51b487ede8af233122a4e766d67c690e1607108f6cb9a43da86,not-applicable,json,False,True,local generated or runtime asset,unknown; manual review required,LOCAL_ONLY,not established,no portable success claim
repository,08_media/HiEuler_PI_ModelZoo-live/src/samples/built-in/classification/MobileNetV2/src/acl.json,2,44136fa355b3678a1146ad16f7e8649e94fb4fc21fe77e8310c060f61caaff8a,not-applicable,json,False,True,local generated or runtime asset,unknown; manual review required,LOCAL_ONLY,not established,no portable success claim
repository,08_media/HiEuler_PI_ModelZoo-live/src/samples/built-in/classification/ResNet101/ResNet101.json,4877,423f973596abd58e38ddf95de8e721408022cb99fa684f01c72cd0af2406f416,not-applicable,json,False,True,local generated or runtime asset,unknown; manual review required,LOCAL_ONLY,not established,no portable success claim
repository,08_media/HiEuler_PI_ModelZoo-live/src/samples/built-in/classification/ResNet101/data/file_list_1.json,122,ffab15ee8e5f13a877442f4788933888144501de2b1258c40ca0c00185ab299f,not-applicable,json,False,True,local generated or runtime asset,unknown; manual review required,LOCAL_ONLY,not established,no portable success claim
repository,08_media/HiEuler_PI_ModelZoo-live/src/samples/built-in/classification/ResNet101/src/acl.json,2,44136fa355b3678a1146ad16f7e8649e94fb4fc21fe77e8310c060f61caaff8a,not-applicable,json,False,True,local generated or runtime asset,unknown; manual review required,LOCAL_ONLY,not established,no portable success claim
repository,08_media/HiEuler_PI_ModelZoo-live/src/samples/built-in/classification/ResNet18/ResNet18.json,3250,5af593f491c0f72bbac3bcf235daeb2555d12882b7b28421950d64927bff6e02,not-applicable,json,False,True,local generated or runtime asset,unknown; manual review required,LOCAL_ONLY,not established,no portable success claim
repository,08_media/HiEuler_PI_ModelZoo-live/src/samples/built-in/classification/ResNet18/data/file_list_1.json,122,ffab15ee8e5f13a877442f4788933888144501de2b1258c40ca0c00185ab299f,not-applicable,json,False,True,local generated or runtime asset,unknown; manual review required,LOCAL_ONLY,not established,no portable success claim
repository,08_media/HiEuler_PI_ModelZoo-live/src/samples/built-in/classification/ResNet18/src/acl.json,2,44136fa355b3678a1146ad16f7e8649e94fb4fc21fe77e8310c060f61caaff8a,not-applicable,json,False,True,local generated or runtime asset,unknown; manual review required,LOCAL_ONLY,not established,no portable success claim
repository,08_media/HiEuler_PI_ModelZoo-live/src/samples/built-in/classification/ResNet50/ResNet50.json,4806,6d75bd3472ac341959cf81ade2a04ee4f7d728904908c23121f9be16d8850744,not-applicable,json,False,True,local generated or runtime asset,unknown; manual review required,LOCAL_ONLY,not established,no portable success claim
repository,08_media/HiEuler_PI_ModelZoo-live/src/samples/built-in/classification/ResNet50/data/file_list_1.json,122,ffab15ee8e5f13a877442f4788933888144501de2b1258c40ca0c00185ab299f,not-applicable,json,False,True,local generated or runtime asset,unknown; manual review required,LOCAL_ONLY,not established,no portable success claim
repository,08_media/HiEuler_PI_ModelZoo-live/src/samples/built-in/classification/ResNet50/src/acl.json,4,bac6a76645c48064f198e711301492ace386110831d381f33ba68a3db6847bd4,not-applicable,json,False,True,local generated or runtime asset,unknown; manual review required,LOCAL_ONLY,not established,no portable success claim
repository,08_media/HiEuler_PI_ModelZoo-live/src/samples/built-in/classification/SEResNet50/SEResNet50.json,4319,1b16f42ab5d9261ba5e4a086b105188b321458410677a8ca2decfb30cfd2f518,not-applicable,json,False,True,local generated or runtime asset,unknown; manual review required,LOCAL_ONLY,not established,no portable success claim
repository,08_media/HiEuler_PI_ModelZoo-live/src/samples/built-in/classification/SEResNet50/data/file_list_1.json,122,ffab15ee8e5f13a877442f4788933888144501de2b1258c40ca0c00185ab299f,not-applicable,json,False,True,local generated or runtime asset,unknown; manual review required,LOCAL_ONLY,not established,no portable success claim
repository,08_media/HiEuler_PI_ModelZoo-live/src/samples/built-in/classification/SEResNet50/src/acl.json,2,44136fa355b3678a1146ad16f7e8649e94fb4fc21fe77e8310c060f61caaff8a,not-applicable,json,False,True,local generated or runtime asset,unknown; manual review required,LOCAL_ONLY,not established,no portable success claim
repository,08_media/HiEuler_PI_ModelZoo-live/src/samples/built-in/classification/ShuffleNetV2/ShuffleNetV2.json,4185,51079e3287777f14b4f5b1b8bf38a8dad506ee4bb863bf0b40fd8721ae0de038,not-applicable,json,False,True,local generated or runtime asset,unknown; manual review required,LOCAL_ONLY,not established,no portable success claim
repository,08_media/HiEuler_PI_ModelZoo-live/src/samples/built-in/classification/ShuffleNetV2/data/file_list_1.json,122,ffab15ee8e5f13a877442f4788933888144501de2b1258c40ca0c00185ab299f,not-applicable,json,False,True,local generated or runtime asset,unknown; manual review required,LOCAL_ONLY,not established,no portable success claim
repository,08_media/HiEuler_PI_ModelZoo-live/src/samples/built-in/classification/ShuffleNetV2/src/acl.json,2,44136fa355b3678a1146ad16f7e8649e94fb4fc21fe77e8310c060f61caaff8a,not-applicable,json,False,True,local generated or runtime asset,unknown; manual review required,LOCAL_ONLY,not established,no portable success claim
repository,08_media/HiEuler_PI_ModelZoo-live/src/samples/built-in/classification/SqueezeNet1_1/SqueezeNet1_1.json,4110,ce666e33c4598bd6ab82091de491ba13b4f585c6b264ffcb920f41ec1ac2d743,not-applicable,json,False,True,local generated or runtime asset,unknown; manual review required,LOCAL_ONLY,not established,no portable success claim
repository,08_media/HiEuler_PI_ModelZoo-live/src/samples/built-in/classification/SqueezeNet1_1/data/file_list_1.json,122,ffab15ee8e5f13a877442f4788933888144501de2b1258c40ca0c00185ab299f,not-applicable,json,False,True,local generated or runtime asset,unknown; manual review required,LOCAL_ONLY,not established,no portable success claim
repository,08_media/HiEuler_PI_ModelZoo-live/src/samples/built-in/classification/SqueezeNet1_1/script/execute.sh,2508,a73dce721242bc49006d46654b967e576b31cb013b6cacf992b48e1dcdcb54cb,not-applicable,sh,False,True,local generated or runtime asset,unknown; manual review required,LOCAL_ONLY,not established,no portable success claim
repository,08_media/HiEuler_PI_ModelZoo-live/src/samples/built-in/classification/SqueezeNet1_1/src/acl.json,2,44136fa355b3678a1146ad16f7e8649e94fb4fc21fe77e8310c060f61caaff8a,not-applicable,json,False,True,local generated or runtime asset,unknown; manual review required,LOCAL_ONLY,not established,no portable success claim
repository,08_media/HiEuler_PI_ModelZoo-live/src/samples/built-in/classification/Swin-Transformer/Swin-Transformer.json,4581,2f6e3e16f784e7fb01df4633b4c8b17caa55998f1680b1b5aa48d96f15fa7247,not-applicable,json,False,True,local generated or runtime asset,unknown; manual review required,LOCAL_ONLY,not established,no portable success claim
repository,08_media/HiEuler_PI_ModelZoo-live/src/samples/built-in/classification/Swin-Transformer/data/file_list_1.json,122,ffab15ee8e5f13a877442f4788933888144501de2b1258c40ca0c00185ab299f,not-applicable,json,False,True,local generated or runtime asset,unknown; manual review required,LOCAL_ONLY,not established,no portable success claim
repository,08_media/HiEuler_PI_ModelZoo-live/src/samples/built-in/classification/Swin-Transformer/src/acl.json,2,44136fa355b3678a1146ad16f7e8649e94fb4fc21fe77e8310c060f61caaff8a,not-applicable,json,False,True,local generated or runtime asset,unknown; manual review required,LOCAL_ONLY,not established,no portable success claim
repository,08_media/HiEuler_PI_ModelZoo-live/src/samples/built-in/classification/VGG16/VGG16.json,5040,5fe7d504dcd34e0c7a04cbe2e828463529ed934d6ce55130b2e7a90908cce99d,not-applicable,json,False,True,local generated or runtime asset,unknown; manual review required,LOCAL_ONLY,not established,no portable success claim
repository,08_media/HiEuler_PI_ModelZoo-live/src/samples/built-in/classification/VGG16/data/file_list.json,5200029,e29c2466feb8faada021af3d7d74791ef04a57c162d425235c73c0c7277763ca,not-applicable,json,False,True,local generated or runtime asset,unknown; manual review required,LOCAL_ONLY,not established,no portable success claim
repository,08_media/HiEuler_PI_ModelZoo-live/src/samples/built-in/classification/VGG16/data/file_list_1.json,122,ffab15ee8e5f13a877442f4788933888144501de2b1258c40ca0c00185ab299f,not-applicable,json,False,True,local generated or runtime asset,unknown; manual review required,LOCAL_ONLY,not established,no portable success claim
repository,08_media/HiEuler_PI_ModelZoo-live/src/samples/built-in/classification/Vit-B-16/Vit-B-16.json,4311,6ee628ae421f10e0d325e40c55f7f4ba82e0f39567145803d68d81d55ea8ed60,not-applicable,json,False,True,local generated or runtime asset,unknown; manual review required,LOCAL_ONLY,not established,no portable success claim
repository,08_media/HiEuler_PI_ModelZoo-live/src/samples/built-in/classification/Vit-B-16/data/file_list_1.json,149,519014b2552da09b44c094dbc9941160c7710b41bc1a00b2f5403fc9d93235fd,not-applicable,json,False,True,local generated or runtime asset,unknown; manual review required,LOCAL_ONLY,not established,no portable success claim
repository,08_media/HiEuler_PI_ModelZoo-live/src/samples/built-in/classification/Vit-B-16/src/acl.json,2,44136fa355b3678a1146ad16f7e8649e94fb4fc21fe77e8310c060f61caaff8a,not-applicable,json,False,True,local generated or runtime asset,unknown; manual review required,LOCAL_ONLY,not established,no portable success claim
repository,08_media/HiEuler_PI_ModelZoo-live/src/samples/built-in/count/CrowdCount/crowdcount.json,4546,559c720954578495edc6bc2f4ca49558fe01b4862c6c53173622cbd29042d056,not-applicable,json,False,True,local generated or runtime asset,unknown; manual review required,LOCAL_ONLY,not established,no portable success claim
repository,08_media/HiEuler_PI_ModelZoo-live/src/samples/built-in/count/CrowdCount/data/file_list.json,36647,7f11975da21e3ed7a1c48e7fe13fb79941d6fecb6a365de2f41942d75cc9eddf,not-applicable,json,False,True,local generated or runtime asset,unknown; manual review required,LOCAL_ONLY,not established,no portable success claim
repository,08_media/HiEuler_PI_ModelZoo-live/src/samples/built-in/count/CrowdCount/data/file_list_1.json,123,81a5d2d4045f75b730a55d449a542e5bd96bc5d6c0cf6234422f7c51f2c504a9,not-applicable,json,False,True,local generated or runtime asset,unknown; manual review required,LOCAL_ONLY,not established,no portable success claim
repository,08_media/HiEuler_PI_ModelZoo-live/src/samples/built-in/count/CrowdCount/src/acl.json,8,9c35abd88a6e28a33eadfd85342306bcad0e330e767f6e3b83464ed003479c6f,not-applicable,json,False,True,local generated or runtime asset,unknown; manual review required,LOCAL_ONLY,not established,no portable success claim
repository,08_media/HiEuler_PI_ModelZoo-live/src/samples/built-in/depth/Depth-Anything-v2/Depth-Anything-v2.json,4077,4c824e46d5a4f0f66c98aeaf9f76ae3544d42f7b0bc93716650d2717f74de453,not-applicable,json,False,True,local generated or runtime asset,unknown; manual review required,LOCAL_ONLY,not established,no portable success claim
repository,08_media/HiEuler_PI_ModelZoo-live/src/samples/built-in/depth/Depth-Anything-v2/data/file_list_1.json,123,cd0360c92963c20a67d9c3015629dca93cdce7dbecefebd5926bfae2db7dbaaf,not-applicable,json,False,True,local generated or runtime asset,unknown; manual review required,LOCAL_ONLY,not established,no portable success claim
repository,08_media/HiEuler_PI_ModelZoo-live/src/samples/built-in/depth/Depth-Anything-v2/src/acl.json,2,44136fa355b3678a1146ad16f7e8649e94fb4fc21fe77e8310c060f61caaff8a,not-applicable,json,False,True,local generated or runtime asset,unknown; manual review required,LOCAL_ONLY,not established,no portable success claim
repository,08_media/HiEuler_PI_ModelZoo-live/src/samples/built-in/depth/LRStereo-B/LRStereo-B.json,3207,2ebeb011e6a2211009d49c3149fce45d137d423db287d12c9824d482b76c7b9c,not-applicable,json,False,True,local generated or runtime asset,unknown; manual review required,LOCAL_ONLY,not established,no portable success claim
repository,08_media/HiEuler_PI_ModelZoo-live/src/samples/built-in/depth/LRStereo-B/data/file_list.json,62429,27cfe1cc68ace2fda02ba3d51f2d8cfd1cded6f2e49d95295437317bc2c4bed8,not-applicable,json,False,True,local generated or runtime asset,unknown; manual review required,LOCAL_ONLY,not established,no portable success claim
repository,08_media/HiEuler_PI_ModelZoo-live/src/samples/built-in/depth/LRStereo-B/data/file_list_1.json,176,d32932c18c32f03832eb31d9e3acab0c2e4d74b6be068832b1c449e28ed8a2f4,not-applicable,json,False,True,local generated or runtime asset,unknown; manual review required,LOCAL_ONLY,not established,no portable success claim
repository,08_media/HiEuler_PI_ModelZoo-live/src/samples/built-in/depth/LRStereo-B/src/acl.json,2,44136fa355b3678a1146ad16f7e8649e94fb4fc21fe77e8310c060f61caaff8a,not-applicable,json,False,True,local generated or runtime asset,unknown; manual review required,LOCAL_ONLY,not established,no portable success claim
repository,08_media/HiEuler_PI_ModelZoo-live/src/samples/built-in/detection/PFLD/PFLD.json,4287,cbb351d99145476fa6e73b2be2ac285fe0abc61b522c9eedd2285d8aeb3003e8,not-applicable,json,False,True,local generated or runtime asset,unknown; manual review required,LOCAL_ONLY,not established,no portable success claim
repository,08_media/HiEuler_PI_ModelZoo-live/src/samples/built-in/detection/PFLD/data/file_list.json,344,af447a232428dd0d46ce68bd8b3f1493ee066b2fdbadc24220336092efdbbb72,not-applicable,json,False,True,local generated or runtime asset,unknown; manual review required,LOCAL_ONLY,not established,no portable success claim
repository,08_media/HiEuler_PI_ModelZoo-live/src/samples/built-in/detection/PFLD/data/file_list_1.json,123,fabb67ea1422a6cb8832e61acfff3048892a6f4c798e601cfe9ddf79c717e744,not-applicable,json,False,True,local generated or runtime asset,unknown; manual review required,LOCAL_ONLY,not established,no portable success claim
repository,08_media/HiEuler_PI_ModelZoo-live/src/samples/built-in/detection/PFLD/src/acl.json,2,44136fa355b3678a1146ad16f7e8649e94fb4fc21fe77e8310c060f61caaff8a,not-applicable,json,False,True,local generated or runtime asset,unknown; manual review required,LOCAL_ONLY,not established,no portable success claim
repository,08_media/HiEuler_PI_ModelZoo-live/src/samples/built-in/detection/yolov4/data/file_list.json,221,7cc293e1a5477dda7b3bc9e068ac33acc24b8bef141d7fd06ffb7953149d2071,not-applicable,json,False,True,local generated or runtime asset,unknown; manual review required,LOCAL_ONLY,not established,no portable success claim
repository,08_media/HiEuler_PI_ModelZoo-live/src/samples/built-in/detection/yolov4/data/file_list_1.json,122,ab2f51c6d7243e26adb1e4d59af6e4215fbac1ee1758efb928c02020d167d237,not-applicable,json,False,True,local generated or runtime asset,unknown; manual review required,LOCAL_ONLY,not established,no portable success claim
repository,08_media/HiEuler_PI_ModelZoo-live/src/samples/built-in/detection/yolov4/src/acl.json,8,9c35abd88a6e28a33eadfd85342306bcad0e330e767f6e3b83464ed003479c6f,not-applicable,json,False,True,local generated or runtime asset,unknown; manual review required,LOCAL_ONLY,not established,no portable success claim
repository,08_media/HiEuler_PI_ModelZoo-live/src/samples/built-in/detection/yolov4/yolov4.json,4432,d77b511ed70a1f3e5b5379ad059ff9621a8ac28fd05cbbed0e73c256ff2eaf7a,not-applicable,json,False,True,local generated or runtime asset,unknown; manual review required,LOCAL_ONLY,not established,no portable success claim
repository,08_media/HiEuler_PI_ModelZoo-live/src/samples/built-in/embodied_intelligence/GraspNet/GraspNet.json,2629,f82b4e710c58d1ba31f754bbf5c7422521191967e8c1ff3e441d271580a19956,not-applicable,json,False,True,local generated or runtime asset,unknown; manual review required,LOCAL_ONLY,not established,no portable success claim
repository,08_media/HiEuler_PI_ModelZoo-live/src/samples/built-in/embodied_intelligence/GraspNet/data/file_list_1.json,205,fab482fcde0e6095f182fd8caa7bb220fe5975246f83e7c96b397765f4eceef8,not-applicable,json,False,True,local generated or runtime asset,unknown; manual review required,LOCAL_ONLY,not established,no portable success claim
repository,08_media/HiEuler_PI_ModelZoo-live/src/samples/built-in/embodied_intelligence/GraspNet/src/acl.json,2,44136fa355b3678a1146ad16f7e8649e94fb4fc21fe77e8310c060f61caaff8a,not-applicable,json,False,True,local generated or runtime asset,unknown; manual review required,LOCAL_ONLY,not established,no portable success claim
repository,08_media/HiEuler_PI_ModelZoo-live/src/samples/built-in/embodied_intelligence/Pi0/Pi0.json,2759,87d919646091a5c6e4689828992c5cac8593b26f07907e6c0d3306d0b2723d00,not-applicable,json,False,True,local generated or runtime asset,unknown; manual review required,LOCAL_ONLY,not established,no portable success claim
repository,08_media/HiEuler_PI_ModelZoo-live/src/samples/built-in/embodied_intelligence/Pi0/data/action_stats.json,883,a77026d84ebaebf666632219eb21c298fb834ca76b6410d0f3aa1be869ddfb82,not-applicable,json,False,True,local generated or runtime asset,unknown; manual review required,LOCAL_ONLY,not established,no portable success claim
repository,08_media/HiEuler_PI_ModelZoo-live/src/samples/built-in/embodied_intelligence/Pi0/data/file_list.json,101045,a3f47b2d4fc16a73d6fa1e3b9d35d97d17d6068cd60f768bac35b304bbd4df35,not-applicable,json,False,True,local generated or runtime asset,unknown; manual review required,LOCAL_ONLY,not established,no portable success claim
repository,08_media/HiEuler_PI_ModelZoo-live/src/samples/built-in/embodied_intelligence/Pi0/data/file_list_1.json,247,d0499c2581ae63771758f3b03dfccc6a5a15d1a961f14d154a7acb0eb44a859a,not-applicable,json,False,True,local generated or runtime asset,unknown; manual review required,LOCAL_ONLY,not established,no portable success claim
repository,08_media/HiEuler_PI_ModelZoo-live/src/samples/built-in/embodied_intelligence/Pi0/src/acl.json,2,44136fa355b3678a1146ad16f7e8649e94fb4fc21fe77e8310c060f61caaff8a,not-applicable,json,False,True,local generated or runtime asset,unknown; manual review required,LOCAL_ONLY,not established,no portable success claim
repository,08_media/HiEuler_PI_ModelZoo-live/src/samples/built-in/ocr/CRNN/CRNN.json,4464,4c5cb5a1ea0b2eff526718ecbccfea3b9aa7819b70b403b7f55f79cb935a6ac4,not-applicable,json,False,True,local generated or runtime asset,unknown; manual review required,LOCAL_ONLY,not established,no portable success claim
repository,08_media/HiEuler_PI_ModelZoo-live/src/samples/built-in/ocr/CRNN/data/file_list.json,817482,f7271e9fcec627a312e72d796c15a304e1c42cc170e05cef40d80df605d3c7d5,not-applicable,json,False,True,local generated or runtime asset,unknown; manual review required,LOCAL_ONLY,not established,no portable success claim
repository,08_media/HiEuler_PI_ModelZoo-live/src/samples/built-in/ocr/CRNN/data/file_list_1.json,123,cb6f713d3cd8bf3d5cbc4815c4d44b4afd765069628653a936221c204f77800d,not-applicable,json,False,True,local generated or runtime asset,unknown; manual review required,LOCAL_ONLY,not established,no portable success claim
repository,08_media/HiEuler_PI_ModelZoo-live/src/samples/built-in/ocr/CRNN/get_calibration_file.sh,461,3176a177de0aa7f256914360a4cdc8ce723145dbf78671bc3b69648f402ae9d9,not-applicable,sh,False,True,local generated or runtime asset,unknown; manual review required,LOCAL_ONLY,not established,no portable success claim
repository,08_media/HiEuler_PI_ModelZoo-live/src/samples/built-in/ocr/CRNN/src/acl.json,2,44136fa355b3678a1146ad16f7e8649e94fb4fc21fe77e8310c060f61caaff8a,not-applicable,json,False,True,local generated or runtime asset,unknown; manual review required,LOCAL_ONLY,not established,no portable success claim
repository,08_media/HiEuler_PI_ModelZoo-live/src/samples/built-in/ocr/PaddleOCRv4-det/PaddleOCRv4-det.json,4152,f496dd86a757f8317df5d9a5318089a2ca9d560119192aa9a4cb630be10ee6d0,not-applicable,json,False,True,local generated or runtime asset,unknown; manual review required,LOCAL_ONLY,not established,no portable success claim
repository,08_media/HiEuler_PI_ModelZoo-live/src/samples/built-in/ocr/PaddleOCRv4-det/data/file_list_1.json,123,71fc55d654861f19122a30bb5f4df8111e863831ee1047c50ea45bed03d9e9f7,not-applicable,json,False,True,local generated or runtime asset,unknown; manual review required,LOCAL_ONLY,not established,no portable success claim
repository,08_media/HiEuler_PI_ModelZoo-live/src/samples/built-in/ocr/PaddleOCRv4-det/src/acl.json,4,e3566b3a06430868d71e9287dfd6c6c520a3da027aabea01951d407ee131dc2f,not-applicable,json,False,True,local generated or runtime asset,unknown; manual review required,LOCAL_ONLY,not established,no portable success claim
repository,08_media/HiEuler_PI_ModelZoo-live/src/samples/built-in/ocr/PaddleOCRv4-rec/PaddleOCRv4-rec.json,3635,99605549da4ef55fc87371840240c36ef3bda0fb832ebea7b3fcd29adea9585b,not-applicable,json,False,True,local generated or runtime asset,unknown; manual review required,LOCAL_ONLY,not established,no portable success claim
repository,08_media/HiEuler_PI_ModelZoo-live/src/samples/built-in/ocr/PaddleOCRv4-rec/data/file_list_1.json,122,6f6da08573ae8fa650a0f8b383f0d6fa3da73a84033f13864801372c0861e088,not-applicable,json,False,True,local generated or runtime asset,unknown; manual review required,LOCAL_ONLY,not established,no portable success claim
repository,08_media/HiEuler_PI_ModelZoo-live/src/samples/built-in/ocr/PaddleOCRv4-rec/src/acl.json,2,44136fa355b3678a1146ad16f7e8649e94fb4fc21fe77e8310c060f61caaff8a,not-applicable,json,False,True,local generated or runtime asset,unknown; manual review required,LOCAL_ONLY,not established,no portable success claim
repository,08_media/HiEuler_PI_ModelZoo-live/src/samples/built-in/point/SuperPoint/SuperPoint.json,4379,0655724dd84c7174f63cd23ce4f101aac3d862778f43085bfb4e0361d8880be9,not-applicable,json,False,True,local generated or runtime asset,unknown; manual review required,LOCAL_ONLY,not established,no portable success claim
repository,08_media/HiEuler_PI_ModelZoo-live/src/samples/built-in/point/SuperPoint/data/file_list.json,52037,9495aec9317167a0e1628550a757f004aaf8c7df9a1b2fdd85fc3b1e9580bdd7,not-applicable,json,False,True,local generated or runtime asset,unknown; manual review required,LOCAL_ONLY,not established,no portable success claim
repository,08_media/HiEuler_PI_ModelZoo-live/src/samples/built-in/point/SuperPoint/data/file_list_1.json,122,ffab15ee8e5f13a877442f4788933888144501de2b1258c40ca0c00185ab299f,not-applicable,json,False,True,local generated or runtime asset,unknown; manual review required,LOCAL_ONLY,not established,no portable success claim
repository,08_media/HiEuler_PI_ModelZoo-live/src/samples/built-in/point/SuperPoint/src/acl.json,2,44136fa355b3678a1146ad16f7e8649e94fb4fc21fe77e8310c060f61caaff8a,not-applicable,json,False,True,local generated or runtime asset,unknown; manual review required,LOCAL_ONLY,not established,no portable success claim
repository,08_media/HiEuler_PI_ModelZoo-live/src/samples/built-in/pose/HRNet/HRNet.json,4832,5da2ef258990b1754a812912df1f6694e22686b877f5578093c1c4a9bc6ed51f,not-applicable,json,False,True,local generated or runtime asset,unknown; manual review required,LOCAL_ONLY,not established,no portable success claim
repository,08_media/HiEuler_PI_ModelZoo-live/src/samples/built-in/pose/HRNet/data/file_list_1.json,125,09d3e6ecf82b32c9500e8eff3bd71ada5002cc19cf6699dd73de73dfdb6be093,not-applicable,json,False,True,local generated or runtime asset,unknown; manual review required,LOCAL_ONLY,not established,no portable success claim
repository,08_media/HiEuler_PI_ModelZoo-live/src/samples/built-in/recognition/FaceNet/data/file_list.json,229,9a50d9b87622a39c677b81da6d8d68d6250781d0339ed85284ddc6b150b30fb6,not-applicable,json,False,True,local generated or runtime asset,unknown; manual review required,LOCAL_ONLY,not established,no portable success claim
repository,08_media/HiEuler_PI_ModelZoo-live/src/samples/built-in/recognition/FaceNet/data/file_list_1.json,123,35c5b76d1c40aa1156e0ddda162cefd90af72b9ef0411901f308bd2a74213a1a,not-applicable,json,False,True,local generated or runtime asset,unknown; manual review required,LOCAL_ONLY,not established,no portable success claim
repository,08_media/HiEuler_PI_ModelZoo-live/src/samples/built-in/recognition/FaceNet/facenet.json,4676,72df5daa8a4927eb75d6b2207b4c297b6e6c60d6ddd3f3a75f3b74db32cbc747,not-applicable,json,False,True,local generated or runtime asset,unknown; manual review required,LOCAL_ONLY,not established,no portable success claim
repository,08_media/HiEuler_PI_ModelZoo-live/src/samples/built-in/recognition/FaceNet/src/acl.json,2,44136fa355b3678a1146ad16f7e8649e94fb4fc21fe77e8310c060f61caaff8a,not-applicable,json,False,True,local generated or runtime asset,unknown; manual review required,LOCAL_ONLY,not established,no portable success claim
repository,08_media/HiEuler_PI_ModelZoo-live/src/samples/built-in/recognition/SiameseNetwork/SiameseNetwork.json,4020,ab2db13959b018e6458928f2b5c484906ac15ff386b9c1382a17fc4147cc1778,not-applicable,json,False,True,local generated or runtime asset,unknown; manual review required,LOCAL_ONLY,not established,no portable success claim
repository,08_media/HiEuler_PI_ModelZoo-live/src/samples/built-in/recognition/SiameseNetwork/data/file_list_1.json,179,a612610c03576eeb7ce1e3f82f5d65d339a00bc8ca7cc40ebf80486bdb1d7fef,not-applicable,json,False,True,local generated or runtime asset,unknown; manual review required,LOCAL_ONLY,not established,no portable success claim
repository,08_media/HiEuler_PI_ModelZoo-live/src/samples/built-in/recognition/SiameseNetwork/src/acl.json,2,44136fa355b3678a1146ad16f7e8649e94fb4fc21fe77e8310c060f61caaff8a,not-applicable,json,False,True,local generated or runtime asset,unknown; manual review required,LOCAL_ONLY,not established,no portable success claim
repository,08_media/HiEuler_PI_ModelZoo-live/src/samples/built-in/segmentation/TinySam/TinySam.json,3339,45af71732b89872a05166545088cec49ec9208b2696f42c471633cb41d2bdccf,not-applicable,json,False,True,local generated or runtime asset,unknown; manual review required,LOCAL_ONLY,not established,no portable success claim
repository,08_media/HiEuler_PI_ModelZoo-live/src/samples/built-in/segmentation/TinySam/data/file_list_1.json,572,a4f3b2f02a9cfe27adcad37cbf05a4207c864a8a64828b63fc8191948c226b35,not-applicable,json,False,True,local generated or runtime asset,unknown; manual review required,LOCAL_ONLY,not established,no portable success claim
repository,08_media/HiEuler_PI_ModelZoo-live/src/samples/built-in/segmentation/TinySam/script/generate_om.sh,2540,fc4314b4597f9880445d75cac6685bb0bdd4a21c23b3dbe71f3faee9ff2b57ba,not-applicable,sh,False,True,local generated or runtime asset,unknown; manual review required,LOCAL_ONLY,not established,no portable success claim
repository,08_media/HiEuler_PI_ModelZoo-live/src/samples/built-in/segmentation/TinySam/script/qconfigs/ifmr_quantize_cube_only.yml,2512,391e4e1eeb612f37421c34126855175d654e90740eb3e3e35f050b46a5af01d7,not-applicable,yml,False,True,local generated or runtime asset,unknown; manual review required,LOCAL_ONLY,not established,no portable success claim
repository,08_media/HiEuler_PI_ModelZoo-live/src/samples/built-in/segmentation/TinySam/script/qconfigs/ifmr_quantize_high_precision.yml,2983,e56b122a1f7999adca9e1c84fb351ea92aeefe2528147103538646e104d97705,not-applicable,yml,False,True,local generated or runtime asset,unknown; manual review required,LOCAL_ONLY,not established,no portable success claim
repository,08_media/HiEuler_PI_ModelZoo-live/src/samples/built-in/segmentation/TinySam/script/qconfigs/ifmr_quantize_image_encoder.yml,3319,aa4a74e4025895427a9d5d3adc21dfd025e96d7ce129f52bf2c1357934326ad0,not-applicable,yml,False,True,local generated or runtime asset,unknown; manual review required,LOCAL_ONLY,not established,no portable success claim
repository,08_media/HiEuler_PI_ModelZoo-live/src/samples/built-in/segmentation/TinySam/script/qconfigs/ifmr_quantize_mask_decoder.yml,3523,a185129f112233f3fe732645fb2564be27b6cf5733318eb7e2256253117550f7,not-applicable,yml,False,True,local generated or runtime asset,unknown; manual review required,LOCAL_ONLY,not established,no portable success claim
repository,08_media/HiEuler_PI_ModelZoo-live/src/samples/built-in/segmentation/TinySam/script/qconfigs/ifmr_quantize_prompt_encoder.yml,1510,e6a2ee95c3e4134aea9853d587ff6572b1aec20b0ed7d5005fbc34ad3e35d349,not-applicable,yml,False,True,local generated or runtime asset,unknown; manual review required,LOCAL_ONLY,not established,no portable success claim
repository,08_media/HiEuler_PI_ModelZoo-live/src/samples/built-in/segmentation/TinySam/script/qconfigs/ifmr_quantize_prompt_encoder_point_input.yml,1179,4c8f2e5dc3f331db2f14b2cbfcee756717e68bcbdf3fe6a5105a478e25b39831,not-applicable,yml,False,True,local generated or runtime asset,unknown; manual review required,LOCAL_ONLY,not established,no portable success claim
repository,08_media/HiEuler_PI_ModelZoo-live/src/samples/built-in/super_resolution/CodeFormer/codeformer.json,4570,f8750e7ab8cd7513a5a6da383c940776e96259e85752b5de721c65a9cff39800,not-applicable,json,False,True,local generated or runtime asset,unknown; manual review required,LOCAL_ONLY,not established,no portable success claim
repository,08_media/HiEuler_PI_ModelZoo-live/src/samples/built-in/super_resolution/CodeFormer/data/file_list.json,30629,122eb931349b39930d0080c9afe2c177a221e0ed81571fdab203f889e25054ec,not-applicable,json,False,True,local generated or runtime asset,unknown; manual review required,LOCAL_ONLY,not established,no portable success claim
repository,08_media/HiEuler_PI_ModelZoo-live/src/samples/built-in/super_resolution/CodeFormer/data/file_list_1.json,122,5c43c4862dafcc901896b01d66ebc22944f039ed1d0b25199363c3ec77844014,not-applicable,json,False,True,local generated or runtime asset,unknown; manual review required,LOCAL_ONLY,not established,no portable success claim
repository,08_media/HiEuler_PI_ModelZoo-live/src/samples/built-in/super_resolution/CodeFormer/src/acl.json,2,44136fa355b3678a1146ad16f7e8649e94fb4fc21fe77e8310c060f61caaff8a,not-applicable,json,False,True,local generated or runtime asset,unknown; manual review required,LOCAL_ONLY,not established,no portable success claim
repository,08_media/HiEuler_PI_ModelZoo-live/src/samples/built-in/super_resolution/VDSR/data/file_list.json,1097,e8fba898ff8cb32998f3157f93fb6f123e3f7da4f90830690bd1431f7503b702,not-applicable,json,False,True,local generated or runtime asset,unknown; manual review required,LOCAL_ONLY,not established,no portable success claim
repository,08_media/HiEuler_PI_ModelZoo-live/src/samples/built-in/super_resolution/VDSR/data/file_list_1.json,115,751c7ac294d2375fa810779cac3a9a975e8470b64296006c6e974df2f691ef89,not-applicable,json,False,True,local generated or runtime asset,unknown; manual review required,LOCAL_ONLY,not established,no portable success claim
repository,08_media/HiEuler_PI_ModelZoo-live/src/samples/built-in/super_resolution/VDSR/src/acl.json,2,44136fa355b3678a1146ad16f7e8649e94fb4fc21fe77e8310c060f61caaff8a,not-applicable,json,False,True,local generated or runtime asset,unknown; manual review required,LOCAL_ONLY,not established,no portable success claim
repository,08_media/HiEuler_PI_ModelZoo-live/src/samples/built-in/super_resolution/VDSR/vdsr.json,4420,972a130d4e968ccf896c62b9a76599b4efea03a1bc2f35d94af760f9c8b92f8f,not-applicable,json,False,True,local generated or runtime asset,unknown; manual review required,LOCAL_ONLY,not established,no portable success claim
repository,08_media/HiEuler_PI_ModelZoo-live/src/samples/built-in/tracking/deepsort/data/deepsort.json,217,969401311441a1b67d9ba5e16345c44f82ce67fa6e50d6703b5db7c2d8fb8966,not-applicable,json,False,True,local generated or runtime asset,unknown; manual review required,LOCAL_ONLY,not established,no portable success claim
repository,08_media/HiEuler_PI_ModelZoo-live/src/samples/built-in/tracking/deepsort/deepsort.json,3903,84e63dc51b155a548463188eb3649aebc0a766d16b1a9f74425dadf0b3aa4e36,not-applicable,json,False,True,local generated or runtime asset,unknown; manual review required,LOCAL_ONLY,not established,no portable success claim
repository,08_media/HiEuler_PI_ModelZoo-live/src/samples/built-in/vlm/MiniCPM/MiniCPM.json,3671,04b35c88dbfce8dbcbefdbada0f34d6fd22adea97ec5f3049145f98a2dc2f217,not-applicable,json,False,True,local generated or runtime asset,unknown; manual review required,LOCAL_ONLY,not established,no portable success claim
repository,08_media/HiEuler_PI_ModelZoo-live/src/samples/built-in/vlm/MiniCPM/data/file_list.json,148,30b42a3cc4b611b945875d1f76281af4435754cf3304d8de70f4b9efc201182a,not-applicable,json,False,True,local generated or runtime asset,unknown; manual review required,LOCAL_ONLY,not established,no portable success claim
repository,08_media/HiEuler_PI_ModelZoo-live/src/samples/built-in/vlm/MiniCPM/data/file_list_1.json,164,86dab00d6b61a827f4b023762c5757e69599ceee17bd8162871f2347663efe7d,not-applicable,json,False,True,local generated or runtime asset,unknown; manual review required,LOCAL_ONLY,not established,no portable success claim
repository,08_media/HiEuler_PI_ModelZoo-live/src/samples/built-in/vlm/MiniCPM/src/acl.json,2,44136fa355b3678a1146ad16f7e8649e94fb4fc21fe77e8310c060f61caaff8a,not-applicable,json,False,True,local generated or runtime asset,unknown; manual review required,LOCAL_ONLY,not established,no portable success claim
repository,08_media/HiEuler_PI_ModelZoo-live/src/samples/common/lib/aarch64_linux/nnn/libinfer_common.so,1170192,da79ae06239677bc1ef0ce3ccaf82645487fccdd1a63d00b5e33e2afa49d7ef2,AArch64,ELF64,False,True,local generated or runtime asset,unknown; manual review required,LOCAL_ONLY,not established,no portable success claim
repository,08_media/HiEuler_PI_ModelZoo-live/src/samples/common/lib/aarch64_linux/svp_nnn/libinfer_common.so,1229688,1fdab37f9ecb2b0385ce873d1e421e88b1fe2e2188b7feecdd7d71b6a2d854ec,AArch64,ELF64,False,True,local generated or runtime asset,unknown; manual review required,LOCAL_ONLY,SS928 family; exact image match requires validation,no portable success claim
repository,08_media/HiEuler_PI_ModelZoo-live/src/samples/common/lib/aarch64_ohos/svp_nnn/libinfer_common.so,1140824,1e045e5a57ab798a0fde7891a6cf74b568198478d37ba128f5a7a2daed3dd0b6,AArch64,ELF64,False,True,local generated or runtime asset,unknown; manual review required,LOCAL_ONLY,SS928 family; exact image match requires validation,no portable success claim
repository,08_media/HiEuler_PI_ModelZoo-live/src/samples/contribute/ACT/NNN/src/acl.json,4,bac6a76645c48064f198e711301492ace386110831d381f33ba68a3db6847bd4,not-applicable,json,False,True,local generated or runtime asset,unknown; manual review required,LOCAL_ONLY,not established,no portable success claim
repository,08_media/HiEuler_PI_ModelZoo-live/src/samples/contribute/ACT/SVP_NNN/data/observation.images.top_240_320.bin,921600,5532c435b6d9f023984f1bec4a4bf5185283b93fdb050365b949d69f659a379b,not-applicable,bin,False,True,local generated or runtime asset,unknown; manual review required,LOCAL_ONLY,SS928 family; exact image match requires validation,no portable success claim
repository,08_media/HiEuler_PI_ModelZoo-live/src/samples/contribute/ACT/SVP_NNN/data/observation.images.wrist_240_320.bin,921600,823c53c497bb5c8f476b4ce0c9d1cda9409030d369027af5acbad77c3b3233a6,not-applicable,bin,False,True,local generated or runtime asset,unknown; manual review required,LOCAL_ONLY,SS928 family; exact image match requires validation,no portable success claim
repository,08_media/HiEuler_PI_ModelZoo-live/src/samples/contribute/ACT/SVP_NNN/data/observation.state_240_320.bin,24,492cff1f07d871fc9b6f31d5e0136a09c4d332bfb84fa07d618551172e2fb536,not-applicable,bin,False,True,local generated or runtime asset,unknown; manual review required,LOCAL_ONLY,SS928 family; exact image match requires validation,no portable success claim
repository,08_media/HiEuler_PI_ModelZoo-live/src/samples/contribute/ACT/SVP_NNN/src/acl.json,4,bac6a76645c48064f198e711301492ace386110831d381f33ba68a3db6847bd4,not-applicable,json,False,True,local generated or runtime asset,unknown; manual review required,LOCAL_ONLY,SS928 family; exact image match requires validation,no portable success claim
repository,08_media/HiEuler_PI_ModelZoo-live/src/samples/contribute/build_config.json,8,285386bcbda5b2338822b19266a2b90c6d87e9da18401f9148c69e469c11bcb7,not-applicable,json,False,True,local generated or runtime asset,unknown; manual review required,LOCAL_ONLY,not established,no portable success claim
repository,08_media/HiEuler_PI_ModelZoo-live/src/samples/opensource/opencv/lib/libade.a,597000,8e3e23a4be09856d5309ad5926cdec81224f54083a47cf2f7e3b1d48e2c718c8,not-applicable,a,False,True,local generated or runtime asset,unknown; manual review required,LOCAL_ONLY,not established,no portable success claim
repository,08_media/HiEuler_PI_ModelZoo-live/src/samples/opensource/opencv/lib/libittnotify.a,216610,0896e87fe46240073f1e3b5a7dc95d6bc8f0237c402c9d0e8a34cde22502c04d,not-applicable,a,False,True,local generated or runtime asset,unknown; manual review required,LOCAL_ONLY,not established,no portable success claim
repository,08_media/HiEuler_PI_ModelZoo-live/src/samples/opensource/opencv/lib/liblibjpeg-turbo.a,975032,7d8f4898b31e4383da68bd6c921c9ed93f6acb4f7fcc51f6ef776602eb503137,not-applicable,a,False,True,local generated or runtime asset,unknown; manual review required,LOCAL_ONLY,not established,no portable success claim
repository,08_media/HiEuler_PI_ModelZoo-live/src/samples/opensource/opencv/lib/liblibopenjp2.a,660056,1e9ebc2283e5dd41e836c9ab0214f8802ef1f5adbe547264d74f8c063c1af201,not-applicable,a,False,True,local generated or runtime asset,unknown; manual review required,LOCAL_ONLY,not established,no portable success claim
repository,08_media/HiEuler_PI_ModelZoo-live/src/samples/opensource/opencv/lib/libopencv_world.a,34733502,f6a03a6fffd1fdd6d176f24deaf5772493d89250ed714faedad7517f267e4b06,not-applicable,a,False,True,local generated or runtime asset,unknown; manual review required,LOCAL_ONLY,not established,no portable success claim
repository,08_media/HiEuler_PI_ModelZoo-live/src/samples/opensource/opencv/lib/libzlib.a,198964,1ed869d0f6d809eb0b2e3a6b670f337c7dc7e5eb720d6d0c10080da4878dda6c,not-applicable,a,False,True,local generated or runtime asset,unknown; manual review required,LOCAL_ONLY,not established,no portable success claim
repository,08_media/HiEuler_PI_ModelZoo-live/src/samples/opensource/opensource_softwares.json,329,ed51ee2850d533d916872f89da69dc845363e9b2517d271124c424dce47b933f,not-applicable,json,False,True,local generated or runtime asset,unknown; manual review required,LOCAL_ONLY,not established,no portable success claim
repository,08_media/HiEuler_PI_ModelZoo-live/src/samples/samples_GPL/build_config.json,6157,56334b1102a0ba2e53614916b50a4a5ce640515ea8acf7a1a3a8292a14c24798,not-applicable,json,False,True,local generated or runtime asset,unknown; manual review required,LOCAL_ONLY,not established,no portable success claim
repository,08_media/HiEuler_PI_ModelZoo-live/src/samples/samples_GPL/built-in/UNet/UNet.json,3829,b3b0ff2c2b47e2adc3d4520dc69de8af7a46e1e5042039bc62dae5237c726867,not-applicable,json,False,True,local generated or runtime asset,unknown; manual review required,LOCAL_ONLY,not established,no portable success claim
repository,08_media/HiEuler_PI_ModelZoo-live/src/samples/samples_GPL/built-in/UNet/data/file_list_1.json,121,6e3e16b19a9f7dafd776e74d020ca3433a35e59bd41fb01fe01242758d8e5451,not-applicable,json,False,True,local generated or runtime asset,unknown; manual review required,LOCAL_ONLY,not established,no portable success claim
repository,08_media/HiEuler_PI_ModelZoo-live/src/samples/samples_GPL/built-in/UNet/src/acl.json,2,44136fa355b3678a1146ad16f7e8649e94fb4fc21fe77e8310c060f61caaff8a,not-applicable,json,False,True,local generated or runtime asset,unknown; manual review required,LOCAL_ONLY,not established,no portable success claim
repository,08_media/HiEuler_PI_ModelZoo-live/src/samples/samples_GPL/built-in/yolo11s-pose/data/file_list.json,221,7cc293e1a5477dda7b3bc9e068ac33acc24b8bef141d7fd06ffb7953149d2071,not-applicable,json,False,True,local generated or runtime asset,unknown; manual review required,LOCAL_ONLY,not established,no portable success claim
repository,08_media/HiEuler_PI_ModelZoo-live/src/samples/samples_GPL/built-in/yolo11s-pose/data/file_list_1.json,122,ab2f51c6d7243e26adb1e4d59af6e4215fbac1ee1758efb928c02020d167d237,not-applicable,json,False,True,local generated or runtime asset,unknown; manual review required,LOCAL_ONLY,not established,no portable success claim
repository,08_media/HiEuler_PI_ModelZoo-live/src/samples/samples_GPL/built-in/yolo11s-pose/src/acl.json,6,d3c4616624ab2de30908224a0b59d96d3a7ab1d0cc4883eb2be83d24ef3377eb,not-applicable,json,False,True,local generated or runtime asset,unknown; manual review required,LOCAL_ONLY,not established,no portable success claim
repository,08_media/HiEuler_PI_ModelZoo-live/src/samples/samples_GPL/built-in/yolo11s-pose/yolo11s-pose.json,4648,9eabaa7381da2306f7cbfee22f0eccbd54738d8aa4ebd44b1947d4b511edc939,not-applicable,json,False,True,local generated or runtime asset,unknown; manual review required,LOCAL_ONLY,not established,no portable success claim
repository,08_media/HiEuler_PI_ModelZoo-live/src/samples/samples_GPL/built-in/yolo11s-seg/data/file_list.json,221,456d5716a4692f58c3345b7d8389d85f4205482d6b738855ffa768246869b9c0,not-applicable,json,False,True,local generated or runtime asset,unknown; manual review required,LOCAL_ONLY,not established,no portable success claim
repository,08_media/HiEuler_PI_ModelZoo-live/src/samples/samples_GPL/built-in/yolo11s-seg/data/file_list_1.json,122,ab2f51c6d7243e26adb1e4d59af6e4215fbac1ee1758efb928c02020d167d237,not-applicable,json,False,True,local generated or runtime asset,unknown; manual review required,LOCAL_ONLY,not established,no portable success claim
repository,08_media/HiEuler_PI_ModelZoo-live/src/samples/samples_GPL/built-in/yolo11s-seg/src/acl.json,6,d3c4616624ab2de30908224a0b59d96d3a7ab1d0cc4883eb2be83d24ef3377eb,not-applicable,json,False,True,local generated or runtime asset,unknown; manual review required,LOCAL_ONLY,not established,no portable success claim
repository,08_media/HiEuler_PI_ModelZoo-live/src/samples/samples_GPL/built-in/yolo11s-seg/yolo11s-seg.json,4690,4285e0a1761d6c1aa0f91d9a4ba5a18b4f0a5008c1c767415a7d49be70dfa0d1,not-applicable,json,False,True,local generated or runtime asset,unknown; manual review required,LOCAL_ONLY,not established,no portable success claim
repository,08_media/HiEuler_PI_ModelZoo-live/src/samples/samples_GPL/built-in/yolo11s/data/file_list_1.json,122,ab2f51c6d7243e26adb1e4d59af6e4215fbac1ee1758efb928c02020d167d237,not-applicable,json,False,True,local generated or runtime asset,unknown; manual review required,LOCAL_ONLY,not established,no portable success claim
repository,08_media/HiEuler_PI_ModelZoo-live/src/samples/samples_GPL/built-in/yolo11s/src/acl.json,2,44136fa355b3678a1146ad16f7e8649e94fb4fc21fe77e8310c060f61caaff8a,not-applicable,json,False,True,local generated or runtime asset,unknown; manual review required,LOCAL_ONLY,not established,no portable success claim
repository,08_media/HiEuler_PI_ModelZoo-live/src/samples/samples_GPL/built-in/yolo11s/yolo11s.json,4373,e09acf262c32b003f6de764b52ae06048dad8e9f8e902c1305d28d511aa61521,not-applicable,json,False,True,local generated or runtime asset,unknown; manual review required,LOCAL_ONLY,not established,no portable success claim
repository,08_media/HiEuler_PI_ModelZoo-live/src/samples/samples_GPL/built-in/yolov10s/data/file_list_1.json,121,6e3e16b19a9f7dafd776e74d020ca3433a35e59bd41fb01fe01242758d8e5451,not-applicable,json,False,True,local generated or runtime asset,unknown; manual review required,LOCAL_ONLY,not established,no portable success claim
repository,08_media/HiEuler_PI_ModelZoo-live/src/samples/samples_GPL/built-in/yolov10s/src/acl.json,2,44136fa355b3678a1146ad16f7e8649e94fb4fc21fe77e8310c060f61caaff8a,not-applicable,json,False,True,local generated or runtime asset,unknown; manual review required,LOCAL_ONLY,not established,no portable success claim
repository,08_media/HiEuler_PI_ModelZoo-live/src/samples/samples_GPL/built-in/yolov10s/yolov10s.json,2987,a4794948e16eede9a66e2dba617d2c71d039a9d1851646edd573d417c3f59fb6,not-applicable,json,False,True,local generated or runtime asset,unknown; manual review required,LOCAL_ONLY,not established,no portable success claim
repository,08_media/HiEuler_PI_ModelZoo-live/src/samples/samples_GPL/built-in/yolov3/data/file_list.json,269,7bd3112f40b5ca2915c78bbc9df019cc1eb331366eef0f3880f468a4f199d94b,not-applicable,json,False,True,local generated or runtime asset,unknown; manual review required,LOCAL_ONLY,not established,no portable success claim
repository,08_media/HiEuler_PI_ModelZoo-live/src/samples/samples_GPL/built-in/yolov3/data/file_list_1.json,122,77fc4f24c4c9f13e0859c2c56169a70946ada87a949d197a3c37d572fc6e5408,not-applicable,json,False,True,local generated or runtime asset,unknown; manual review required,LOCAL_ONLY,not established,no portable success claim
repository,08_media/HiEuler_PI_ModelZoo-live/src/samples/samples_GPL/built-in/yolov3/data/shapes.json,290003,4e259b2157b256c7d4d00f7c983ec235ac421639479e34271126d6ebd2b3e958,not-applicable,json,False,True,local generated or runtime asset,unknown; manual review required,LOCAL_ONLY,not established,no portable success claim
repository,08_media/HiEuler_PI_ModelZoo-live/src/samples/samples_GPL/built-in/yolov3/script/model.yaml,358,e038a0fe5102382feaa6f0437ddef2fd3cf6980c60474327faae88fd5b7edbe8,not-applicable,yaml,False,True,local generated or runtime asset,unknown; manual review required,LOCAL_ONLY,not established,no portable success claim
repository,08_media/HiEuler_PI_ModelZoo-live/src/samples/samples_GPL/built-in/yolov3/src/acl.json,2,44136fa355b3678a1146ad16f7e8649e94fb4fc21fe77e8310c060f61caaff8a,not-applicable,json,False,True,local generated or runtime asset,unknown; manual review required,LOCAL_ONLY,not established,no portable success claim
repository,08_media/HiEuler_PI_ModelZoo-live/src/samples/samples_GPL/built-in/yolov3/yolov3.json,4005,525bb51e95c7a2ad9cd9a109534eb16debe764205922d4078b1e7573ddafa589,not-applicable,json,False,True,local generated or runtime asset,unknown; manual review required,LOCAL_ONLY,not established,no portable success claim
repository,08_media/HiEuler_PI_ModelZoo-live/src/samples/samples_GPL/built-in/yolov5/data/file_list_1.json,122,77fc4f24c4c9f13e0859c2c56169a70946ada87a949d197a3c37d572fc6e5408,not-applicable,json,False,True,local generated or runtime asset,unknown; manual review required,LOCAL_ONLY,not established,no portable success claim
repository,08_media/HiEuler_PI_ModelZoo-live/src/samples/samples_GPL/built-in/yolov5/src/acl.json,5,69a29df10ddb77a52e399cb5b24dbeaf84b009b5f2f0b1b96568b6dcb833744c,not-applicable,json,False,True,local generated or runtime asset,unknown; manual review required,LOCAL_ONLY,not established,no portable success claim
repository,08_media/HiEuler_PI_ModelZoo-live/src/samples/samples_GPL/built-in/yolov5/yolov5.json,4497,81798ee490eaf94d115df8adb92ac4a5f8772dbbdac8e864186a63a9900a75dd,not-applicable,json,False,True,local generated or runtime asset,unknown; manual review required,LOCAL_ONLY,not established,no portable success claim
repository,08_media/HiEuler_PI_ModelZoo-live/src/samples/samples_GPL/built-in/yolov6s/data/file_list.json,221,7cc293e1a5477dda7b3bc9e068ac33acc24b8bef141d7fd06ffb7953149d2071,not-applicable,json,False,True,local generated or runtime asset,unknown; manual review required,LOCAL_ONLY,not established,no portable success claim
repository,08_media/HiEuler_PI_ModelZoo-live/src/samples/samples_GPL/built-in/yolov6s/data/file_list_1.json,122,ab2f51c6d7243e26adb1e4d59af6e4215fbac1ee1758efb928c02020d167d237,not-applicable,json,False,True,local generated or runtime asset,unknown; manual review required,LOCAL_ONLY,not established,no portable success claim
repository,08_media/HiEuler_PI_ModelZoo-live/src/samples/samples_GPL/built-in/yolov6s/src/acl.json,8,9c35abd88a6e28a33eadfd85342306bcad0e330e767f6e3b83464ed003479c6f,not-applicable,json,False,True,local generated or runtime asset,unknown; manual review required,LOCAL_ONLY,not established,no portable success claim
repository,08_media/HiEuler_PI_ModelZoo-live/src/samples/samples_GPL/built-in/yolov6s/yolov6s.json,4409,ceb2f9b5d6f84b377d2df3f5dc69c002cf199fbd26ac36cee063e01c176f356d,not-applicable,json,False,True,local generated or runtime asset,unknown; manual review required,LOCAL_ONLY,not established,no portable success claim
repository,08_media/HiEuler_PI_ModelZoo-live/src/samples/samples_GPL/built-in/yolov7/data/file_list_1.json,122,77fc4f24c4c9f13e0859c2c56169a70946ada87a949d197a3c37d572fc6e5408,not-applicable,json,False,True,local generated or runtime asset,unknown; manual review required,LOCAL_ONLY,not established,no portable success claim
repository,08_media/HiEuler_PI_ModelZoo-live/src/samples/samples_GPL/built-in/yolov7/src/acl.json,2,44136fa355b3678a1146ad16f7e8649e94fb4fc21fe77e8310c060f61caaff8a,not-applicable,json,False,True,local generated or runtime asset,unknown; manual review required,LOCAL_ONLY,not established,no portable success claim
repository,08_media/HiEuler_PI_ModelZoo-live/src/samples/samples_GPL/built-in/yolov7/yolov7.json,4361,4ccb6b7b9a529376c93d1422668dbbd45d5c81e8b1e9a43d0fa865eb1160dce7,not-applicable,json,False,True,local generated or runtime asset,unknown; manual review required,LOCAL_ONLY,not established,no portable success claim
repository,08_media/HiEuler_PI_ModelZoo-live/src/samples/samples_GPL/built-in/yolov8l/src/acl.json,5,69a29df10ddb77a52e399cb5b24dbeaf84b009b5f2f0b1b96568b6dcb833744c,not-applicable,json,False,True,local generated or runtime asset,unknown; manual review required,LOCAL_ONLY,not established,no portable success claim
repository,08_media/HiEuler_PI_ModelZoo-live/src/samples/samples_GPL/built-in/yolov8l/yolov8l.json,3032,83d973dc17fbaee5f77f3cca3e906cbf593d119903b35d2cef99e0a9e8670c11,not-applicable,json,False,True,local generated or runtime asset,unknown; manual review required,LOCAL_ONLY,not established,no portable success claim
repository,08_media/HiEuler_PI_ModelZoo-live/src/samples/samples_GPL/built-in/yolov8s-obb/data/file_list.json,326,3578cb201ad326030257252f8d07f8c270553c85e99bf54737a7423b280fdd49,not-applicable,json,False,True,local generated or runtime asset,unknown; manual review required,LOCAL_ONLY,not established,no portable success claim
repository,08_media/HiEuler_PI_ModelZoo-live/src/samples/samples_GPL/built-in/yolov8s-obb/data/file_list_1.json,122,ab2f51c6d7243e26adb1e4d59af6e4215fbac1ee1758efb928c02020d167d237,not-applicable,json,False,True,local generated or runtime asset,unknown; manual review required,LOCAL_ONLY,not established,no portable success claim
repository,08_media/HiEuler_PI_ModelZoo-live/src/samples/samples_GPL/built-in/yolov8s-seg/data/file_list.json,221,456d5716a4692f58c3345b7d8389d85f4205482d6b738855ffa768246869b9c0,not-applicable,json,False,True,local generated or runtime asset,unknown; manual review required,LOCAL_ONLY,not established,no portable success claim
repository,08_media/HiEuler_PI_ModelZoo-live/src/samples/samples_GPL/built-in/yolov8s-seg/data/file_list_1.json,122,ab2f51c6d7243e26adb1e4d59af6e4215fbac1ee1758efb928c02020d167d237,not-applicable,json,False,True,local generated or runtime asset,unknown; manual review required,LOCAL_ONLY,not established,no portable success claim
repository,08_media/HiEuler_PI_ModelZoo-live/src/samples/samples_GPL/built-in/yolov8s-seg/src/acl.json,8,9c35abd88a6e28a33eadfd85342306bcad0e330e767f6e3b83464ed003479c6f,not-applicable,json,False,True,local generated or runtime asset,unknown; manual review required,LOCAL_ONLY,not established,no portable success claim
repository,08_media/HiEuler_PI_ModelZoo-live/src/samples/samples_GPL/built-in/yolov8s-seg/yolov8s-seg.json,4543,fe91ac7a81fdb2389a6a24563232d2f50f3deda456c7bb6e6b660bc5ceb8cef0,not-applicable,json,False,True,local generated or runtime asset,unknown; manual review required,LOCAL_ONLY,not established,no portable success claim
repository,08_media/HiEuler_PI_ModelZoo-live/src/samples/samples_GPL/built-in/yolov8s-world/data/file_list_1.json,122,77fc4f24c4c9f13e0859c2c56169a70946ada87a949d197a3c37d572fc6e5408,not-applicable,json,False,True,local generated or runtime asset,unknown; manual review required,LOCAL_ONLY,not established,no portable success claim
repository,08_media/HiEuler_PI_ModelZoo-live/src/samples/samples_GPL/built-in/yolov8s-world/data/yolov8s-worldv2_mix_quantize.yml,2297,810692ae883c97dafec5b1e1c7dc379787545ba901a51b6414e3eef43aaabf58,not-applicable,yml,False,True,local generated or runtime asset,unknown; manual review required,LOCAL_ONLY,not established,no portable success claim
repository,08_media/HiEuler_PI_ModelZoo-live/src/samples/samples_GPL/built-in/yolov8s-world/src/acl.json,2,44136fa355b3678a1146ad16f7e8649e94fb4fc21fe77e8310c060f61caaff8a,not-applicable,json,False,True,local generated or runtime asset,unknown; manual review required,LOCAL_ONLY,not established,no portable success claim
repository,08_media/HiEuler_PI_ModelZoo-live/src/samples/samples_GPL/built-in/yolov8s-world/yolov8s-world.json,4320,928aa27c298fab532a2033a16a0334fe497033bbfed9d1313a135ff757185f31,not-applicable,json,False,True,local generated or runtime asset,unknown; manual review required,LOCAL_ONLY,not established,no portable success claim
repository,08_media/HiEuler_PI_ModelZoo-live/src/samples/samples_GPL/built-in/yolov8s/data/file_list_1.json,122,77fc4f24c4c9f13e0859c2c56169a70946ada87a949d197a3c37d572fc6e5408,not-applicable,json,False,True,local generated or runtime asset,unknown; manual review required,LOCAL_ONLY,not established,no portable success claim
repository,08_media/HiEuler_PI_ModelZoo-live/src/samples/samples_GPL/built-in/yolov8s/src/acl.json,2,44136fa355b3678a1146ad16f7e8649e94fb4fc21fe77e8310c060f61caaff8a,not-applicable,json,False,True,local generated or runtime asset,unknown; manual review required,LOCAL_ONLY,not established,no portable success claim
repository,08_media/HiEuler_PI_ModelZoo-live/src/samples/samples_GPL/built-in/yolov8s/yolov8s.json,4418,2952193879ce2bef5ade993ec563121e6675e5ab8ea6f93b55cd88796af371ea,not-applicable,json,False,True,local generated or runtime asset,unknown; manual review required,LOCAL_ONLY,not established,no portable success claim
repository,08_media/HiEuler_PI_ModelZoo-live/src/samples/samples_GPL/built-in/yolov9s/data/file_list.json,290,b3c1b66f1f90daf8f31f95f33c545b214e0667cced2ffd3a31c6a882912fa3f2,not-applicable,json,False,True,local generated or runtime asset,unknown; manual review required,LOCAL_ONLY,not established,no portable success claim
repository,08_media/HiEuler_PI_ModelZoo-live/src/samples/samples_GPL/built-in/yolov9s/data/file_list_1.json,136,a92bfa502008ca76a525be0a46ac844ef25719384efa00a57fbad49c33328506,not-applicable,json,False,True,local generated or runtime asset,unknown; manual review required,LOCAL_ONLY,not established,no portable success claim
repository,08_media/HiEuler_PI_ModelZoo-live/src/samples/samples_GPL/built-in/yolov9s/yolov9s.json,4430,d6b98f9d4f095f89d3e37657fc632e6b3611e5723925f22f1691734afc107a6f,not-applicable,json,False,True,local generated or runtime asset,unknown; manual review required,LOCAL_ONLY,not established,no portable success claim
repository,08_media/HiEuler_PI_ModelZoo-live/src/samples/samples_GPL/opensource/opencv/lib/libade.a,597000,8e3e23a4be09856d5309ad5926cdec81224f54083a47cf2f7e3b1d48e2c718c8,not-applicable,a,False,True,local generated or runtime asset,unknown; manual review required,LOCAL_ONLY,not established,no portable success claim
repository,08_media/HiEuler_PI_ModelZoo-live/src/samples/samples_GPL/opensource/opencv/lib/libittnotify.a,216610,0896e87fe46240073f1e3b5a7dc95d6bc8f0237c402c9d0e8a34cde22502c04d,not-applicable,a,False,True,local generated or runtime asset,unknown; manual review required,LOCAL_ONLY,not established,no portable success claim
repository,08_media/HiEuler_PI_ModelZoo-live/src/samples/samples_GPL/opensource/opencv/lib/liblibjpeg-turbo.a,975032,7d8f4898b31e4383da68bd6c921c9ed93f6acb4f7fcc51f6ef776602eb503137,not-applicable,a,False,True,local generated or runtime asset,unknown; manual review required,LOCAL_ONLY,not established,no portable success claim
repository,08_media/HiEuler_PI_ModelZoo-live/src/samples/samples_GPL/opensource/opencv/lib/liblibopenjp2.a,660056,1e9ebc2283e5dd41e836c9ab0214f8802ef1f5adbe547264d74f8c063c1af201,not-applicable,a,False,True,local generated or runtime asset,unknown; manual review required,LOCAL_ONLY,not established,no portable success claim
repository,08_media/HiEuler_PI_ModelZoo-live/src/samples/samples_GPL/opensource/opencv/lib/libopencv_world.a,34733502,f6a03a6fffd1fdd6d176f24deaf5772493d89250ed714faedad7517f267e4b06,not-applicable,a,False,True,local generated or runtime asset,unknown; manual review required,LOCAL_ONLY,not established,no portable success claim
repository,08_media/HiEuler_PI_ModelZoo-live/src/samples/samples_GPL/opensource/opencv/lib/libzlib.a,198964,1ed869d0f6d809eb0b2e3a6b670f337c7dc7e5eb720d6d0c10080da4878dda6c,not-applicable,a,False,True,local generated or runtime asset,unknown; manual review required,LOCAL_ONLY,not established,no portable success claim
repository,08_media/HiEuler_PI_ModelZoo-live/src/samples/samples_GPL/opensource/opensource_softwares.json,244,d0ce625446821a12768fbd1818ac8cfc408c2630a2577f43c8cd7c566c5edd87,not-applicable,json,False,True,local generated or runtime asset,unknown; manual review required,LOCAL_ONLY,not established,no portable success claim
repository,08_media/alternating_camera_runs/20260719-092215_ss928_v4l2_640x480_5fps/session.json,12666,0ca00a2153b6ccf3bceeba763b009c8679033b8d897424d360d5bdfdae1581bf,not-applicable,json,False,True,local generated or runtime asset,unknown; manual review required,LOCAL_ONLY,SS928 family; exact image match requires validation,no portable success claim
repository,08_media/alternating_camera_runs/20260719-092215_ss928_v4l2_640x480_5fps/summary.json,1412,e93d88d9e1580036fa3cd3370aa59ddbd01088af976367029a61f0fa26043d24,not-applicable,json,False,True,local generated or runtime asset,unknown; manual review required,LOCAL_ONLY,SS928 family; exact image match requires validation,no portable success claim
repository,08_media/alternating_camera_runs/20260719-092507_ss928_v4l2_640x480_10fps/session.json,12672,ced1ea44c2f33a120d3b7dc29c26c3c188263a2283290b965b8d8ff2cd6f9d7e,not-applicable,json,False,True,local generated or runtime asset,unknown; manual review required,LOCAL_ONLY,SS928 family; exact image match requires validation,no portable success claim
repository,08_media/alternating_camera_runs/20260719-092507_ss928_v4l2_640x480_10fps/summary.json,1411,e6ac7c46bfb1559ebe645a5cc44cd0e0cc4cdb4b19d220b9f788433caefc32bb,not-applicable,json,False,True,local generated or runtime asset,unknown; manual review required,LOCAL_ONLY,SS928 family; exact image match requires validation,no portable success claim
repository,08_media/alternating_camera_runs/20260719-092739_ss928_v4l2_320x240_5fps/session.json,12664,3dc331a2e1c5f9b0e31ca724f7c57313f405b71c541ac7a845ad3c083710478a,not-applicable,json,False,True,local generated or runtime asset,unknown; manual review required,LOCAL_ONLY,SS928 family; exact image match requires validation,no portable success claim
repository,08_media/alternating_camera_runs/20260719-092739_ss928_v4l2_320x240_5fps/summary.json,1409,052a4891ae5f3aced298760df387e8becd45b783808e17482455dd7456375cc8,not-applicable,json,False,True,local generated or runtime asset,unknown; manual review required,LOCAL_ONLY,SS928 family; exact image match requires validation,no portable success claim
repository,08_media/alternating_camera_runs/20260719-093233_ss928_v4l2_320x240_10fps/session.json,12672,edcbb9abfdbe8493216712bf3d3e4da5e8973f5285b00691f3f8802b768bdbdb,not-applicable,json,False,True,local generated or runtime asset,unknown; manual review required,LOCAL_ONLY,SS928 family; exact image match requires validation,no portable success claim
repository,08_media/alternating_camera_runs/20260719-093233_ss928_v4l2_320x240_10fps/summary.json,1410,5777cb4af0277975e2b77a0dcf7eadd99c6454b3391a0020a8936953f3e52bf0,not-applicable,json,False,True,local generated or runtime asset,unknown; manual review required,LOCAL_ONLY,SS928 family; exact image match requires validation,no portable success claim
repository,08_media/alternating_camera_runs/20260719-093511_ss928_v4l2_640x480_10fps/session.json,12671,b900ff2caf936b1c02274b83627600909f9b0ed8ce4bfb11b2c4b2554dc1aa2d,not-applicable,json,False,True,local generated or runtime asset,unknown; manual review required,LOCAL_ONLY,SS928 family; exact image match requires validation,no portable success claim
repository,08_media/alternating_camera_runs/20260719-093511_ss928_v4l2_640x480_10fps/summary.json,1408,90db25d93e97af4867ac4f800ade10d8679dcf7bef10a3abecbfe5e0dc4f7d59,not-applicable,json,False,True,local generated or runtime asset,unknown; manual review required,LOCAL_ONLY,SS928 family; exact image match requires validation,no portable success claim
repository,08_media/alternating_camera_runs/20260719-095854_ss928_v4l2_1680x1050_10fps/session.json,12686,4864a8a37a9198f864a8e50ec3c4ef4f6ed4ea90c9f66abcc390dc9e1c57e4d6,not-applicable,json,False,True,local generated or runtime asset,unknown; manual review required,LOCAL_ONLY,SS928 family; exact image match requires validation,no portable success claim
repository,08_media/alternating_camera_runs/20260719-095854_ss928_v4l2_1680x1050_10fps/summary.json,1409,aec1e4973d74b8e757195b7be1794de997b6fae17d141894d46a44c76fa4d8ec,not-applicable,json,False,True,local generated or runtime asset,unknown; manual review required,LOCAL_ONLY,SS928 family; exact image match requires validation,no portable success claim
repository,08_media/alternating_camera_runs/20260719-112904_ss928_v4l2_640x480_30fps.tar.gz,655725,7f076dd52647fd97c73581b7d6f8be7408985061fcf1e86a542479e010f0a523,not-applicable,gz,False,True,local generated or runtime asset,unknown; manual review required,LOCAL_ONLY,SS928 family; exact image match requires validation,no portable success claim
repository,08_media/ascend-pytorch-headers/env.sh,1363,39b3720a9e50163a3b03411d8def5ddf269d06ec35a082bdb9ebfe30dfce08f1,not-applicable,sh,False,True,local generated or runtime asset,unknown; manual review required,LOCAL_ONLY,not established,no portable success claim
repository,08_media/ascend-pytorch-headers/generate_code.sh,1609,24dfb77af3585ada88bce8edb9ec9a0c056630986194d9625c5cd155030ff572,not-applicable,sh,False,True,local generated or runtime asset,unknown; manual review required,LOCAL_ONLY,not established,no portable success claim
repository,08_media/ascend-pytorch-headers/third_party/acl/libs/build_stub.sh,561,aa436d7c307a7e08be38bed5ae0870af67d10ae726e8d4573ac17f4010608d29,not-applicable,sh,False,True,local generated or runtime asset,unknown; manual review required,LOCAL_ONLY,not established,no portable success claim
repository,08_media/ascend-real/libascendcl.so,1497192,e1b407b29e2fbae783f9eb75e33a0a712be5389e376074f7d8739d7323647d5d,AArch64,ELF64,False,True,local generated or runtime asset,unknown; manual review required,LOCAL_ONLY,not established,no portable success claim
repository,08_media/ascend-stub/libascendcl.so,27720,28040743921268dee43d21a0fd7518adb601a8139bba73be04a221fc8194d963,AArch64,ELF64,False,True,local generated or runtime asset,unknown; manual review required,LOCAL_ONLY,not established,no portable success claim
repository,08_media/board-deploy-staging/65364a5.tar.gz,542158,44102b6f49f39b90124747e9fb2976f3ea5bf1cc3bf2ed0635c1188884ef2342,not-applicable,gz,False,True,local generated or runtime asset,unknown; manual review required,LOCAL_ONLY,not established,no portable success claim
repository,08_media/board-deploy-staging/fa77ea3.tar.gz,538525,84b4da35650f93aa7beb0135515b1de4f260a0bc3c82bc4b12f976aa0cca7ec6,not-applicable,gz,False,True,local generated or runtime asset,unknown; manual review required,LOCAL_ONLY,not established,no portable success claim
repository,08_media/board-deploy-staging/libsmartbag_ss928_acl.so,103856,00a496a6576f2f8473274878535715dfe47697b5f33692c4203f5ec913fdbe9d,AArch64,ELF64,False,True,local generated or runtime asset,unknown; manual review required,LOCAL_ONLY,SS928 family; exact image match requires validation,no portable success claim
repository,08_media/board-libascendcl.so,1497192,e1b407b29e2fbae783f9eb75e33a0a712be5389e376074f7d8739d7323647d5d,AArch64,ELF64,False,True,local generated or runtime asset,unknown; manual review required,LOCAL_ONLY,not established,no portable success claim
repository,08_media/board-npu-validation/20260721-034313_ss928_single-model_640x480_30fps/session.json,14874,7f2d6b60b77b57bf84affa8f6ecbedd88dd052ab77fcee13c64b40fc7b083e46,not-applicable,json,False,True,local generated or runtime asset,unknown; manual review required,LOCAL_ONLY,SS928 family; exact image match requires validation,no portable success claim
repository,08_media/board-npu-validation/20260721-034313_ss928_single-model_640x480_30fps/summary.json,2912,28fb5328121008ffbec72ea1ae48547dbf66535e6c45ac24ef4e93b2de0478a5,not-applicable,json,False,True,local generated or runtime asset,unknown; manual review required,LOCAL_ONLY,SS928 family; exact image match requires validation,no portable success claim
repository,08_media/board-wheelhouse-npu/numpy-1.26.4-cp310-cp310-manylinux_2_17_aarch64.manylinux2014_aarch64.whl,14219016,d209d8969599b27ad20994c8e41936ee0964e6da07478d6c35016bc386b66ad4,not-applicable,whl,False,True,local generated or runtime asset,unknown; manual review required,LOCAL_ONLY,not established,no portable success claim
repository,08_media/board-wheelhouse-npu/opencv_python_headless-4.10.0.84-cp37-abi3-manylinux_2_17_aarch64.manylinux2014_aarch64.whl,29329705,46071015ff9ab40fccd8a163da0ee14ce9846349f06c6c8c0f2870856ffa45db,not-applicable,whl,False,True,local generated or runtime asset,unknown; manual review required,LOCAL_ONLY,not established,no portable success claim
repository,08_media/board-wheelhouse-npu/pip-24.0-py3-none-any.whl,2110226,ba0d021a166865d2265246961bec0152ff124de910c5cc39f1156ce3fa7c69dc,not-applicable,whl,False,True,local generated or runtime asset,unknown; manual review required,LOCAL_ONLY,not established,no portable success claim
repository,08_media/host-tools/cmake/data/share/cmake-4.4/Help/manual/file_api/schema_codemodel.json,15951,c78376706bd5dcd40e4298b79cadd63bc07e6fd6e6ed9e428e1b7cba6ec8df2c,not-applicable,json,False,True,local generated or runtime asset,unknown; manual review required,LOCAL_ONLY,not established,no portable success claim
repository,08_media/mix210-toolchain/aarch64-mix210-linux/aarch64-linux-gnu/lib64/libasan.a,3134490,a0cf636cd918a365b75a0a630461a1ade29c7e49aebb8421d532eb9a0890e5ef,not-applicable,a,False,True,vendor/archive/local backup,redistribution not established,DO_NOT_DISTRIBUTE,aarch64-mix210 toolchain; board ABI validation required,local discovery only
repository,08_media/mix210-toolchain/aarch64-mix210-linux/aarch64-linux-gnu/lib64/libasan_preinit.o,1264,1566631bf3114866a7c0f4df66632f899ff0512c7f900032f5fd6aa9b865fd70,AArch64,ELF64,False,True,vendor/archive/local backup,redistribution not established,DO_NOT_DISTRIBUTE,aarch64-mix210 toolchain; board ABI validation required,local discovery only
repository,08_media/mix210-toolchain/aarch64-mix210-linux/aarch64-linux-gnu/lib64/libatomic.a,111244,28ace6996674832f14bd89eea67a4c93c9f2de82d0328e4a0a11690b1c695a2e,not-applicable,a,False,True,vendor/archive/local backup,redistribution not established,DO_NOT_DISTRIBUTE,aarch64-mix210 toolchain; board ABI validation required,local discovery only
repository,08_media/mix210-toolchain/aarch64-mix210-linux/aarch64-linux-gnu/lib64/libgomp.a,351950,1088ee708c7a9602996fa7a7dbba60f75094557d32af410314bf63807a1d52b4,not-applicable,a,False,True,vendor/archive/local backup,redistribution not established,DO_NOT_DISTRIBUTE,aarch64-mix210 toolchain; board ABI validation required,local discovery only
repository,08_media/mix210-toolchain/aarch64-mix210-linux/aarch64-linux-gnu/lib64/libitm.a,235058,157872d65e390175a2f9b2412b6424a8bb6cec276b12433996be2de8983c962b,not-applicable,a,False,True,vendor/archive/local backup,redistribution not established,DO_NOT_DISTRIBUTE,aarch64-mix210 toolchain; board ABI validation required,local discovery only
repository,08_media/mix210-toolchain/aarch64-mix210-linux/aarch64-linux-gnu/lib64/liblsan.a,893316,287b1cbb753476290d1292bf5c08f6ad06a351c659f092b47d0808aed7ae28b1,not-applicable,a,False,True,vendor/archive/local backup,redistribution not established,DO_NOT_DISTRIBUTE,aarch64-mix210 toolchain; board ABI validation required,local discovery only
repository,08_media/mix210-toolchain/aarch64-mix210-linux/aarch64-linux-gnu/lib64/libssp.a,25702,0e10f4f242b3e542323e781c59f416e39531bc9f8a42d5f33d474b6e6d6406c0,not-applicable,a,False,True,vendor/archive/local backup,redistribution not established,DO_NOT_DISTRIBUTE,aarch64-mix210 toolchain; board ABI validation required,local discovery only
repository,08_media/mix210-toolchain/aarch64-mix210-linux/aarch64-linux-gnu/lib64/libssp_nonshared.a,1678,f74b171bf89f7c09e11116f20f3e7da963368d55ab7c3c6f5c0219c9293267fc,not-applicable,a,False,True,vendor/archive/local backup,redistribution not established,DO_NOT_DISTRIBUTE,aarch64-mix210 toolchain; board ABI validation required,local discovery only
repository,08_media/mix210-toolchain/aarch64-mix210-linux/aarch64-linux-gnu/lib64/libstdc++.a,5112408,af635b2cf8f519ae290dc50147db3276e18f686c21c49d1b370b777e4e3b0361,not-applicable,a,False,True,vendor/archive/local backup,redistribution not established,DO_NOT_DISTRIBUTE,aarch64-mix210 toolchain; board ABI validation required,local discovery only
repository,08_media/mix210-toolchain/aarch64-mix210-linux/aarch64-linux-gnu/lib64/libstdc++fs.a,716152,03aa5e68acbab1a33362a422ec783fa54064288220832cabd5224bf8cf7e133e,not-applicable,a,False,True,vendor/archive/local backup,redistribution not established,DO_NOT_DISTRIBUTE,aarch64-mix210 toolchain; board ABI validation required,local discovery only
repository,08_media/mix210-toolchain/aarch64-mix210-linux/aarch64-linux-gnu/lib64/libsupc++.a,378254,1f20389d9626f898340d1c6f309888ac3506cab839733277201e3861a4330992,not-applicable,a,False,True,vendor/archive/local backup,redistribution not established,DO_NOT_DISTRIBUTE,aarch64-mix210 toolchain; board ABI validation required,local discovery only
repository,08_media/mix210-toolchain/aarch64-mix210-linux/aarch64-linux-gnu/lib64/libtsan.a,2217146,ef5c75461370e69f73b09b9588273c85ba70a861c7755524d1ad789596138f08,not-applicable,a,False,True,vendor/archive/local backup,redistribution not established,DO_NOT_DISTRIBUTE,aarch64-mix210 toolchain; board ABI validation required,local discovery only
repository,08_media/mix210-toolchain/aarch64-mix210-linux/aarch64-linux-gnu/lib64/libtsan_preinit.o,1264,b67146e201f28184bb4598663d366ac15cfeaa07b985df36d40951620760dc72,AArch64,ELF64,False,True,vendor/archive/local backup,redistribution not established,DO_NOT_DISTRIBUTE,aarch64-mix210 toolchain; board ABI validation required,local discovery only
repository,08_media/mix210-toolchain/aarch64-mix210-linux/aarch64-linux-gnu/lib64/libubsan.a,816166,c5385230d6c656ab2098af7d9cda15475e5e98aa2311e8424d46c02e0cf96df2,not-applicable,a,False,True,vendor/archive/local backup,redistribution not established,DO_NOT_DISTRIBUTE,aarch64-mix210 toolchain; board ABI validation required,local discovery only
repository,08_media/mix210-toolchain/aarch64-mix210-linux/aarch64-linux-musl/lib64/libssp.a,75636,209ce9801314365d013b9a9782f18c3b413ba44a85b4bf9db43168618958a68a,not-applicable,a,False,True,vendor/archive/local backup,redistribution not established,DO_NOT_DISTRIBUTE,aarch64-mix210 toolchain; board ABI validation required,local discovery only
repository,08_media/mix210-toolchain/aarch64-mix210-linux/aarch64-linux-musl/lib64/libssp_nonshared.a,3502,efae8300f6cc7454c56b62789695328fcc66d68d514c279d4cd5d8933ba1ca8e,not-applicable,a,False,True,vendor/archive/local backup,redistribution not established,DO_NOT_DISTRIBUTE,aarch64-mix210 toolchain; board ABI validation required,local discovery only
repository,08_media/mix210-toolchain/aarch64-mix210-linux/aarch64-linux-musl/lib64/libstdc++.a,29277770,31da6066f6a8302bdf5a472a0805f437fd7f8065b983daa466aa43fc3fe1bc0f,not-applicable,a,False,True,vendor/archive/local backup,redistribution not established,DO_NOT_DISTRIBUTE,aarch64-mix210 toolchain; board ABI validation required,local discovery only
repository,08_media/mix210-toolchain/aarch64-mix210-linux/aarch64-linux-musl/lib64/libstdc++fs.a,10285950,14f343ac4815838dd667f43f0ed74f8e8910922aefc94685b38d1964b4e5bbb4,not-applicable,a,False,True,vendor/archive/local backup,redistribution not established,DO_NOT_DISTRIBUTE,aarch64-mix210 toolchain; board ABI validation required,local discovery only
repository,08_media/mix210-toolchain/aarch64-mix210-linux/aarch64-linux-musl/lib64/libsupc++.a,1640024,87f7562978feaca70e9534ad3050ab55afc1e6b891bbb3f93c1891b93fc94720,not-applicable,a,False,True,vendor/archive/local backup,redistribution not established,DO_NOT_DISTRIBUTE,aarch64-mix210 toolchain; board ABI validation required,local discovery only
repository,08_media/mix210-toolchain/aarch64-mix210-linux/lib/gcc/aarch64-linux-gnu/7.3.0/crtbegin.o,3168,9e6bdd868ca3fb3dd01bb3964dce1708915372cd8a31b49ed5ff69730053e506,AArch64,ELF64,False,True,vendor/archive/local backup,redistribution not established,DO_NOT_DISTRIBUTE,aarch64-mix210 toolchain; board ABI validation required,local discovery only
repository,08_media/mix210-toolchain/aarch64-mix210-linux/lib/gcc/aarch64-linux-gnu/7.3.0/crtbeginS.o,3488,48c864aa4433679ea037b0ce3df3d3e9d98d5cc29e6ce7dcbcb73645f8fe1ae1,AArch64,ELF64,False,True,vendor/archive/local backup,redistribution not established,DO_NOT_DISTRIBUTE,aarch64-mix210 toolchain; board ABI validation required,local discovery only
repository,08_media/mix210-toolchain/aarch64-mix210-linux/lib/gcc/aarch64-linux-gnu/7.3.0/crtbeginT.o,3752,739f37f4cf69a55c5cfddcd0095f55471f8f2a7c2d7df9c0ebc6a7ac4b942f58,AArch64,ELF64,False,True,vendor/archive/local backup,redistribution not established,DO_NOT_DISTRIBUTE,aarch64-mix210 toolchain; board ABI validation required,local discovery only
repository,08_media/mix210-toolchain/aarch64-mix210-linux/lib/gcc/aarch64-linux-gnu/7.3.0/crtend.o,1248,a7ea445b82b1b54bf1b6f902493a5fdd549e0bf92204c1b922d34647ed9573a9,AArch64,ELF64,False,True,vendor/archive/local backup,redistribution not established,DO_NOT_DISTRIBUTE,aarch64-mix210 toolchain; board ABI validation required,local discovery only
repository,08_media/mix210-toolchain/aarch64-mix210-linux/lib/gcc/aarch64-linux-gnu/7.3.0/crtendS.o,1248,a7ea445b82b1b54bf1b6f902493a5fdd549e0bf92204c1b922d34647ed9573a9,AArch64,ELF64,False,True,vendor/archive/local backup,redistribution not established,DO_NOT_DISTRIBUTE,aarch64-mix210 toolchain; board ABI validation required,local discovery only
repository,08_media/mix210-toolchain/aarch64-mix210-linux/lib/gcc/aarch64-linux-gnu/7.3.0/crtfastmath.o,3656,e499a98b168bcad46ec442eb9113a6bd808e57e7d0bf86abb1bc959635efe114,AArch64,ELF64,False,True,vendor/archive/local backup,redistribution not established,DO_NOT_DISTRIBUTE,aarch64-mix210 toolchain; board ABI validation required,local discovery only
repository,08_media/mix210-toolchain/aarch64-mix210-linux/lib/gcc/aarch64-linux-gnu/7.3.0/libgcc.a,1272632,da6328e7164205d089db67d4e92a41f8675a8a083b466c6e788619d3bd3d0c2b,not-applicable,a,False,True,vendor/archive/local backup,redistribution not established,DO_NOT_DISTRIBUTE,aarch64-mix210 toolchain; board ABI validation required,local discovery only
repository,08_media/mix210-toolchain/aarch64-mix210-linux/lib/gcc/aarch64-linux-gnu/7.3.0/libgcc_eh.a,292100,edb97dbfb42dbbaebe5e83d6285bb2d7624c3c4f3d1eb215968c4d2d80b05d51,not-applicable,a,False,True,vendor/archive/local backup,redistribution not established,DO_NOT_DISTRIBUTE,aarch64-mix210 toolchain; board ABI validation required,local discovery only
repository,08_media/mix210-toolchain/aarch64-mix210-linux/lib/gcc/aarch64-linux-gnu/7.3.0/libgcov.a,471570,8bcef51edc35bcdd9fe46224bf9d9ea3bee5c76f6b61439d8b56534b54125a54,not-applicable,a,False,True,vendor/archive/local backup,redistribution not established,DO_NOT_DISTRIBUTE,aarch64-mix210 toolchain; board ABI validation required,local discovery only
repository,08_media/mix210-toolchain/aarch64-mix210-linux/lib/gcc/aarch64-linux-musl/7.3.0/crtbegin.o,3976,f6bff2869a1792499dbbd9eb6a19f11bec63e2073b10d97be699011f88286a20,AArch64,ELF64,False,True,vendor/archive/local backup,redistribution not established,DO_NOT_DISTRIBUTE,aarch64-mix210 toolchain; board ABI validation required,local discovery only
repository,08_media/mix210-toolchain/aarch64-mix210-linux/lib/gcc/aarch64-linux-musl/7.3.0/crtbeginS.o,4032,469dd3e05d06c7900c09cb21fd0a0093c205a2abf58fb3647382fcfc983e6660,AArch64,ELF64,False,True,vendor/archive/local backup,redistribution not established,DO_NOT_DISTRIBUTE,aarch64-mix210 toolchain; board ABI validation required,local discovery only
repository,08_media/mix210-toolchain/aarch64-mix210-linux/lib/gcc/aarch64-linux-musl/7.3.0/crtbeginT.o,3976,f6bff2869a1792499dbbd9eb6a19f11bec63e2073b10d97be699011f88286a20,AArch64,ELF64,False,True,vendor/archive/local backup,redistribution not established,DO_NOT_DISTRIBUTE,aarch64-mix210 toolchain; board ABI validation required,local discovery only
repository,08_media/mix210-toolchain/aarch64-mix210-linux/lib/gcc/aarch64-linux-musl/7.3.0/crtend.o,1248,33e6f7ae831fb96f80a8d59208a3f4807d0dfc6717e5bd08acd608ba0a74d89c,AArch64,ELF64,False,True,vendor/archive/local backup,redistribution not established,DO_NOT_DISTRIBUTE,aarch64-mix210 toolchain; board ABI validation required,local discovery only
repository,08_media/mix210-toolchain/aarch64-mix210-linux/lib/gcc/aarch64-linux-musl/7.3.0/crtendS.o,1248,33e6f7ae831fb96f80a8d59208a3f4807d0dfc6717e5bd08acd608ba0a74d89c,AArch64,ELF64,False,True,vendor/archive/local backup,redistribution not established,DO_NOT_DISTRIBUTE,aarch64-mix210 toolchain; board ABI validation required,local discovery only
repository,08_media/mix210-toolchain/aarch64-mix210-linux/lib/gcc/aarch64-linux-musl/7.3.0/crtfastmath.o,3624,f333195f9bf2119b31a03e8d4b343e6f8e085d570380f44c3144f6c11c921fdc,AArch64,ELF64,False,True,vendor/archive/local backup,redistribution not established,DO_NOT_DISTRIBUTE,aarch64-mix210 toolchain; board ABI validation required,local discovery only
repository,08_media/mix210-toolchain/aarch64-mix210-linux/lib/gcc/aarch64-linux-musl/7.3.0/libgcc.a,1093728,ab1e4ccae46c47055072dfdfb0e7f1e15a2e72ecf0ee9a3523f51f459c715d6c,not-applicable,a,False,True,vendor/archive/local backup,redistribution not established,DO_NOT_DISTRIBUTE,aarch64-mix210 toolchain; board ABI validation required,local discovery only
repository,08_media/mix210-toolchain/aarch64-mix210-linux/lib/gcc/aarch64-linux-musl/7.3.0/libgcc_eh.a,299636,b3b6a8d340fa16c5d0643461e282491c37e6f04cf3d7691876b2a6fcd7c3d44a,not-applicable,a,False,True,vendor/archive/local backup,redistribution not established,DO_NOT_DISTRIBUTE,aarch64-mix210 toolchain; board ABI validation required,local discovery only
repository,08_media/mix210-toolchain/aarch64-mix210-linux/lib/gcc/aarch64-linux-musl/7.3.0/libgcov.a,453554,d73a5cb448159defdafa206887d480e2004d1c010fb78e5ea5d416b520add9ee,not-applicable,a,False,True,vendor/archive/local backup,redistribution not established,DO_NOT_DISTRIBUTE,aarch64-mix210 toolchain; board ABI validation required,local discovery only
repository,08_media/mix210-toolchain/aarch64-mix210-linux/libexec/gcc/aarch64-linux-gnu/7.3.0/install-tools/fixinc.sh,13943,c0169ee653f9edd533c084c15ec6af1677159dd99387658e296af49663eb4163,not-applicable,sh,False,True,vendor/archive/local backup,redistribution not established,DO_NOT_DISTRIBUTE,aarch64-mix210 toolchain; board ABI validation required,local discovery only
repository,08_media/mix210-toolchain/aarch64-mix210-linux/libexec/gcc/aarch64-linux-musl/7.3.0/install-tools/fixinc.sh,18,a25e77caa0e16d25d7475cf5e9a161717d26a3935f2119c99550957168a8f6a7,not-applicable,sh,False,True,vendor/archive/local backup,redistribution not established,DO_NOT_DISTRIBUTE,aarch64-mix210 toolchain; board ABI validation required,local discovery only
repository,08_media/mix210-toolchain/aarch64-mix210-linux/liteos_target/usr/lib/Scrt1.o,1520,2e14c06317cd61af627c359f9588b0ce8c636282e09c1f14bfdbe83cf0139554,AArch64,ELF64,False,True,vendor/archive/local backup,redistribution not established,DO_NOT_DISTRIBUTE,aarch64-mix210 toolchain; board ABI validation required,local discovery only
repository,08_media/mix210-toolchain/aarch64-mix210-linux/liteos_target/usr/lib/crt1.o,1520,37461b47f0a6c0502d0f7db1e6d699427d3e51f3db4f24d8e785cd9e6f691c0d,AArch64,ELF64,False,True,vendor/archive/local backup,redistribution not established,DO_NOT_DISTRIBUTE,aarch64-mix210 toolchain; board ABI validation required,local discovery only
repository,08_media/mix210-toolchain/aarch64-mix210-linux/liteos_target/usr/lib/crti.o,936,e8d1fb0887360146ac18a7ba78d1ff599e425df7b11b61b7fd842a60e40be22b,AArch64,ELF64,False,True,vendor/archive/local backup,redistribution not established,DO_NOT_DISTRIBUTE,aarch64-mix210 toolchain; board ABI validation required,local discovery only
repository,08_media/mix210-toolchain/aarch64-mix210-linux/liteos_target/usr/lib/crtn.o,936,7d4899f9b6205dccac0103490519c29ff639d2402f66e56cb6d80bbeb4a4c3ea,AArch64,ELF64,False,True,vendor/archive/local backup,redistribution not established,DO_NOT_DISTRIBUTE,aarch64-mix210 toolchain; board ABI validation required,local discovery only
repository,08_media/mix210-toolchain/aarch64-mix210-linux/liteos_target/usr/lib/libc.a,698068,b047d9e1849b1559516991368830216a59af384b2fa094eee4c2d4c4091ab7e2,not-applicable,a,False,True,vendor/archive/local backup,redistribution not established,DO_NOT_DISTRIBUTE,aarch64-mix210 toolchain; board ABI validation required,local discovery only
repository,08_media/mix210-toolchain/aarch64-mix210-linux/liteos_target/usr/lib/libm.a,596890,d595aa9eba84aadfeb5224d5cbe800bae13b888f13c35576f5c51b163d44c937,not-applicable,a,False,True,vendor/archive/local backup,redistribution not established,DO_NOT_DISTRIBUTE,aarch64-mix210 toolchain; board ABI validation required,local discovery only
repository,08_media/mix210-toolchain/aarch64-mix210-linux/liteos_target/usr/lib/rcrt1.o,3384,d2ac03ef78effd0851c0f99c72b58065ea33405ffabe16e6682f7c5fd65bf7e4,AArch64,ELF64,False,True,vendor/archive/local backup,redistribution not established,DO_NOT_DISTRIBUTE,aarch64-mix210 toolchain; board ABI validation required,local discovery only
repository,08_media/mix210-toolchain/aarch64-mix210-linux/runtime_lib.tgz,3804548,410ae2a11a0e9befc972a2e7ebc39c9171fc06b4f082f06c1658901403ee5fe7,not-applicable,tgz,False,True,vendor/archive/local backup,redistribution not established,DO_NOT_DISTRIBUTE,aarch64-mix210 toolchain; board ABI validation required,local discovery only
repository,08_media/mix210-toolchain/aarch64-mix210-linux/target/lib/ld-2.29.so,166840,6ef6c24aa4341abcf09fe458fb93cc5b4e0d8ebf61e1320f7a4015b77f4f7ab9,AArch64,ELF64,False,True,vendor/archive/local backup,redistribution not established,DO_NOT_DISTRIBUTE,aarch64-mix210 toolchain; board ABI validation required,local discovery only
repository,08_media/mix210-toolchain/aarch64-mix210-linux/target/lib/libBrokenLocale-2.29.so,8792,1fcaf859767ab55d8c8e8c3c4b96e22175d33eb2480874d84c45d9571f33bf94,AArch64,ELF64,False,True,vendor/archive/local backup,redistribution not established,DO_NOT_DISTRIBUTE,aarch64-mix210 toolchain; board ABI validation required,local discovery only
repository,08_media/mix210-toolchain/aarch64-mix210-linux/target/lib/libSegFault.so,13824,32761f11ca730e0610df43aa234d06d33c02f957748c27cf2621f0da8c1c5eae,AArch64,ELF64,False,True,vendor/archive/local backup,redistribution not established,DO_NOT_DISTRIBUTE,aarch64-mix210 toolchain; board ABI validation required,local discovery only
repository,08_media/mix210-toolchain/aarch64-mix210-linux/target/lib/libanl-2.29.so,20352,3e2b6bfc63246e6fe230fd212255f694b2fd5d760d1b0a2983f83aa3118f06cd,AArch64,ELF64,False,True,vendor/archive/local backup,redistribution not established,DO_NOT_DISTRIBUTE,aarch64-mix210 toolchain; board ABI validation required,local discovery only
repository,08_media/mix210-toolchain/aarch64-mix210-linux/target/lib/libc-2.29.so,1924808,a87966b807fbedb4782d6181ffd20b55c8ec1511ed7fff667e01794bb0613312,AArch64,ELF64,False,True,vendor/archive/local backup,redistribution not established,DO_NOT_DISTRIBUTE,aarch64-mix210 toolchain; board ABI validation required,local discovery only
repository,08_media/mix210-toolchain/aarch64-mix210-linux/target/lib/libcrypt-2.29.so,42368,016b7947626e10bbc326de4c79e75a066e633fbbcc137628820198dbc4730e60,AArch64,ELF64,False,True,vendor/archive/local backup,redistribution not established,DO_NOT_DISTRIBUTE,aarch64-mix210 toolchain; board ABI validation required,local discovery only
repository,08_media/mix210-toolchain/aarch64-mix210-linux/target/lib/libdl-2.29.so,20288,8896ecb9fdfaabae97f08776f05eb55d5026411d5ca788f40f623674bb9a58df,AArch64,ELF64,False,True,vendor/archive/local backup,redistribution not established,DO_NOT_DISTRIBUTE,aarch64-mix210 toolchain; board ABI validation required,local discovery only
repository,08_media/mix210-toolchain/aarch64-mix210-linux/target/lib/libm-2.29.so,892976,46dc519ac0ce2b438d534f5da5930283c4b64087bb895cca0cf02b02b3a84dac,AArch64,ELF64,False,True,vendor/archive/local backup,redistribution not established,DO_NOT_DISTRIBUTE,aarch64-mix210 toolchain; board ABI validation required,local discovery only
repository,08_media/mix210-toolchain/aarch64-mix210-linux/target/lib/libmemusage.so,23576,21e2b9685212d29f6375b6c430ac27f1f4e8aa474d34e3ab026f5c8ba35594e6,AArch64,ELF64,False,True,vendor/archive/local backup,redistribution not established,DO_NOT_DISTRIBUTE,aarch64-mix210 toolchain; board ABI validation required,local discovery only
repository,08_media/mix210-toolchain/aarch64-mix210-linux/target/lib/libnsl-2.29.so,120096,73e25569ef1f0f5581a5bf1b47b6ef911fe3cfe4d9bdc3cb24d325ca60255001,AArch64,ELF64,False,True,vendor/archive/local backup,redistribution not established,DO_NOT_DISTRIBUTE,aarch64-mix210 toolchain; board ABI validation required,local discovery only
repository,08_media/mix210-toolchain/aarch64-mix210-linux/target/lib/libnss_compat-2.29.so,43408,62d8071650197b8f90a647694f9f077605e2e60b7214fa07bffbe09214140160,AArch64,ELF64,False,True,vendor/archive/local backup,redistribution not established,DO_NOT_DISTRIBUTE,aarch64-mix210 toolchain; board ABI validation required,local discovery only
repository,08_media/mix210-toolchain/aarch64-mix210-linux/target/lib/libnss_db-2.29.so,39104,89295a7b388a39346429b8684b0fa68a0d684b2b94d6f4826fe827cc81813ddb,AArch64,ELF64,False,True,vendor/archive/local backup,redistribution not established,DO_NOT_DISTRIBUTE,aarch64-mix210 toolchain; board ABI validation required,local discovery only
repository,08_media/mix210-toolchain/aarch64-mix210-linux/target/lib/libnss_dns-2.29.so,27440,71f3748f1da04ea214301c8fc225951ed590ac11af957f8952dc8c4f0857a1e5,AArch64,ELF64,False,True,vendor/archive/local backup,redistribution not established,DO_NOT_DISTRIBUTE,aarch64-mix210 toolchain; board ABI validation required,local discovery only
repository,08_media/mix210-toolchain/aarch64-mix210-linux/target/lib/libnss_files-2.29.so,62904,28d0f0115feba51b91e38f7323c9fb211484a7c0b9339af99183d89e589b226d,AArch64,ELF64,False,True,vendor/archive/local backup,redistribution not established,DO_NOT_DISTRIBUTE,aarch64-mix210 toolchain; board ABI validation required,local discovery only
repository,08_media/mix210-toolchain/aarch64-mix210-linux/target/lib/libnss_hesiod-2.29.so,28112,ce845a3d6365edd20dcdfe3528597664d8a28f8db697177537494e645bb4f481,AArch64,ELF64,False,True,vendor/archive/local backup,redistribution not established,DO_NOT_DISTRIBUTE,aarch64-mix210 toolchain; board ABI validation required,local discovery only
repository,08_media/mix210-toolchain/aarch64-mix210-linux/target/lib/libpcprofile.so,9120,737c9ce84b7e3d7b31ad05eaea95709ac8e8c2e40c41535b1a9575f0c3b70f52,AArch64,ELF64,False,True,vendor/archive/local backup,redistribution not established,DO_NOT_DISTRIBUTE,aarch64-mix210 toolchain; board ABI validation required,local discovery only
repository,08_media/mix210-toolchain/aarch64-mix210-linux/target/lib/libpthread-2.29.so,164984,0cbee3bc47273ffaf1ef35b040616ec20ea0f50ba9bae40d8e345981a0b1743b,AArch64,ELF64,False,True,vendor/archive/local backup,redistribution not established,DO_NOT_DISTRIBUTE,aarch64-mix210 toolchain; board ABI validation required,local discovery only
repository,08_media/mix210-toolchain/aarch64-mix210-linux/target/lib/libresolv-2.29.so,99448,59f82d9aad634e1f8b66c971cab5495636e90fe05667fea01618517986cb5160,AArch64,ELF64,False,True,vendor/archive/local backup,redistribution not established,DO_NOT_DISTRIBUTE,aarch64-mix210 toolchain; board ABI validation required,local discovery only
repository,08_media/mix210-toolchain/aarch64-mix210-linux/target/lib/librt-2.29.so,43824,a3475060fc1c325dfbff7ab8df901b50df9a8abd66bb44d1fff0e93acad6c0af,AArch64,ELF64,False,True,vendor/archive/local backup,redistribution not established,DO_NOT_DISTRIBUTE,aarch64-mix210 toolchain; board ABI validation required,local discovery only
repository,08_media/mix210-toolchain/aarch64-mix210-linux/target/lib/libthread_db-1.0.so,45576,60446f5269c87ba392cb4b016d623e7c6eb041f16e2af482b55182a604bc0803,AArch64,ELF64,False,True,vendor/archive/local backup,redistribution not established,DO_NOT_DISTRIBUTE,aarch64-mix210 toolchain; board ABI validation required,local discovery only
repository,08_media/mix210-toolchain/aarch64-mix210-linux/target/lib/libutil-2.29.so,19088,38c1d9fb491f12c35136dd0d0ead666728be8c7d36e67d2da578bdb3c6ee9439,AArch64,ELF64,False,True,vendor/archive/local backup,redistribution not established,DO_NOT_DISTRIBUTE,aarch64-mix210 toolchain; board ABI validation required,local discovery only
repository,08_media/mix210-toolchain/aarch64-mix210-linux/target/usr/lib/Mcrt1.o,936,c612c3bfa518662d5e25d81ac88f7e1fd42eabe5cef07f9fe29c7a46881760f2,AArch64,ELF64,False,True,vendor/archive/local backup,redistribution not established,DO_NOT_DISTRIBUTE,aarch64-mix210 toolchain; board ABI validation required,local discovery only
repository,08_media/mix210-toolchain/aarch64-mix210-linux/target/usr/lib/Scrt1.o,2240,b769ad99b899b8be426fe6897b2e44f1c36cecef9b9d31517c88acf8dd292f49,AArch64,ELF64,False,True,vendor/archive/local backup,redistribution not established,DO_NOT_DISTRIBUTE,aarch64-mix210 toolchain; board ABI validation required,local discovery only
repository,08_media/mix210-toolchain/aarch64-mix210-linux/target/usr/lib/audit/sotruss-lib.so,13872,bbf1c8b7c9c495978bb8a2a200a234fbff2c820764c109a73fbd53324d899bf0,AArch64,ELF64,False,True,vendor/archive/local backup,redistribution not established,DO_NOT_DISTRIBUTE,aarch64-mix210 toolchain; board ABI validation required,local discovery only
repository,08_media/mix210-toolchain/aarch64-mix210-linux/target/usr/lib/crt1.o,2496,8dc7bd5b74202afd4ac1c345fd1f053154fe86faa156b766335187a891ff3088,AArch64,ELF64,False,True,vendor/archive/local backup,redistribution not established,DO_NOT_DISTRIBUTE,aarch64-mix210 toolchain; board ABI validation required,local discovery only
repository,08_media/mix210-toolchain/aarch64-mix210-linux/target/usr/lib/crti.o,1440,eaad3f265b073565a494e38e553fe3e4bae973a59a4412b028a7592e2c55572e,AArch64,ELF64,False,True,vendor/archive/local backup,redistribution not established,DO_NOT_DISTRIBUTE,aarch64-mix210 toolchain; board ABI validation required,local discovery only
repository,08_media/mix210-toolchain/aarch64-mix210-linux/target/usr/lib/crtn.o,1016,50ea930e73f339140017b9faf4124313fda4f1c3946b59a6af5f31988336b91b,AArch64,ELF64,False,True,vendor/archive/local backup,redistribution not established,DO_NOT_DISTRIBUTE,aarch64-mix210 toolchain; board ABI validation required,local discovery only
repository,08_media/mix210-toolchain/aarch64-mix210-linux/target/usr/lib/gconv/ANSI_X3.110.so,25792,a9a452d6c45dbd52df136b7a03c4b691391090aedab7aa70af73b626b5477450,AArch64,ELF64,False,True,vendor/archive/local backup,redistribution not established,DO_NOT_DISTRIBUTE,aarch64-mix210 toolchain; board ABI validation required,local discovery only
repository,08_media/mix210-toolchain/aarch64-mix210-linux/target/usr/lib/gconv/ARMSCII-8.so,13240,b3974cee832f3cee9a10a6c11c3a7afc529c9f70c75b81c1566811d423cf3fad,AArch64,ELF64,False,True,vendor/archive/local backup,redistribution not established,DO_NOT_DISTRIBUTE,aarch64-mix210 toolchain; board ABI validation required,local discovery only
repository,08_media/mix210-toolchain/aarch64-mix210-linux/target/usr/lib/gconv/ASMO_449.so,13248,2317d0d30e93013ba68ed3d2d68db64cbbb9fbc20414a6588e1494421355c662,AArch64,ELF64,False,True,vendor/archive/local backup,redistribution not established,DO_NOT_DISTRIBUTE,aarch64-mix210 toolchain; board ABI validation required,local discovery only
repository,08_media/mix210-toolchain/aarch64-mix210-linux/target/usr/lib/gconv/BIG5.so,91648,f5134b367d73d692419a3cb71b1b10d5566dd3a21350752f1814f237ca2fc961,AArch64,ELF64,False,True,vendor/archive/local backup,redistribution not established,DO_NOT_DISTRIBUTE,aarch64-mix210 toolchain; board ABI validation required,local discovery only
repository,08_media/mix210-toolchain/aarch64-mix210-linux/target/usr/lib/gconv/BIG5HKSCS.so,238592,27e01db1d9a5caeda20ccdc9b69445a0f8390f9db4e08086b78fd98024ccf94c,AArch64,ELF64,False,True,vendor/archive/local backup,redistribution not established,DO_NOT_DISTRIBUTE,aarch64-mix210 toolchain; board ABI validation required,local discovery only
repository,08_media/mix210-toolchain/aarch64-mix210-linux/target/usr/lib/gconv/BRF.so,13248,386e80f4617ba168e1d0197233466014d11b26b89d45ba000ab09bf7cc1db931,AArch64,ELF64,False,True,vendor/archive/local backup,redistribution not established,DO_NOT_DISTRIBUTE,aarch64-mix210 toolchain; board ABI validation required,local discovery only
repository,08_media/mix210-toolchain/aarch64-mix210-linux/target/usr/lib/gconv/CP10007.so,13248,97033a0c670703e74dd48a05e1480a45290ff663aecaee186977249a3203f83a,AArch64,ELF64,False,True,vendor/archive/local backup,redistribution not established,DO_NOT_DISTRIBUTE,aarch64-mix210 toolchain; board ABI validation required,local discovery only
repository,08_media/mix210-toolchain/aarch64-mix210-linux/target/usr/lib/gconv/CP1125.so,13248,f4baba16dc2ffd778c42e5e87a01c470c5129d2742bda8a431bcb56bb7ca1d69,AArch64,ELF64,False,True,vendor/archive/local backup,redistribution not established,DO_NOT_DISTRIBUTE,aarch64-mix210 toolchain; board ABI validation required,local discovery only
repository,08_media/mix210-toolchain/aarch64-mix210-linux/target/usr/lib/gconv/CP1250.so,13248,491b77b943d29f56ba174b3fb201f2b82a521f452e7040c9d0ccb5a787ae0324,AArch64,ELF64,False,True,vendor/archive/local backup,redistribution not established,DO_NOT_DISTRIBUTE,aarch64-mix210 toolchain; board ABI validation required,local discovery only
repository,08_media/mix210-toolchain/aarch64-mix210-linux/target/usr/lib/gconv/CP1251.so,13248,dfe9d5bdea8224b0fce813e27af1c011677cae6c7757c06e9232bcc18f10446f,AArch64,ELF64,False,True,vendor/archive/local backup,redistribution not established,DO_NOT_DISTRIBUTE,aarch64-mix210 toolchain; board ABI validation required,local discovery only
repository,08_media/mix210-toolchain/aarch64-mix210-linux/target/usr/lib/gconv/CP1252.so,13248,7a3657c796b876ba238d2f6d0b335744cdd1853f8fba301303e999d3cbfcc304,AArch64,ELF64,False,True,vendor/archive/local backup,redistribution not established,DO_NOT_DISTRIBUTE,aarch64-mix210 toolchain; board ABI validation required,local discovery only
repository,08_media/mix210-toolchain/aarch64-mix210-linux/target/usr/lib/gconv/CP1253.so,13248,244689fcc20d53014665acb181f3bfd320d37e32e46de392ae90764735cd9ecd,AArch64,ELF64,False,True,vendor/archive/local backup,redistribution not established,DO_NOT_DISTRIBUTE,aarch64-mix210 toolchain; board ABI validation required,local discovery only
repository,08_media/mix210-toolchain/aarch64-mix210-linux/target/usr/lib/gconv/CP1254.so,13248,176aa0450989a42b198e135b4923db71691d6e7cabb4f509bf2ebf4408347b8a,AArch64,ELF64,False,True,vendor/archive/local backup,redistribution not established,DO_NOT_DISTRIBUTE,aarch64-mix210 toolchain; board ABI validation required,local discovery only
repository,08_media/mix210-toolchain/aarch64-mix210-linux/target/usr/lib/gconv/CP1255.so,17496,384fd47a3c1837cb702a42c02fb7f1b69c04d25729ff6c95ee18364d86e68bfc,AArch64,ELF64,False,True,vendor/archive/local backup,redistribution not established,DO_NOT_DISTRIBUTE,aarch64-mix210 toolchain; board ABI validation required,local discovery only
repository,08_media/mix210-toolchain/aarch64-mix210-linux/target/usr/lib/gconv/CP1256.so,13248,c1ed30f2a45c0c50517009f8d962f8d2e11c13b565eef027a045647b38abc3fc,AArch64,ELF64,False,True,vendor/archive/local backup,redistribution not established,DO_NOT_DISTRIBUTE,aarch64-mix210 toolchain; board ABI validation required,local discovery only
repository,08_media/mix210-toolchain/aarch64-mix210-linux/target/usr/lib/gconv/CP1257.so,13248,c97b85c79d8040f8b9055c7db4c906b134a7e933325b3607cc95be08a7f61fca,AArch64,ELF64,False,True,vendor/archive/local backup,redistribution not established,DO_NOT_DISTRIBUTE,aarch64-mix210 toolchain; board ABI validation required,local discovery only
repository,08_media/mix210-toolchain/aarch64-mix210-linux/target/usr/lib/gconv/CP1258.so,17432,97dd0d12b96a76bece4cb985ee18b14559966f19ff435685657cc8ef1c6ad9c6,AArch64,ELF64,False,True,vendor/archive/local backup,redistribution not established,DO_NOT_DISTRIBUTE,aarch64-mix210 toolchain; board ABI validation required,local discovery only
repository,08_media/mix210-toolchain/aarch64-mix210-linux/target/usr/lib/gconv/CP737.so,13248,dbb81bbde495edc0786a0fef7ad2ae311c720ab416988cc2c43badaeff53aa7a,AArch64,ELF64,False,True,vendor/archive/local backup,redistribution not established,DO_NOT_DISTRIBUTE,aarch64-mix210 toolchain; board ABI validation required,local discovery only
repository,08_media/mix210-toolchain/aarch64-mix210-linux/target/usr/lib/gconv/CP770.so,13248,b93e8470f65695c176abc6a6349014ccb7634ee7855d36f60b217c66e649ee29,AArch64,ELF64,False,True,vendor/archive/local backup,redistribution not established,DO_NOT_DISTRIBUTE,aarch64-mix210 toolchain; board ABI validation required,local discovery only
repository,08_media/mix210-toolchain/aarch64-mix210-linux/target/usr/lib/gconv/CP771.so,13248,800a517ab517ce82bd3a308f08561b7a0d068dcb1fefb75683765e946848dc0f,AArch64,ELF64,False,True,vendor/archive/local backup,redistribution not established,DO_NOT_DISTRIBUTE,aarch64-mix210 toolchain; board ABI validation required,local discovery only
repository,08_media/mix210-toolchain/aarch64-mix210-linux/target/usr/lib/gconv/CP772.so,13248,d43ca6d41216f17909ec839b0c38768ccdc318b25a690c7b4e4cda53d073b7fa,AArch64,ELF64,False,True,vendor/archive/local backup,redistribution not established,DO_NOT_DISTRIBUTE,aarch64-mix210 toolchain; board ABI validation required,local discovery only
repository,08_media/mix210-toolchain/aarch64-mix210-linux/target/usr/lib/gconv/CP773.so,13248,bfc91286476a9fd970ee86783c8996db185013237acf1791dd2774656f364bfe,AArch64,ELF64,False,True,vendor/archive/local backup,redistribution not established,DO_NOT_DISTRIBUTE,aarch64-mix210 toolchain; board ABI validation required,local discovery only
repository,08_media/mix210-toolchain/aarch64-mix210-linux/target/usr/lib/gconv/CP774.so,13248,e1a6ad4bdd1870cd6278f8abf926e7706b5411263343fbcca7e70c021e881ffa,AArch64,ELF64,False,True,vendor/archive/local backup,redistribution not established,DO_NOT_DISTRIBUTE,aarch64-mix210 toolchain; board ABI validation required,local discovery only
repository,08_media/mix210-toolchain/aarch64-mix210-linux/target/usr/lib/gconv/CP775.so,13248,a91ab31f0d4fa7498ab4d7dd27ff2628310330ea703cf9b83d605694156612e8,AArch64,ELF64,False,True,vendor/archive/local backup,redistribution not established,DO_NOT_DISTRIBUTE,aarch64-mix210 toolchain; board ABI validation required,local discovery only
repository,08_media/mix210-toolchain/aarch64-mix210-linux/target/usr/lib/gconv/CP932.so,99624,bce833a6ae738e4de0885df1b8e4429ddbcfde5be8d17969a9c740b9b2078c16,AArch64,ELF64,False,True,vendor/archive/local backup,redistribution not established,DO_NOT_DISTRIBUTE,aarch64-mix210 toolchain; board ABI validation required,local discovery only
repository,08_media/mix210-toolchain/aarch64-mix210-linux/target/usr/lib/gconv/CSN_369103.so,13256,c23b2938f57c257313270de2e88c72673008e12735cd46574cf92a01ec02f321,AArch64,ELF64,False,True,vendor/archive/local backup,redistribution not established,DO_NOT_DISTRIBUTE,aarch64-mix210 toolchain; board ABI validation required,local discovery only
repository,08_media/mix210-toolchain/aarch64-mix210-linux/target/usr/lib/gconv/CWI.so,13248,d4f068b28d1dd7bde36b41b279be6261c11a7285586a6a8ffa52c5f1687388c6,AArch64,ELF64,False,True,vendor/archive/local backup,redistribution not established,DO_NOT_DISTRIBUTE,aarch64-mix210 toolchain; board ABI validation required,local discovery only
repository,08_media/mix210-toolchain/aarch64-mix210-linux/target/usr/lib/gconv/DEC-MCS.so,13248,5b3ed628d39b0c2beedb4563caf20cdea9881c00e3ca5b15f2f8f79637ec9835,AArch64,ELF64,False,True,vendor/archive/local backup,redistribution not established,DO_NOT_DISTRIBUTE,aarch64-mix210 toolchain; board ABI validation required,local discovery only
repository,08_media/mix210-toolchain/aarch64-mix210-linux/target/usr/lib/gconv/EBCDIC-AT-DE-A.so,13224,45ac5e34e74d1003ba999656c3e97e6f184f350988194ba77e9b4c6bffc05211,AArch64,ELF64,False,True,vendor/archive/local backup,redistribution not established,DO_NOT_DISTRIBUTE,aarch64-mix210 toolchain; board ABI validation required,local discovery only
repository,08_media/mix210-toolchain/aarch64-mix210-linux/target/usr/lib/gconv/EBCDIC-AT-DE.so,13224,88a282868fe23dd9064efcdf525ed283375934c05a1fd937e939807b76c3af6f,AArch64,ELF64,False,True,vendor/archive/local backup,redistribution not established,DO_NOT_DISTRIBUTE,aarch64-mix210 toolchain; board ABI validation required,local discovery only
repository,08_media/mix210-toolchain/aarch64-mix210-linux/target/usr/lib/gconv/EBCDIC-CA-FR.so,13224,e9ce212773457819a6a32f3e30d59badff7f5c4ad26f30b3cfa239598fbbe0c4,AArch64,ELF64,False,True,vendor/archive/local backup,redistribution not established,DO_NOT_DISTRIBUTE,aarch64-mix210 toolchain; board ABI validation required,local discovery only
repository,08_media/mix210-toolchain/aarch64-mix210-linux/target/usr/lib/gconv/EBCDIC-DK-NO-A.so,13224,d3b13ee08e533a62988dd74d6facaabc6be35c6481ff0f8954846ab96e78d620,AArch64,ELF64,False,True,vendor/archive/local backup,redistribution not established,DO_NOT_DISTRIBUTE,aarch64-mix210 toolchain; board ABI validation required,local discovery only
repository,08_media/mix210-toolchain/aarch64-mix210-linux/target/usr/lib/gconv/EBCDIC-DK-NO.so,13224,970549f9e4e5f511f7b71c4269d8b95a7a19c50275f56c6e7a0a054b731d310e,AArch64,ELF64,False,True,vendor/archive/local backup,redistribution not established,DO_NOT_DISTRIBUTE,aarch64-mix210 toolchain; board ABI validation required,local discovery only
repository,08_media/mix210-toolchain/aarch64-mix210-linux/target/usr/lib/gconv/EBCDIC-ES-A.so,13256,ccd1da9159f9ba2d27565af712f4b01e0ce7bf21cf3829084ce0358f3dbbd6a0,AArch64,ELF64,False,True,vendor/archive/local backup,redistribution not established,DO_NOT_DISTRIBUTE,aarch64-mix210 toolchain; board ABI validation required,local discovery only
repository,08_media/mix210-toolchain/aarch64-mix210-linux/target/usr/lib/gconv/EBCDIC-ES-S.so,13224,127930faaf8f7c3f13c8e3e666fa7a61a3708ccf117d35e286f0c3791ef65ad7,AArch64,ELF64,False,True,vendor/archive/local backup,redistribution not established,DO_NOT_DISTRIBUTE,aarch64-mix210 toolchain; board ABI validation required,local discovery only
repository,08_media/mix210-toolchain/aarch64-mix210-linux/target/usr/lib/gconv/EBCDIC-ES.so,13248,ab7d5bcbf5494c70cb00297a9d56ac2d97dc7594f9b81b0ea6695a97007b5a62,AArch64,ELF64,False,True,vendor/archive/local backup,redistribution not established,DO_NOT_DISTRIBUTE,aarch64-mix210 toolchain; board ABI validation required,local discovery only
repository,08_media/mix210-toolchain/aarch64-mix210-linux/target/usr/lib/gconv/EBCDIC-FI-SE-A.so,13224,f229ec2784d7c45edf74b2a851aa2d039051dfde75d7c36de70f1983cbc0da18,AArch64,ELF64,False,True,vendor/archive/local backup,redistribution not established,DO_NOT_DISTRIBUTE,aarch64-mix210 toolchain; board ABI validation required,local discovery only
repository,08_media/mix210-toolchain/aarch64-mix210-linux/target/usr/lib/gconv/EBCDIC-FI-SE.so,13224,d89b4f042a666c73d60b533a444403b245b02dda12d4a4c56874fd07880c358a,AArch64,ELF64,False,True,vendor/archive/local backup,redistribution not established,DO_NOT_DISTRIBUTE,aarch64-mix210 toolchain; board ABI validation required,local discovery only
repository,08_media/mix210-toolchain/aarch64-mix210-linux/target/usr/lib/gconv/EBCDIC-FR.so,13216,b7b1cf6f4e8a019ce217711ac30c73cd2071fbc8c58eeea36a8e587d8063be88,AArch64,ELF64,False,True,vendor/archive/local backup,redistribution not established,DO_NOT_DISTRIBUTE,aarch64-mix210 toolchain; board ABI validation required,local discovery only
repository,08_media/mix210-toolchain/aarch64-mix210-linux/target/usr/lib/gconv/EBCDIC-IS-FRISS.so,13256,1d32cad4acb4b5c0f854f744caa1f213636546cc7048ecd54bd6c56acda1e7df,AArch64,ELF64,False,True,vendor/archive/local backup,redistribution not established,DO_NOT_DISTRIBUTE,aarch64-mix210 toolchain; board ABI validation required,local discovery only
repository,08_media/mix210-toolchain/aarch64-mix210-linux/target/usr/lib/gconv/EBCDIC-IT.so,13216,f5db50f67a83daf33e928347beebe5887d2be40f3da3d1b5874c3ca5cc6c4757,AArch64,ELF64,False,True,vendor/archive/local backup,redistribution not established,DO_NOT_DISTRIBUTE,aarch64-mix210 toolchain; board ABI validation required,local discovery only
repository,08_media/mix210-toolchain/aarch64-mix210-linux/target/usr/lib/gconv/EBCDIC-PT.so,13216,d41785e34bdf0af08322dfe67c0d67638a6a132c572a6c8a4c11f4441a859060,AArch64,ELF64,False,True,vendor/archive/local backup,redistribution not established,DO_NOT_DISTRIBUTE,aarch64-mix210 toolchain; board ABI validation required,local discovery only
repository,08_media/mix210-toolchain/aarch64-mix210-linux/target/usr/lib/gconv/EBCDIC-UK.so,13248,30d063185bff602ec2a68d325ff0f18279240adb625927927c13e64e0b9f2812,AArch64,ELF64,False,True,vendor/archive/local backup,redistribution not established,DO_NOT_DISTRIBUTE,aarch64-mix210 toolchain; board ABI validation required,local discovery only
repository,08_media/mix210-toolchain/aarch64-mix210-linux/target/usr/lib/gconv/EBCDIC-US.so,13216,bfc4a0c74c637be1a9e9f5628f9e67efccce9da69706e12dfbf47eddcb8645dd,AArch64,ELF64,False,True,vendor/archive/local backup,redistribution not established,DO_NOT_DISTRIBUTE,aarch64-mix210 toolchain; board ABI validation required,local discovery only
repository,08_media/mix210-toolchain/aarch64-mix210-linux/target/usr/lib/gconv/ECMA-CYRILLIC.so,13256,d4b0b277cec5b65aa9403ead51615bba4faedc4b0836a7b34a49914086eb838e,AArch64,ELF64,False,True,vendor/archive/local backup,redistribution not established,DO_NOT_DISTRIBUTE,aarch64-mix210 toolchain; board ABI validation required,local discovery only
repository,08_media/mix210-toolchain/aarch64-mix210-linux/target/usr/lib/gconv/EUC-CN.so,21888,0992a97679367a0f2c646b8d541d0dfa030a394605d8f6fe74f03d5f75ce89f3,AArch64,ELF64,False,True,vendor/archive/local backup,redistribution not established,DO_NOT_DISTRIBUTE,aarch64-mix210 toolchain; board ABI validation required,local discovery only
repository,08_media/mix210-toolchain/aarch64-mix210-linux/target/usr/lib/gconv/EUC-JISX0213.so,17640,0159e5e199304ac3a96c434b857c9338e044c8054b3b4fb4cb69365f97e074d2,AArch64,ELF64,False,True,vendor/archive/local backup,redistribution not established,DO_NOT_DISTRIBUTE,aarch64-mix210 toolchain; board ABI validation required,local discovery only
repository,08_media/mix210-toolchain/aarch64-mix210-linux/target/usr/lib/gconv/EUC-JP-MS.so,91464,a086d8ea96ee787158aadc721a22b97074c05bfe3f24f2e5819b828afa951ac5,AArch64,ELF64,False,True,vendor/archive/local backup,redistribution not established,DO_NOT_DISTRIBUTE,aarch64-mix210 toolchain; board ABI validation required,local discovery only
repository,08_media/mix210-toolchain/aarch64-mix210-linux/target/usr/lib/gconv/EUC-JP.so,17784,3a87f9862441e7cdcf5a0836e4d413040c8a781f5484f478dc5e3d6edc0c0716,AArch64,ELF64,False,True,vendor/archive/local backup,redistribution not established,DO_NOT_DISTRIBUTE,aarch64-mix210 toolchain; board ABI validation required,local discovery only
repository,08_media/mix210-toolchain/aarch64-mix210-linux/target/usr/lib/gconv/EUC-KR.so,17504,9fd9b8e9a0e2ae800681c0d22b7c9fac93a35dc591c59bf62a652c5a89e1d7f0,AArch64,ELF64,False,True,vendor/archive/local backup,redistribution not established,DO_NOT_DISTRIBUTE,aarch64-mix210 toolchain; board ABI validation required,local discovery only
repository,08_media/mix210-toolchain/aarch64-mix210-linux/target/usr/lib/gconv/EUC-TW.so,26744,7e9330df0c56b3e1e5e356adfaa7d0e6c99517b8e1ec2fad53729f2b5af56f1f,AArch64,ELF64,False,True,vendor/archive/local backup,redistribution not established,DO_NOT_DISTRIBUTE,aarch64-mix210 toolchain; board ABI validation required,local discovery only
repository,08_media/mix210-toolchain/aarch64-mix210-linux/target/usr/lib/gconv/GB18030.so,181312,7ecd3b7dc5cf1a6b64eb5b0355c233f77c3a3ab01a97b8dab85a647dead19192,AArch64,ELF64,False,True,vendor/archive/local backup,redistribution not established,DO_NOT_DISTRIBUTE,aarch64-mix210 toolchain; board ABI validation required,local discovery only
repository,08_media/mix210-toolchain/aarch64-mix210-linux/target/usr/lib/gconv/GBBIG5.so,58248,37a39094ed19ce6850ebf4530b0b654db0947ac586438e07c8bba06b0ed8b2f7,AArch64,ELF64,False,True,vendor/archive/local backup,redistribution not established,DO_NOT_DISTRIBUTE,aarch64-mix210 toolchain; board ABI validation required,local discovery only
repository,08_media/mix210-toolchain/aarch64-mix210-linux/target/usr/lib/gconv/GBGBK.so,13136,42e1fe17e13af754c8cd57148f84321910dd2e146234df5e498b54b78e4a4ad2,AArch64,ELF64,False,True,vendor/archive/local backup,redistribution not established,DO_NOT_DISTRIBUTE,aarch64-mix210 toolchain; board ABI validation required,local discovery only
repository,08_media/mix210-toolchain/aarch64-mix210-linux/target/usr/lib/gconv/GBK.so,116128,227a6a995b1ea037ff45824c04539bdcf689b23e45f644b20bffba1d0925b36a,AArch64,ELF64,False,True,vendor/archive/local backup,redistribution not established,DO_NOT_DISTRIBUTE,aarch64-mix210 toolchain; board ABI validation required,local discovery only
repository,08_media/mix210-toolchain/aarch64-mix210-linux/target/usr/lib/gconv/GEORGIAN-ACADEMY.so,13256,6947478a5f9d049a77339ecae09b7f78e436fa16c53c810e43f95885bb4f9093,AArch64,ELF64,False,True,vendor/archive/local backup,redistribution not established,DO_NOT_DISTRIBUTE,aarch64-mix210 toolchain; board ABI validation required,local discovery only
repository,08_media/mix210-toolchain/aarch64-mix210-linux/target/usr/lib/gconv/GEORGIAN-PS.so,13256,5663fe8996fc61f6f56d1f4ab5365d8a60f2296889845d2b282f487dc5d1dece,AArch64,ELF64,False,True,vendor/archive/local backup,redistribution not established,DO_NOT_DISTRIBUTE,aarch64-mix210 toolchain; board ABI validation required,local discovery only
repository,08_media/mix210-toolchain/aarch64-mix210-linux/target/usr/lib/gconv/GOST_19768-74.so,13256,a533144e7a671fbce59435cd3e56fc3244c94d9890a8ea284770a7c9c94558e3,AArch64,ELF64,False,True,vendor/archive/local backup,redistribution not established,DO_NOT_DISTRIBUTE,aarch64-mix210 toolchain; board ABI validation required,local discovery only
repository,08_media/mix210-toolchain/aarch64-mix210-linux/target/usr/lib/gconv/GREEK-CCITT.so,13256,ac1342800b380df454581ea85ddff7526dd3024c8249344e865f520f654bea4c,AArch64,ELF64,False,True,vendor/archive/local backup,redistribution not established,DO_NOT_DISTRIBUTE,aarch64-mix210 toolchain; board ABI validation required,local discovery only
repository,08_media/mix210-toolchain/aarch64-mix210-linux/target/usr/lib/gconv/GREEK7-OLD.so,13256,daac54c139dd3dce88048149c5f63abfe74ff2a9ac3f72c95a16050551d1c121,AArch64,ELF64,False,True,vendor/archive/local backup,redistribution not established,DO_NOT_DISTRIBUTE,aarch64-mix210 toolchain; board ABI validation required,local discovery only
repository,08_media/mix210-toolchain/aarch64-mix210-linux/target/usr/lib/gconv/GREEK7.so,13248,f53eefd358f960fb24f866775d5032c24d94306a3f5f8f08e75b515cee4d1dcc,AArch64,ELF64,False,True,vendor/archive/local backup,redistribution not established,DO_NOT_DISTRIBUTE,aarch64-mix210 toolchain; board ABI validation required,local discovery only
repository,08_media/mix210-toolchain/aarch64-mix210-linux/target/usr/lib/gconv/HP-GREEK8.so,13248,dc120dae6626eaab8fed9dccf43b97ce91e1e43c86326216b5809ed65d064f1e,AArch64,ELF64,False,True,vendor/archive/local backup,redistribution not established,DO_NOT_DISTRIBUTE,aarch64-mix210 toolchain; board ABI validation required,local discovery only
repository,08_media/mix210-toolchain/aarch64-mix210-linux/target/usr/lib/gconv/HP-ROMAN8.so,13248,9c7dca6bfaaacc649687d04acd0cb599fb9934968916d155468f4f69b89e3a27,AArch64,ELF64,False,True,vendor/archive/local backup,redistribution not established,DO_NOT_DISTRIBUTE,aarch64-mix210 toolchain; board ABI validation required,local discovery only
repository,08_media/mix210-toolchain/aarch64-mix210-linux/target/usr/lib/gconv/HP-ROMAN9.so,13248,2b3acca8c102394c8f63b1f8b73a89a60af8393bff8fc90ecff25b09b1112531,AArch64,ELF64,False,True,vendor/archive/local backup,redistribution not established,DO_NOT_DISTRIBUTE,aarch64-mix210 toolchain; board ABI validation required,local discovery only
repository,08_media/mix210-toolchain/aarch64-mix210-linux/target/usr/lib/gconv/HP-THAI8.so,13248,617ca7b8c442a684e65da159e2ec815fc64cbd91a3ea12d0046ece0d1ebc9e4a,AArch64,ELF64,False,True,vendor/archive/local backup,redistribution not established,DO_NOT_DISTRIBUTE,aarch64-mix210 toolchain; board ABI validation required,local discovery only
repository,08_media/mix210-toolchain/aarch64-mix210-linux/target/usr/lib/gconv/HP-TURKISH8.so,13256,fdabccf82beba8ac56650470dde0d5f9dc20a712d1de6f78a967ae5c51e4300b,AArch64,ELF64,False,True,vendor/archive/local backup,redistribution not established,DO_NOT_DISTRIBUTE,aarch64-mix210 toolchain; board ABI validation required,local discovery only
repository,08_media/mix210-toolchain/aarch64-mix210-linux/target/usr/lib/gconv/IBM037.so,13216,3d8cb20fab1c91b68f2de949d4a69f94077bf0b3a9369384db7a57b7fbf9a0da,AArch64,ELF64,False,True,vendor/archive/local backup,redistribution not established,DO_NOT_DISTRIBUTE,aarch64-mix210 toolchain; board ABI validation required,local discovery only
repository,08_media/mix210-toolchain/aarch64-mix210-linux/target/usr/lib/gconv/IBM038.so,13216,4c5ad21dfc881d08a6850f1476418da4bda97f13446b63cca034f6b465499e43,AArch64,ELF64,False,True,vendor/archive/local backup,redistribution not established,DO_NOT_DISTRIBUTE,aarch64-mix210 toolchain; board ABI validation required,local discovery only
repository,08_media/mix210-toolchain/aarch64-mix210-linux/target/usr/lib/gconv/IBM1004.so,13248,ab30b07ac98fb1ab601ce016b494a617e2455e60e4dfada9d1338fb82a4d491f,AArch64,ELF64,False,True,vendor/archive/local backup,redistribution not established,DO_NOT_DISTRIBUTE,aarch64-mix210 toolchain; board ABI validation required,local discovery only
repository,08_media/mix210-toolchain/aarch64-mix210-linux/target/usr/lib/gconv/IBM1008.so,13248,47aaf4b02151b48449b68f07ffc174dfbb54cc9ee663a94ceb7243120c255a87,AArch64,ELF64,False,True,vendor/archive/local backup,redistribution not established,DO_NOT_DISTRIBUTE,aarch64-mix210 toolchain; board ABI validation required,local discovery only
repository,08_media/mix210-toolchain/aarch64-mix210-linux/target/usr/lib/gconv/IBM1008_420.so,13104,e16a8cf1795fabdc6de8aedf37865cc9fe07cd49865614b77127ad4581bbfaeb,AArch64,ELF64,False,True,vendor/archive/local backup,redistribution not established,DO_NOT_DISTRIBUTE,aarch64-mix210 toolchain; board ABI validation required,local discovery only
repository,08_media/mix210-toolchain/aarch64-mix210-linux/target/usr/lib/gconv/IBM1025.so,13248,f3da6c1310956faa9c0d324db290c0e7b6b4b1cfdf7b46dd85fcb06df530d0e8,AArch64,ELF64,False,True,vendor/archive/local backup,redistribution not established,DO_NOT_DISTRIBUTE,aarch64-mix210 toolchain; board ABI validation required,local discovery only
repository,08_media/mix210-toolchain/aarch64-mix210-linux/target/usr/lib/gconv/IBM1026.so,13248,edb72493e99bce6663ce8ffa7853ff4ec41c88700dfda69a4900a91da0ac4916,AArch64,ELF64,False,True,vendor/archive/local backup,redistribution not established,DO_NOT_DISTRIBUTE,aarch64-mix210 toolchain; board ABI validation required,local discovery only
repository,08_media/mix210-toolchain/aarch64-mix210-linux/target/usr/lib/gconv/IBM1046.so,13248,68a662ae099c207b3fac9bfb640a04e3ee91bbe36ae00041af6b8a68c754da75,AArch64,ELF64,False,True,vendor/archive/local backup,redistribution not established,DO_NOT_DISTRIBUTE,aarch64-mix210 toolchain; board ABI validation required,local discovery only
repository,08_media/mix210-toolchain/aarch64-mix210-linux/target/usr/lib/gconv/IBM1047.so,13216,b2b75dac90cbf74883500b35828984ebed22dae689f4cf4eeea958897018caf8,AArch64,ELF64,False,True,vendor/archive/local backup,redistribution not established,DO_NOT_DISTRIBUTE,aarch64-mix210 toolchain; board ABI validation required,local discovery only
repository,08_media/mix210-toolchain/aarch64-mix210-linux/target/usr/lib/gconv/IBM1097.so,13248,766984a892f980dcbf7230f512df3f78ec0adb86bf80ef2696065b7849622bb1,AArch64,ELF64,False,True,vendor/archive/local backup,redistribution not established,DO_NOT_DISTRIBUTE,aarch64-mix210 toolchain; board ABI validation required,local discovery only
repository,08_media/mix210-toolchain/aarch64-mix210-linux/target/usr/lib/gconv/IBM1112.so,13248,68d42375063d021fb04d3eb2a206e2a8a1035444d7ee7a65802fdbff87f9ec91,AArch64,ELF64,False,True,vendor/archive/local backup,redistribution not established,DO_NOT_DISTRIBUTE,aarch64-mix210 toolchain; board ABI validation required,local discovery only
repository,08_media/mix210-toolchain/aarch64-mix210-linux/target/usr/lib/gconv/IBM1122.so,13248,65e0a6058bd87147e35688828bdb45c68b1deac45afb7022a6d6b11537f2c165,AArch64,ELF64,False,True,vendor/archive/local backup,redistribution not established,DO_NOT_DISTRIBUTE,aarch64-mix210 toolchain; board ABI validation required,local discovery only
repository,08_media/mix210-toolchain/aarch64-mix210-linux/target/usr/lib/gconv/IBM1123.so,13248,b64c9e35efef508b628985a417e28603244affe927f9f32b7f61b561eff01c36,AArch64,ELF64,False,True,vendor/archive/local backup,redistribution not established,DO_NOT_DISTRIBUTE,aarch64-mix210 toolchain; board ABI validation required,local discovery only
repository,08_media/mix210-toolchain/aarch64-mix210-linux/target/usr/lib/gconv/IBM1124.so,13248,e789c3ebd422ff040b0c1dfd485738480adaf33645fa446d71d6cc29776ea572,AArch64,ELF64,False,True,vendor/archive/local backup,redistribution not established,DO_NOT_DISTRIBUTE,aarch64-mix210 toolchain; board ABI validation required,local discovery only
repository,08_media/mix210-toolchain/aarch64-mix210-linux/target/usr/lib/gconv/IBM1129.so,13248,9e8d5c0b47b02a1fc82cddce453079bdcb8680aad20ee56bc6765b283b48aa63,AArch64,ELF64,False,True,vendor/archive/local backup,redistribution not established,DO_NOT_DISTRIBUTE,aarch64-mix210 toolchain; board ABI validation required,local discovery only
repository,08_media/mix210-toolchain/aarch64-mix210-linux/target/usr/lib/gconv/IBM1130.so,13248,74c15073ff359c1be3fb56481374cfb90ab7b512fbe54b28c3a82000e931d055,AArch64,ELF64,False,True,vendor/archive/local backup,redistribution not established,DO_NOT_DISTRIBUTE,aarch64-mix210 toolchain; board ABI validation required,local discovery only
repository,08_media/mix210-toolchain/aarch64-mix210-linux/target/usr/lib/gconv/IBM1132.so,13248,fd63c5c6b7ba694de07204668d139c4ce9a7d4ab2511a13fd1cbf0d3305e23a7,AArch64,ELF64,False,True,vendor/archive/local backup,redistribution not established,DO_NOT_DISTRIBUTE,aarch64-mix210 toolchain; board ABI validation required,local discovery only
repository,08_media/mix210-toolchain/aarch64-mix210-linux/target/usr/lib/gconv/IBM1133.so,13248,bbfbfd510b53d02d8276722afa20b9a5f60ad3526829e347c879ffff85709f32,AArch64,ELF64,False,True,vendor/archive/local backup,redistribution not established,DO_NOT_DISTRIBUTE,aarch64-mix210 toolchain; board ABI validation required,local discovery only
repository,08_media/mix210-toolchain/aarch64-mix210-linux/target/usr/lib/gconv/IBM1137.so,13248,aac84962c743d647045ceb445a2d79aa59a28dd8d2241256f6e8b32b612c4f3f,AArch64,ELF64,False,True,vendor/archive/local backup,redistribution not established,DO_NOT_DISTRIBUTE,aarch64-mix210 toolchain; board ABI validation required,local discovery only
repository,08_media/mix210-toolchain/aarch64-mix210-linux/target/usr/lib/gconv/IBM1140.so,13248,ffae2c9efe1c50777243ba9fd28a3e72c0dee0e181007e905bc1550f9c969461,AArch64,ELF64,False,True,vendor/archive/local backup,redistribution not established,DO_NOT_DISTRIBUTE,aarch64-mix210 toolchain; board ABI validation required,local discovery only
repository,08_media/mix210-toolchain/aarch64-mix210-linux/target/usr/lib/gconv/IBM1141.so,13248,ce411fe04d00f4f11ba22b65f08ebd5979bdc1d1996ff3fd423c90cc076bf960,AArch64,ELF64,False,True,vendor/archive/local backup,redistribution not established,DO_NOT_DISTRIBUTE,aarch64-mix210 toolchain; board ABI validation required,local discovery only
repository,08_media/mix210-toolchain/aarch64-mix210-linux/target/usr/lib/gconv/IBM1142.so,13248,0d0c527e5e440640f0107a0f34d3478117b00b62a1e987cbf4fa6952ce880a35,AArch64,ELF64,False,True,vendor/archive/local backup,redistribution not established,DO_NOT_DISTRIBUTE,aarch64-mix210 toolchain; board ABI validation required,local discovery only
repository,08_media/mix210-toolchain/aarch64-mix210-linux/target/usr/lib/gconv/IBM1143.so,13248,f8e7d02f624535dee4ee591952bb284570b929ce6401bc1db8e63962f490d573,AArch64,ELF64,False,True,vendor/archive/local backup,redistribution not established,DO_NOT_DISTRIBUTE,aarch64-mix210 toolchain; board ABI validation required,local discovery only
repository,08_media/mix210-toolchain/aarch64-mix210-linux/target/usr/lib/gconv/IBM1144.so,13248,24f3de4726eaf14252dbdf85b8874ee6cd9967d76fd57e919831b0130cbf19d5,AArch64,ELF64,False,True,vendor/archive/local backup,redistribution not established,DO_NOT_DISTRIBUTE,aarch64-mix210 toolchain; board ABI validation required,local discovery only
repository,08_media/mix210-toolchain/aarch64-mix210-linux/target/usr/lib/gconv/IBM1145.so,13248,ac00eca48632d0366aab589f1da5f2ed76b4062f79277109125b82af46b20479,AArch64,ELF64,False,True,vendor/archive/local backup,redistribution not established,DO_NOT_DISTRIBUTE,aarch64-mix210 toolchain; board ABI validation required,local discovery only
repository,08_media/mix210-toolchain/aarch64-mix210-linux/target/usr/lib/gconv/IBM1146.so,13248,a33eef43625ed1c2b09bc9a785b2bc16c0ef2f9d60b113fc9c22f8734afd5ff3,AArch64,ELF64,False,True,vendor/archive/local backup,redistribution not established,DO_NOT_DISTRIBUTE,aarch64-mix210 toolchain; board ABI validation required,local discovery only
repository,08_media/mix210-toolchain/aarch64-mix210-linux/target/usr/lib/gconv/IBM1147.so,13248,a5f85c49af758df5839f39f7775f2cf593b3a53cee4bd3d755cae15fef22a6ac,AArch64,ELF64,False,True,vendor/archive/local backup,redistribution not established,DO_NOT_DISTRIBUTE,aarch64-mix210 toolchain; board ABI validation required,local discovery only
repository,08_media/mix210-toolchain/aarch64-mix210-linux/target/usr/lib/gconv/IBM1148.so,13248,57f412f8fc7306195f43ebea18cb32d11fe50a878d98d4455c4d76beb1432149,AArch64,ELF64,False,True,vendor/archive/local backup,redistribution not established,DO_NOT_DISTRIBUTE,aarch64-mix210 toolchain; board ABI validation required,local discovery only
repository,08_media/mix210-toolchain/aarch64-mix210-linux/target/usr/lib/gconv/IBM1149.so,13248,02d1d982d0bcf8febebb7a8e1b17d86843b389a87a2958100adcc8439264c7fc,AArch64,ELF64,False,True,vendor/archive/local backup,redistribution not established,DO_NOT_DISTRIBUTE,aarch64-mix210 toolchain; board ABI validation required,local discovery only
repository,08_media/mix210-toolchain/aarch64-mix210-linux/target/usr/lib/gconv/IBM1153.so,13248,0a0443e8f38ebf708d646241de8f1e3ae1189498e269aeba764a74705d45e547,AArch64,ELF64,False,True,vendor/archive/local backup,redistribution not established,DO_NOT_DISTRIBUTE,aarch64-mix210 toolchain; board ABI validation required,local discovery only
repository,08_media/mix210-toolchain/aarch64-mix210-linux/target/usr/lib/gconv/IBM1154.so,13248,d456b9789ce19aa13e59d0a583d2412eb6b43b7fa41afe7baad191b3cbe98e3a,AArch64,ELF64,False,True,vendor/archive/local backup,redistribution not established,DO_NOT_DISTRIBUTE,aarch64-mix210 toolchain; board ABI validation required,local discovery only
repository,08_media/mix210-toolchain/aarch64-mix210-linux/target/usr/lib/gconv/IBM1155.so,13248,d54c813cb2020342793806f5b016f6beded9f017e7356527dac008803230393b,AArch64,ELF64,False,True,vendor/archive/local backup,redistribution not established,DO_NOT_DISTRIBUTE,aarch64-mix210 toolchain; board ABI validation required,local discovery only
repository,08_media/mix210-toolchain/aarch64-mix210-linux/target/usr/lib/gconv/IBM1156.so,13248,10b5d1ebd75b395e608731dd0cd816e4f0c2d7a4ff644989d88601e3233842ca,AArch64,ELF64,False,True,vendor/archive/local backup,redistribution not established,DO_NOT_DISTRIBUTE,aarch64-mix210 toolchain; board ABI validation required,local discovery only
repository,08_media/mix210-toolchain/aarch64-mix210-linux/target/usr/lib/gconv/IBM1157.so,13248,83f1dba69e24d8ec95426328784aa599c962c7b444ec40ba67149f06d5a0c4aa,AArch64,ELF64,False,True,vendor/archive/local backup,redistribution not established,DO_NOT_DISTRIBUTE,aarch64-mix210 toolchain; board ABI validation required,local discovery only
repository,08_media/mix210-toolchain/aarch64-mix210-linux/target/usr/lib/gconv/IBM1158.so,13248,7ed0615e864d56d52acd3e8815e3d809f74df2500b3b5047cd72e2ccd52113aa,AArch64,ELF64,False,True,vendor/archive/local backup,redistribution not established,DO_NOT_DISTRIBUTE,aarch64-mix210 toolchain; board ABI validation required,local discovery only
repository,08_media/mix210-toolchain/aarch64-mix210-linux/target/usr/lib/gconv/IBM1160.so,13248,0d56219c2a9a2a5a3c9a295ca5223e50a46da378aac80ccdc666cfdb1bdd55bb,AArch64,ELF64,False,True,vendor/archive/local backup,redistribution not established,DO_NOT_DISTRIBUTE,aarch64-mix210 toolchain; board ABI validation required,local discovery only
repository,08_media/mix210-toolchain/aarch64-mix210-linux/target/usr/lib/gconv/IBM1161.so,13248,08513a7b3b86ad0863ea594edeb88f403aa6dec561fc9edd5b3435a0540eb53b,AArch64,ELF64,False,True,vendor/archive/local backup,redistribution not established,DO_NOT_DISTRIBUTE,aarch64-mix210 toolchain; board ABI validation required,local discovery only
repository,08_media/mix210-toolchain/aarch64-mix210-linux/target/usr/lib/gconv/IBM1162.so,13248,930be720b5df7848d18582e501e1e1077250a7320333682b534ffdbc3041f4c7,AArch64,ELF64,False,True,vendor/archive/local backup,redistribution not established,DO_NOT_DISTRIBUTE,aarch64-mix210 toolchain; board ABI validation required,local discovery only
repository,08_media/mix210-toolchain/aarch64-mix210-linux/target/usr/lib/gconv/IBM1163.so,13248,8f835956642069de62c5c949c08ad645fd73817569d9248173f2a0d720bd66d2,AArch64,ELF64,False,True,vendor/archive/local backup,redistribution not established,DO_NOT_DISTRIBUTE,aarch64-mix210 toolchain; board ABI validation required,local discovery only
repository,08_media/mix210-toolchain/aarch64-mix210-linux/target/usr/lib/gconv/IBM1164.so,13248,7b7f53c40cfd6dec0e88de5566c9c2c95f74baafe237c110e2477b1df065bb96,AArch64,ELF64,False,True,vendor/archive/local backup,redistribution not established,DO_NOT_DISTRIBUTE,aarch64-mix210 toolchain; board ABI validation required,local discovery only
repository,08_media/mix210-toolchain/aarch64-mix210-linux/target/usr/lib/gconv/IBM1166.so,13248,097c6f80003c6d176b57c9c4190e83e319e4f06bede4fa4baa8328a11f7f9d8d,AArch64,ELF64,False,True,vendor/archive/local backup,redistribution not established,DO_NOT_DISTRIBUTE,aarch64-mix210 toolchain; board ABI validation required,local discovery only
repository,08_media/mix210-toolchain/aarch64-mix210-linux/target/usr/lib/gconv/IBM1167.so,13248,370005c344729c3713674d1f9ed46c32fa35695915ff00b3d213dc1a08fe4c42,AArch64,ELF64,False,True,vendor/archive/local backup,redistribution not established,DO_NOT_DISTRIBUTE,aarch64-mix210 toolchain; board ABI validation required,local discovery only
repository,08_media/mix210-toolchain/aarch64-mix210-linux/target/usr/lib/gconv/IBM12712.so,13248,327bec75eae8b65ca6a7b9573c0981cb3d18f06c8565a2183433b0f126bd46d0,AArch64,ELF64,False,True,vendor/archive/local backup,redistribution not established,DO_NOT_DISTRIBUTE,aarch64-mix210 toolchain; board ABI validation required,local discovery only
repository,08_media/mix210-toolchain/aarch64-mix210-linux/target/usr/lib/gconv/IBM1364.so,152736,d7bbaab04f6aacdb78d0a86d45fb9ae8c2b71d15cbdf0bdb4e55e0be93258289,AArch64,ELF64,False,True,vendor/archive/local backup,redistribution not established,DO_NOT_DISTRIBUTE,aarch64-mix210 toolchain; board ABI validation required,local discovery only
repository,08_media/mix210-toolchain/aarch64-mix210-linux/target/usr/lib/gconv/IBM1371.so,132256,34aa6fbc2db255e32790e7265a59788a0510f0aa2230f26b3f1aa318be1de76c,AArch64,ELF64,False,True,vendor/archive/local backup,redistribution not established,DO_NOT_DISTRIBUTE,aarch64-mix210 toolchain; board ABI validation required,local discovery only
repository,08_media/mix210-toolchain/aarch64-mix210-linux/target/usr/lib/gconv/IBM1388.so,177312,1ceefa924966223cd273d3087dd07219509305af4657a0ab2bc2217a529e760b,AArch64,ELF64,False,True,vendor/archive/local backup,redistribution not established,DO_NOT_DISTRIBUTE,aarch64-mix210 toolchain; board ABI validation required,local discovery only
repository,08_media/mix210-toolchain/aarch64-mix210-linux/target/usr/lib/gconv/IBM1390.so,234760,dec49ee1b02c316f1bda8dc8247b33e1185977fbcc6567e8db64271d9c1967ce,AArch64,ELF64,False,True,vendor/archive/local backup,redistribution not established,DO_NOT_DISTRIBUTE,aarch64-mix210 toolchain; board ABI validation required,local discovery only
repository,08_media/mix210-toolchain/aarch64-mix210-linux/target/usr/lib/gconv/IBM1399.so,234760,8114730ba157593988ac8886ef1cf3bd6eddcd87f578297d7ecac9c2065f422b,AArch64,ELF64,False,True,vendor/archive/local backup,redistribution not established,DO_NOT_DISTRIBUTE,aarch64-mix210 toolchain; board ABI validation required,local discovery only
repository,08_media/mix210-toolchain/aarch64-mix210-linux/target/usr/lib/gconv/IBM16804.so,13248,a1315e49fb236bf0a6fe51b4916316b56af8ecfd12c717eddc720710559c6ece,AArch64,ELF64,False,True,vendor/archive/local backup,redistribution not established,DO_NOT_DISTRIBUTE,aarch64-mix210 toolchain; board ABI validation required,local discovery only
repository,08_media/mix210-toolchain/aarch64-mix210-linux/target/usr/lib/gconv/IBM256.so,13248,d434c6823173afc1dd5d1f6bb571057b2e44f1e17c55f9fc1f19d477536bb94f,AArch64,ELF64,False,True,vendor/archive/local backup,redistribution not established,DO_NOT_DISTRIBUTE,aarch64-mix210 toolchain; board ABI validation required,local discovery only
repository,08_media/mix210-toolchain/aarch64-mix210-linux/target/usr/lib/gconv/IBM273.so,13216,309a7ffe5758ca6803a123176ff866de934f0bf259b4e5ccd828eef2881e584c,AArch64,ELF64,False,True,vendor/archive/local backup,redistribution not established,DO_NOT_DISTRIBUTE,aarch64-mix210 toolchain; board ABI validation required,local discovery only
repository,08_media/mix210-toolchain/aarch64-mix210-linux/target/usr/lib/gconv/IBM274.so,13216,890ba5c8d926fe6fd3524c19e3739a171494a35880f2a826b6e819d0adea4aee,AArch64,ELF64,False,True,vendor/archive/local backup,redistribution not established,DO_NOT_DISTRIBUTE,aarch64-mix210 toolchain; board ABI validation required,local discovery only
repository,08_media/mix210-toolchain/aarch64-mix210-linux/target/usr/lib/gconv/IBM275.so,13216,db0237f1ad0919699b4cf0f81752dcc618b35af5d8643849c75328d519379410,AArch64,ELF64,False,True,vendor/archive/local backup,redistribution not established,DO_NOT_DISTRIBUTE,aarch64-mix210 toolchain; board ABI validation required,local discovery only
repository,08_media/mix210-toolchain/aarch64-mix210-linux/target/usr/lib/gconv/IBM277.so,13248,a7633b9e761c63497335c0147a51cbf86c7527d597b0c7a986f429a66d140451,AArch64,ELF64,False,True,vendor/archive/local backup,redistribution not established,DO_NOT_DISTRIBUTE,aarch64-mix210 toolchain; board ABI validation required,local discovery only
repository,08_media/mix210-toolchain/aarch64-mix210-linux/target/usr/lib/gconv/IBM278.so,13248,bc9c99759937844de7525520121fe1a5e2e7d407c41553400e4f30c6151eb4e6,AArch64,ELF64,False,True,vendor/archive/local backup,redistribution not established,DO_NOT_DISTRIBUTE,aarch64-mix210 toolchain; board ABI validation required,local discovery only
repository,08_media/mix210-toolchain/aarch64-mix210-linux/target/usr/lib/gconv/IBM280.so,13248,a9219aafb14716dbb08f558240d82b36c23062653df70581cae7a0fd68125aba,AArch64,ELF64,False,True,vendor/archive/local backup,redistribution not established,DO_NOT_DISTRIBUTE,aarch64-mix210 toolchain; board ABI validation required,local discovery only
repository,08_media/mix210-toolchain/aarch64-mix210-linux/target/usr/lib/gconv/IBM281.so,13248,964fef8665084ee60a1b315cdba2b306cddc92e24c81d1e92361c4451f29f7f2,AArch64,ELF64,False,True,vendor/archive/local backup,redistribution not established,DO_NOT_DISTRIBUTE,aarch64-mix210 toolchain; board ABI validation required,local discovery only
repository,08_media/mix210-toolchain/aarch64-mix210-linux/target/usr/lib/gconv/IBM284.so,13248,6dfe2fab0d1c938e5a6cd1b2bae3eee235e9c5aaf479d9c6620f177cca37cc16,AArch64,ELF64,False,True,vendor/archive/local backup,redistribution not established,DO_NOT_DISTRIBUTE,aarch64-mix210 toolchain; board ABI validation required,local discovery only
repository,08_media/mix210-toolchain/aarch64-mix210-linux/target/usr/lib/gconv/IBM285.so,13248,402cad3a41939581ef97c84510b0212322c8f2bc0cce0a70ffca70f4553e2458,AArch64,ELF64,False,True,vendor/archive/local backup,redistribution not established,DO_NOT_DISTRIBUTE,aarch64-mix210 toolchain; board ABI validation required,local discovery only
repository,08_media/mix210-toolchain/aarch64-mix210-linux/target/usr/lib/gconv/IBM290.so,13248,84a452846b3c9f5abffa48d2fe0f837b6f713af9823e346f4a68a2cacdb9c1e1,AArch64,ELF64,False,True,vendor/archive/local backup,redistribution not established,DO_NOT_DISTRIBUTE,aarch64-mix210 toolchain; board ABI validation required,local discovery only
repository,08_media/mix210-toolchain/aarch64-mix210-linux/target/usr/lib/gconv/IBM297.so,13248,837772983e54d4e88109db69dd22a5a9781e0f286fa4623cd038fd568e94aafc,AArch64,ELF64,False,True,vendor/archive/local backup,redistribution not established,DO_NOT_DISTRIBUTE,aarch64-mix210 toolchain; board ABI validation required,local discovery only
repository,08_media/mix210-toolchain/aarch64-mix210-linux/target/usr/lib/gconv/IBM420.so,13248,5d36e059eda057464b68919c4dabb0cb3a33120c16454a94fb3cc8cfc27d281a,AArch64,ELF64,False,True,vendor/archive/local backup,redistribution not established,DO_NOT_DISTRIBUTE,aarch64-mix210 toolchain; board ABI validation required,local discovery only
repository,08_media/mix210-toolchain/aarch64-mix210-linux/target/usr/lib/gconv/IBM423.so,13216,b0ef6ec08b2c590c8b67831248e04371cc708cd6794b8b3052d1be807f086533,AArch64,ELF64,False,True,vendor/archive/local backup,redistribution not established,DO_NOT_DISTRIBUTE,aarch64-mix210 toolchain; board ABI validation required,local discovery only
repository,08_media/mix210-toolchain/aarch64-mix210-linux/target/usr/lib/gconv/IBM424.so,13248,1d7920b782fe3c6ec1abeb9096cf13cd0a7837660c2624ba3519fdbcf4941c98,AArch64,ELF64,False,True,vendor/archive/local backup,redistribution not established,DO_NOT_DISTRIBUTE,aarch64-mix210 toolchain; board ABI validation required,local discovery only
repository,08_media/mix210-toolchain/aarch64-mix210-linux/target/usr/lib/gconv/IBM437.so,13248,e30804af0ed1708df228484d48d43857a54f0867dfb1784fdf318f96b6a973b2,AArch64,ELF64,False,True,vendor/archive/local backup,redistribution not established,DO_NOT_DISTRIBUTE,aarch64-mix210 toolchain; board ABI validation required,local discovery only
repository,08_media/mix210-toolchain/aarch64-mix210-linux/target/usr/lib/gconv/IBM4517.so,13248,abb818f12afa351ac917b081b861d3a9856361a8f1def4779cedea93df6bf6d4,AArch64,ELF64,False,True,vendor/archive/local backup,redistribution not established,DO_NOT_DISTRIBUTE,aarch64-mix210 toolchain; board ABI validation required,local discovery only
repository,08_media/mix210-toolchain/aarch64-mix210-linux/target/usr/lib/gconv/IBM4899.so,13248,7305d2c832cf73d7aa589f9401cacc3f12b77e40c20a6360138a4e1abc210de3,AArch64,ELF64,False,True,vendor/archive/local backup,redistribution not established,DO_NOT_DISTRIBUTE,aarch64-mix210 toolchain; board ABI validation required,local discovery only
repository,08_media/mix210-toolchain/aarch64-mix210-linux/target/usr/lib/gconv/IBM4909.so,13248,933f80f12a7b34bbe38a0deec5f77ae4b914e382e95db6d9ff3a3c9fabdad966,AArch64,ELF64,False,True,vendor/archive/local backup,redistribution not established,DO_NOT_DISTRIBUTE,aarch64-mix210 toolchain; board ABI validation required,local discovery only
repository,08_media/mix210-toolchain/aarch64-mix210-linux/target/usr/lib/gconv/IBM4971.so,13248,be47bb2a959ef328b8b01c8e5ef2fb11a17d2616fbba4fff764e67778db6d205,AArch64,ELF64,False,True,vendor/archive/local backup,redistribution not established,DO_NOT_DISTRIBUTE,aarch64-mix210 toolchain; board ABI validation required,local discovery only
repository,08_media/mix210-toolchain/aarch64-mix210-linux/target/usr/lib/gconv/IBM500.so,13216,9e0f3033f2177f0f5aae58669a9add9d9f9168b54a13e835b0c91df20ad268e4,AArch64,ELF64,False,True,vendor/archive/local backup,redistribution not established,DO_NOT_DISTRIBUTE,aarch64-mix210 toolchain; board ABI validation required,local discovery only
repository,08_media/mix210-toolchain/aarch64-mix210-linux/target/usr/lib/gconv/IBM5347.so,13248,9d558f124148b98eacdcbbad619ed506b89d1c1d24c175edb7481fecd94ca7b8,AArch64,ELF64,False,True,vendor/archive/local backup,redistribution not established,DO_NOT_DISTRIBUTE,aarch64-mix210 toolchain; board ABI validation required,local discovery only
repository,08_media/mix210-toolchain/aarch64-mix210-linux/target/usr/lib/gconv/IBM803.so,13248,fa4295dee47fba92609f9a0d5626c732bf7a95bd63a8f7ac8a1bb6fb49e94869,AArch64,ELF64,False,True,vendor/archive/local backup,redistribution not established,DO_NOT_DISTRIBUTE,aarch64-mix210 toolchain; board ABI validation required,local discovery only
repository,08_media/mix210-toolchain/aarch64-mix210-linux/target/usr/lib/gconv/IBM850.so,13248,b125c44882ad90b229bbe78ec13023206bd22ac9e2d25e89d0c12424016c8c03,AArch64,ELF64,False,True,vendor/archive/local backup,redistribution not established,DO_NOT_DISTRIBUTE,aarch64-mix210 toolchain; board ABI validation required,local discovery only
repository,08_media/mix210-toolchain/aarch64-mix210-linux/target/usr/lib/gconv/IBM851.so,13248,849d47f6a108faf2eb26108d11036ee8222f0530b1a2e693c13ccc03566cfb74,AArch64,ELF64,False,True,vendor/archive/local backup,redistribution not established,DO_NOT_DISTRIBUTE,aarch64-mix210 toolchain; board ABI validation required,local discovery only
repository,08_media/mix210-toolchain/aarch64-mix210-linux/target/usr/lib/gconv/IBM852.so,13248,9d2cc80008b63559b6c20a9abffc445ead707075ea0a6065f6c96e1682351b5d,AArch64,ELF64,False,True,vendor/archive/local backup,redistribution not established,DO_NOT_DISTRIBUTE,aarch64-mix210 toolchain; board ABI validation required,local discovery only
repository,08_media/mix210-toolchain/aarch64-mix210-linux/target/usr/lib/gconv/IBM855.so,13248,42616b537d03044c1382821d1fb4d282a5fe7ec3aa49f195200d381c2ad4891f,AArch64,ELF64,False,True,vendor/archive/local backup,redistribution not established,DO_NOT_DISTRIBUTE,aarch64-mix210 toolchain; board ABI validation required,local discovery only
repository,08_media/mix210-toolchain/aarch64-mix210-linux/target/usr/lib/gconv/IBM856.so,13248,8958e5c6fe39fff7ed6ab52c3a26832c46a0f39462a92041e80d21ab578f3f43,AArch64,ELF64,False,True,vendor/archive/local backup,redistribution not established,DO_NOT_DISTRIBUTE,aarch64-mix210 toolchain; board ABI validation required,local discovery only
repository,08_media/mix210-toolchain/aarch64-mix210-linux/target/usr/lib/gconv/IBM857.so,13248,c3da19339a1dced2260381be25440c6df8380cd21aa976158af598ec4c9c2d58,AArch64,ELF64,False,True,vendor/archive/local backup,redistribution not established,DO_NOT_DISTRIBUTE,aarch64-mix210 toolchain; board ABI validation required,local discovery only
repository,08_media/mix210-toolchain/aarch64-mix210-linux/target/usr/lib/gconv/IBM858.so,13248,09bafda1e01fe4c2e43f23147d36ef909342339e08b616260bec98ed096f7ffb,AArch64,ELF64,False,True,vendor/archive/local backup,redistribution not established,DO_NOT_DISTRIBUTE,aarch64-mix210 toolchain; board ABI validation required,local discovery only
repository,08_media/mix210-toolchain/aarch64-mix210-linux/target/usr/lib/gconv/IBM860.so,13248,9c81bd3bdfa1a5edb7c417e02749ec6d5185cf75f08f1c6b5532d8924ad56599,AArch64,ELF64,False,True,vendor/archive/local backup,redistribution not established,DO_NOT_DISTRIBUTE,aarch64-mix210 toolchain; board ABI validation required,local discovery only
repository,08_media/mix210-toolchain/aarch64-mix210-linux/target/usr/lib/gconv/IBM861.so,13248,70754db5acd41b616f8cc5e9bc4374a7e4f4d0e5a3cc1e579d984d64089bd602,AArch64,ELF64,False,True,vendor/archive/local backup,redistribution not established,DO_NOT_DISTRIBUTE,aarch64-mix210 toolchain; board ABI validation required,local discovery only
repository,08_media/mix210-toolchain/aarch64-mix210-linux/target/usr/lib/gconv/IBM862.so,13248,79b8b47ded0f35f4d2ff0597f6d4108b855c43784bd6060226e368be1fc4941d,AArch64,ELF64,False,True,vendor/archive/local backup,redistribution not established,DO_NOT_DISTRIBUTE,aarch64-mix210 toolchain; board ABI validation required,local discovery only
repository,08_media/mix210-toolchain/aarch64-mix210-linux/target/usr/lib/gconv/IBM863.so,13248,3a027533bf48a95d180de7ff58e55299dbbc07718353cf06a6fbce39a4ef63f7,AArch64,ELF64,False,True,vendor/archive/local backup,redistribution not established,DO_NOT_DISTRIBUTE,aarch64-mix210 toolchain; board ABI validation required,local discovery only
repository,08_media/mix210-toolchain/aarch64-mix210-linux/target/usr/lib/gconv/IBM864.so,13248,d45385d57aa131398b0d03b2144e3ed011ac041cbc3f40403c5572af3195751e,AArch64,ELF64,False,True,vendor/archive/local backup,redistribution not established,DO_NOT_DISTRIBUTE,aarch64-mix210 toolchain; board ABI validation required,local discovery only
repository,08_media/mix210-toolchain/aarch64-mix210-linux/target/usr/lib/gconv/IBM865.so,13248,4277ec3895d5eba259932a369b7ee55954ff00997b56606125b4c7c30c06effd,AArch64,ELF64,False,True,vendor/archive/local backup,redistribution not established,DO_NOT_DISTRIBUTE,aarch64-mix210 toolchain; board ABI validation required,local discovery only
repository,08_media/mix210-toolchain/aarch64-mix210-linux/target/usr/lib/gconv/IBM866.so,13248,318f0aabe24e554900f4b71d10ccb7aa1db55bb4f46940cecabff009c2a24edb,AArch64,ELF64,False,True,vendor/archive/local backup,redistribution not established,DO_NOT_DISTRIBUTE,aarch64-mix210 toolchain; board ABI validation required,local discovery only
repository,08_media/mix210-toolchain/aarch64-mix210-linux/target/usr/lib/gconv/IBM866NAV.so,13248,3c7ebc64db653c0cdba5de50d34b44a426ba3b39ed5d696836081b75f1acb125,AArch64,ELF64,False,True,vendor/archive/local backup,redistribution not established,DO_NOT_DISTRIBUTE,aarch64-mix210 toolchain; board ABI validation required,local discovery only
repository,08_media/mix210-toolchain/aarch64-mix210-linux/target/usr/lib/gconv/IBM868.so,13248,d0ac9a7156cc565a258fc09cda93038a315f54cb486b7c778a89519b97b26aad,AArch64,ELF64,False,True,vendor/archive/local backup,redistribution not established,DO_NOT_DISTRIBUTE,aarch64-mix210 toolchain; board ABI validation required,local discovery only
repository,08_media/mix210-toolchain/aarch64-mix210-linux/target/usr/lib/gconv/IBM869.so,13248,2c985564c4e8e00054ec559d18dfd3a90a1374bea2fbd54cb982dd8b1f45e6de,AArch64,ELF64,False,True,vendor/archive/local backup,redistribution not established,DO_NOT_DISTRIBUTE,aarch64-mix210 toolchain; board ABI validation required,local discovery only
repository,08_media/mix210-toolchain/aarch64-mix210-linux/target/usr/lib/gconv/IBM870.so,13216,8dc4324ce3301604a273c06f1da9eab04646582cbf1469b918cbedc7b070f7e9,AArch64,ELF64,False,True,vendor/archive/local backup,redistribution not established,DO_NOT_DISTRIBUTE,aarch64-mix210 toolchain; board ABI validation required,local discovery only
repository,08_media/mix210-toolchain/aarch64-mix210-linux/target/usr/lib/gconv/IBM871.so,13216,63adcc5f8ba44f2276e86d3ed6b29167d55b1b360814e298994cbcd050146727,AArch64,ELF64,False,True,vendor/archive/local backup,redistribution not established,DO_NOT_DISTRIBUTE,aarch64-mix210 toolchain; board ABI validation required,local discovery only
repository,08_media/mix210-toolchain/aarch64-mix210-linux/target/usr/lib/gconv/IBM874.so,13248,466df84e3bbe2b54200ae597eac0bc62789e77708d7534c6636eb0093be1173d,AArch64,ELF64,False,True,vendor/archive/local backup,redistribution not established,DO_NOT_DISTRIBUTE,aarch64-mix210 toolchain; board ABI validation required,local discovery only
repository,08_media/mix210-toolchain/aarch64-mix210-linux/target/usr/lib/gconv/IBM875.so,13248,ad7cc58e41710aaac2feb44857f6fb3238838af699cbbdf746bf0c9ae26a6723,AArch64,ELF64,False,True,vendor/archive/local backup,redistribution not established,DO_NOT_DISTRIBUTE,aarch64-mix210 toolchain; board ABI validation required,local discovery only
repository,08_media/mix210-toolchain/aarch64-mix210-linux/target/usr/lib/gconv/IBM880.so,13248,528311e8f3d060e1d94ade8541f30c04c167c2ab50bb4eb9d142965383a5bd9d,AArch64,ELF64,False,True,vendor/archive/local backup,redistribution not established,DO_NOT_DISTRIBUTE,aarch64-mix210 toolchain; board ABI validation required,local discovery only
repository,08_media/mix210-toolchain/aarch64-mix210-linux/target/usr/lib/gconv/IBM891.so,13216,46c902dc46ab9a8b51efdef0c56a7f947507cee1040db93ebef14d747485414b,AArch64,ELF64,False,True,vendor/archive/local backup,redistribution not established,DO_NOT_DISTRIBUTE,aarch64-mix210 toolchain; board ABI validation required,local discovery only
repository,08_media/mix210-toolchain/aarch64-mix210-linux/target/usr/lib/gconv/IBM901.so,13248,65813a64814603e4547694b0237c1db271c4870d52a5df313e6e28d2dc49915d,AArch64,ELF64,False,True,vendor/archive/local backup,redistribution not established,DO_NOT_DISTRIBUTE,aarch64-mix210 toolchain; board ABI validation required,local discovery only
repository,08_media/mix210-toolchain/aarch64-mix210-linux/target/usr/lib/gconv/IBM902.so,13248,0cc9d109bd2375466589ff98418249d5a7621b51083ad37bb71315a71d758d9c,AArch64,ELF64,False,True,vendor/archive/local backup,redistribution not established,DO_NOT_DISTRIBUTE,aarch64-mix210 toolchain; board ABI validation required,local discovery only
repository,08_media/mix210-toolchain/aarch64-mix210-linux/target/usr/lib/gconv/IBM903.so,13216,593b5bbdce299677198ccc69d8bd3dad721501d806474c83c7dac3cdfc1fa5ca,AArch64,ELF64,False,True,vendor/archive/local backup,redistribution not established,DO_NOT_DISTRIBUTE,aarch64-mix210 toolchain; board ABI validation required,local discovery only
repository,08_media/mix210-toolchain/aarch64-mix210-linux/target/usr/lib/gconv/IBM9030.so,13248,100afad43cf474f4d336bc37b2cb18c36bd99f033d9cfee8558e530b3388427d,AArch64,ELF64,False,True,vendor/archive/local backup,redistribution not established,DO_NOT_DISTRIBUTE,aarch64-mix210 toolchain; board ABI validation required,local discovery only
repository,08_media/mix210-toolchain/aarch64-mix210-linux/target/usr/lib/gconv/IBM904.so,13216,a742cad119ea9be0d3fe6df7db21f30199e6eeaa0f2a62f3c5ca5bfa3067f4fb,AArch64,ELF64,False,True,vendor/archive/local backup,redistribution not established,DO_NOT_DISTRIBUTE,aarch64-mix210 toolchain; board ABI validation required,local discovery only
repository,08_media/mix210-toolchain/aarch64-mix210-linux/target/usr/lib/gconv/IBM905.so,13216,bce23d95d08add1f1cfad2bb61a96aadb2006fb096dba9300af1e1dd1aa69769,AArch64,ELF64,False,True,vendor/archive/local backup,redistribution not established,DO_NOT_DISTRIBUTE,aarch64-mix210 toolchain; board ABI validation required,local discovery only
repository,08_media/mix210-toolchain/aarch64-mix210-linux/target/usr/lib/gconv/IBM9066.so,13248,4ee35e72402b85b2fed8f781126ab0d6099c034d7c96196c8c94afa982c156cd,AArch64,ELF64,False,True,vendor/archive/local backup,redistribution not established,DO_NOT_DISTRIBUTE,aarch64-mix210 toolchain; board ABI validation required,local discovery only
repository,08_media/mix210-toolchain/aarch64-mix210-linux/target/usr/lib/gconv/IBM918.so,13248,e35dfe78154488af7a99696608c571882b5d893d92227bc3e9229ff0dfa60728,AArch64,ELF64,False,True,vendor/archive/local backup,redistribution not established,DO_NOT_DISTRIBUTE,aarch64-mix210 toolchain; board ABI validation required,local discovery only
repository,08_media/mix210-toolchain/aarch64-mix210-linux/target/usr/lib/gconv/IBM921.so,13248,9c5e3d2e795092724e54f3563ddeeb2add803b33b7bc4c55a06b3e1ad5ad9b36,AArch64,ELF64,False,True,vendor/archive/local backup,redistribution not established,DO_NOT_DISTRIBUTE,aarch64-mix210 toolchain; board ABI validation required,local discovery only
repository,08_media/mix210-toolchain/aarch64-mix210-linux/target/usr/lib/gconv/IBM922.so,13248,b8d1d10bfa312121978596242446a3ceaa7d721e3df98b350e8ff5b147dd4817,AArch64,ELF64,False,True,vendor/archive/local backup,redistribution not established,DO_NOT_DISTRIBUTE,aarch64-mix210 toolchain; board ABI validation required,local discovery only
repository,08_media/mix210-toolchain/aarch64-mix210-linux/target/usr/lib/gconv/IBM930.so,99544,9edc7c68233675426dd30201d2665ea6d258eeaf957f58b0d84a36d0065f4710,AArch64,ELF64,False,True,vendor/archive/local backup,redistribution not established,DO_NOT_DISTRIBUTE,aarch64-mix210 toolchain; board ABI validation required,local discovery only
repository,08_media/mix210-toolchain/aarch64-mix210-linux/target/usr/lib/gconv/IBM932.so,74904,fb13d1e5dbbbbad5377ca946d22de957d34381d984762783629113d1144f7fbc,AArch64,ELF64,False,True,vendor/archive/local backup,redistribution not established,DO_NOT_DISTRIBUTE,aarch64-mix210 toolchain; board ABI validation required,local discovery only
repository,08_media/mix210-toolchain/aarch64-mix210-linux/target/usr/lib/gconv/IBM933.so,120024,c261852943fd839ca2102b0034b8601484dc723083d9bfca92871b8e5c072b0e,AArch64,ELF64,False,True,vendor/archive/local backup,redistribution not established,DO_NOT_DISTRIBUTE,aarch64-mix210 toolchain; board ABI validation required,local discovery only
repository,08_media/mix210-toolchain/aarch64-mix210-linux/target/usr/lib/gconv/IBM935.so,87256,8a382e8066090d34e1d1ec68a8f392814f157f50b2afeaf678b3443556bf0db3,AArch64,ELF64,False,True,vendor/archive/local backup,redistribution not established,DO_NOT_DISTRIBUTE,aarch64-mix210 toolchain; board ABI validation required,local discovery only
repository,08_media/mix210-toolchain/aarch64-mix210-linux/target/usr/lib/gconv/IBM937.so,115880,34dcd8988097d605ae950a00947a844130feecac2fc1891d6a0e733447641eab,AArch64,ELF64,False,True,vendor/archive/local backup,redistribution not established,DO_NOT_DISTRIBUTE,aarch64-mix210 toolchain; board ABI validation required,local discovery only
repository,08_media/mix210-toolchain/aarch64-mix210-linux/target/usr/lib/gconv/IBM939.so,99544,0b536d37f29f369a0a9e0c91c162e30bd0eccc80f8cfdc40f2f9ac1d894e66d0,AArch64,ELF64,False,True,vendor/archive/local backup,redistribution not established,DO_NOT_DISTRIBUTE,aarch64-mix210 toolchain; board ABI validation required,local discovery only
repository,08_media/mix210-toolchain/aarch64-mix210-linux/target/usr/lib/gconv/IBM943.so,74904,7ab988d90b14c943749aa8615ea5475aa765014d701c7904b7892c3bf2245fdb,AArch64,ELF64,False,True,vendor/archive/local backup,redistribution not established,DO_NOT_DISTRIBUTE,aarch64-mix210 toolchain; board ABI validation required,local discovery only
repository,08_media/mix210-toolchain/aarch64-mix210-linux/target/usr/lib/gconv/IBM9448.so,13248,4a334c0e74a9ac6d9e02c43ae550c70e629081f7c99bd37c7884aa1d84902c0f,AArch64,ELF64,False,True,vendor/archive/local backup,redistribution not established,DO_NOT_DISTRIBUTE,aarch64-mix210 toolchain; board ABI validation required,local discovery only
repository,08_media/mix210-toolchain/aarch64-mix210-linux/target/usr/lib/gconv/IEC_P27-1.so,13248,f2a29d6099a201871a4eabd567b50ee90334a730ec0dfaef2c2d5bd657c24502,AArch64,ELF64,False,True,vendor/archive/local backup,redistribution not established,DO_NOT_DISTRIBUTE,aarch64-mix210 toolchain; board ABI validation required,local discovery only
repository,08_media/mix210-toolchain/aarch64-mix210-linux/target/usr/lib/gconv/INIS-8.so,13248,054565ca4086d95050a1ec0f7fffd22e4896f7d2a2828cafa376b694ecea36e4,AArch64,ELF64,False,True,vendor/archive/local backup,redistribution not established,DO_NOT_DISTRIBUTE,aarch64-mix210 toolchain; board ABI validation required,local discovery only
repository,08_media/mix210-toolchain/aarch64-mix210-linux/target/usr/lib/gconv/INIS-CYRILLIC.so,13256,c3f47923612bbfeb5c238ba87ac921a54cdd395d78e0aff5284364fe1f3274e5,AArch64,ELF64,False,True,vendor/archive/local backup,redistribution not established,DO_NOT_DISTRIBUTE,aarch64-mix210 toolchain; board ABI validation required,local discovery only
repository,08_media/mix210-toolchain/aarch64-mix210-linux/target/usr/lib/gconv/INIS.so,13216,30d78803c1fd61e6c83f8805ab35a5e68df1235363c4bc039c51d9777e6a93fb,AArch64,ELF64,False,True,vendor/archive/local backup,redistribution not established,DO_NOT_DISTRIBUTE,aarch64-mix210 toolchain; board ABI validation required,local discovery only
repository,08_media/mix210-toolchain/aarch64-mix210-linux/target/usr/lib/gconv/ISIRI-3342.so,13256,3988c603ba3310051b0f116abc704c05136ed134b559c144445c3efd5187d3c8,AArch64,ELF64,False,True,vendor/archive/local backup,redistribution not established,DO_NOT_DISTRIBUTE,aarch64-mix210 toolchain; board ABI validation required,local discovery only
repository,08_media/mix210-toolchain/aarch64-mix210-linux/target/usr/lib/gconv/ISO-2022-CN-EXT.so,43864,12156d6a494c346e039c68cbf25dd3223d43b5871232f9add26ee77c740fb433,AArch64,ELF64,False,True,vendor/archive/local backup,redistribution not established,DO_NOT_DISTRIBUTE,aarch64-mix210 toolchain; board ABI validation required,local discovery only
repository,08_media/mix210-toolchain/aarch64-mix210-linux/target/usr/lib/gconv/ISO-2022-CN.so,35128,4a41721b0679f1d20f9ec6d9b9e891d5d9bff9a512509448c4b0717da31e3494,AArch64,ELF64,False,True,vendor/archive/local backup,redistribution not established,DO_NOT_DISTRIBUTE,aarch64-mix210 toolchain; board ABI validation required,local discovery only
repository,08_media/mix210-toolchain/aarch64-mix210-linux/target/usr/lib/gconv/ISO-2022-JP-3.so,26080,9325d6ef15d6550766c3143f0dbb2de8b17e4ff91a8fcc2fb0a6f25cd6b4bb5c,AArch64,ELF64,False,True,vendor/archive/local backup,redistribution not established,DO_NOT_DISTRIBUTE,aarch64-mix210 toolchain; board ABI validation required,local discovery only
repository,08_media/mix210-toolchain/aarch64-mix210-linux/target/usr/lib/gconv/ISO-2022-JP.so,47624,e4be9f054033c76bdb34d26be11e691d3b3b302ec8d6da3057088d83dc744848,AArch64,ELF64,False,True,vendor/archive/local backup,redistribution not established,DO_NOT_DISTRIBUTE,aarch64-mix210 toolchain; board ABI validation required,local discovery only
repository,08_media/mix210-toolchain/aarch64-mix210-linux/target/usr/lib/gconv/ISO-2022-KR.so,17528,f4fe000186c0dee0c981be0693fcb8df6de11eff4319c269e631e11adcfdf2cf,AArch64,ELF64,False,True,vendor/archive/local backup,redistribution not established,DO_NOT_DISTRIBUTE,aarch64-mix210 toolchain; board ABI validation required,local discovery only
repository,08_media/mix210-toolchain/aarch64-mix210-linux/target/usr/lib/gconv/ISO-IR-197.so,13256,d33d71ee7db71e9dc25e540bebbdb170b72e70095e1c342fdb12a4dab98ff942,AArch64,ELF64,False,True,vendor/archive/local backup,redistribution not established,DO_NOT_DISTRIBUTE,aarch64-mix210 toolchain; board ABI validation required,local discovery only
repository,08_media/mix210-toolchain/aarch64-mix210-linux/target/usr/lib/gconv/ISO-IR-209.so,13256,a0ef0b1ccdd3427312c146c8d9c2b0bdef2d6bd78cd8608475aaf599135b9630,AArch64,ELF64,False,True,vendor/archive/local backup,redistribution not established,DO_NOT_DISTRIBUTE,aarch64-mix210 toolchain; board ABI validation required,local discovery only
repository,08_media/mix210-toolchain/aarch64-mix210-linux/target/usr/lib/gconv/ISO646.so,21504,3ba3a3fe5c539dc3450fdc43ba4642f7f7088b36793276ed75018c83f2a538a3,AArch64,ELF64,False,True,vendor/archive/local backup,redistribution not established,DO_NOT_DISTRIBUTE,aarch64-mix210 toolchain; board ABI validation required,local discovery only
repository,08_media/mix210-toolchain/aarch64-mix210-linux/target/usr/lib/gconv/ISO8859-1.so,13128,48377c0e10c90b5b0c9d324132e553973e44b716a7f67a3ab2850ad5b0cd4ae0,AArch64,ELF64,False,True,vendor/archive/local backup,redistribution not established,DO_NOT_DISTRIBUTE,aarch64-mix210 toolchain; board ABI validation required,local discovery only
repository,08_media/mix210-toolchain/aarch64-mix210-linux/target/usr/lib/gconv/ISO8859-10.so,13256,f7c85aae1a8d8df36dc69d24b44114283b7aab197b90b01317a29eb2e1295141,AArch64,ELF64,False,True,vendor/archive/local backup,redistribution not established,DO_NOT_DISTRIBUTE,aarch64-mix210 toolchain; board ABI validation required,local discovery only
repository,08_media/mix210-toolchain/aarch64-mix210-linux/target/usr/lib/gconv/ISO8859-11.so,13256,ae1a1aff113f089fe85db6c25ceff7fced4fda54a67bb7d0246fc5c592535dcb,AArch64,ELF64,False,True,vendor/archive/local backup,redistribution not established,DO_NOT_DISTRIBUTE,aarch64-mix210 toolchain; board ABI validation required,local discovery only
repository,08_media/mix210-toolchain/aarch64-mix210-linux/target/usr/lib/gconv/ISO8859-13.so,13256,db329d9ed48b293ef1e29a6a06f102719006fcf15ade063270c76f65065d6d81,AArch64,ELF64,False,True,vendor/archive/local backup,redistribution not established,DO_NOT_DISTRIBUTE,aarch64-mix210 toolchain; board ABI validation required,local discovery only
repository,08_media/mix210-toolchain/aarch64-mix210-linux/target/usr/lib/gconv/ISO8859-14.so,13256,147810fef6fef3e4c2d7b83b8c2207cbeca0d8b99eea37b6f90b41bc56f61958,AArch64,ELF64,False,True,vendor/archive/local backup,redistribution not established,DO_NOT_DISTRIBUTE,aarch64-mix210 toolchain; board ABI validation required,local discovery only
repository,08_media/mix210-toolchain/aarch64-mix210-linux/target/usr/lib/gconv/ISO8859-15.so,13256,08f6c37d5b68852d2d58fe6ef62a55aa28d7870b57ae6e95b04bd58959e9a0e6,AArch64,ELF64,False,True,vendor/archive/local backup,redistribution not established,DO_NOT_DISTRIBUTE,aarch64-mix210 toolchain; board ABI validation required,local discovery only
repository,08_media/mix210-toolchain/aarch64-mix210-linux/target/usr/lib/gconv/ISO8859-16.so,13256,0afb412b12f36494219f526fe2373c8ab87eba7bb9e57cb319e6801fd1e6bce8,AArch64,ELF64,False,True,vendor/archive/local backup,redistribution not established,DO_NOT_DISTRIBUTE,aarch64-mix210 toolchain; board ABI validation required,local discovery only
repository,08_media/mix210-toolchain/aarch64-mix210-linux/target/usr/lib/gconv/ISO8859-2.so,13216,27272bcb5e754500b44d1cdba52d7c7c2d89a06d6e049f5e68fd54e8bad683dd,AArch64,ELF64,False,True,vendor/archive/local backup,redistribution not established,DO_NOT_DISTRIBUTE,aarch64-mix210 toolchain; board ABI validation required,local discovery only
repository,08_media/mix210-toolchain/aarch64-mix210-linux/target/usr/lib/gconv/ISO8859-3.so,13216,33a28e2a5d5bd1c10eebac4c3e0b6f367d6c6555bdea11e598c7ffc990a7b5c1,AArch64,ELF64,False,True,vendor/archive/local backup,redistribution not established,DO_NOT_DISTRIBUTE,aarch64-mix210 toolchain; board ABI validation required,local discovery only
repository,08_media/mix210-toolchain/aarch64-mix210-linux/target/usr/lib/gconv/ISO8859-4.so,13216,f152e58fadd84835e8291a5b89192ca93d50fb31c6a5089eac0473963662379a,AArch64,ELF64,False,True,vendor/archive/local backup,redistribution not established,DO_NOT_DISTRIBUTE,aarch64-mix210 toolchain; board ABI validation required,local discovery only
repository,08_media/mix210-toolchain/aarch64-mix210-linux/target/usr/lib/gconv/ISO8859-5.so,13248,f14b00f5a019d82397cc47229b0297c2c4699695814fde2c6d0a4686c5037a02,AArch64,ELF64,False,True,vendor/archive/local backup,redistribution not established,DO_NOT_DISTRIBUTE,aarch64-mix210 toolchain; board ABI validation required,local discovery only
repository,08_media/mix210-toolchain/aarch64-mix210-linux/target/usr/lib/gconv/ISO8859-6.so,17312,d8167d8a56e14f8e7a65ade7a7fd9fa680680bdee0add76726aa47cbb45aee6d,AArch64,ELF64,False,True,vendor/archive/local backup,redistribution not established,DO_NOT_DISTRIBUTE,aarch64-mix210 toolchain; board ABI validation required,local discovery only
repository,08_media/mix210-toolchain/aarch64-mix210-linux/target/usr/lib/gconv/ISO8859-7.so,13248,54ad2157af475f6f8cdfa624e2b242a2fabb5184088f444e7aa4ebb40a82a2aa,AArch64,ELF64,False,True,vendor/archive/local backup,redistribution not established,DO_NOT_DISTRIBUTE,aarch64-mix210 toolchain; board ABI validation required,local discovery only
repository,08_media/mix210-toolchain/aarch64-mix210-linux/target/usr/lib/gconv/ISO8859-8.so,13248,7d6814ff576b2751379094bdbb942f767c1081dcaddcea6a0703dcb288961721,AArch64,ELF64,False,True,vendor/archive/local backup,redistribution not established,DO_NOT_DISTRIBUTE,aarch64-mix210 toolchain; board ABI validation required,local discovery only
repository,08_media/mix210-toolchain/aarch64-mix210-linux/target/usr/lib/gconv/ISO8859-9.so,13216,e300695c96bfaba031e0ae0954f198835cea8d12f15d69e4fedbd0f12b506719,AArch64,ELF64,False,True,vendor/archive/local backup,redistribution not established,DO_NOT_DISTRIBUTE,aarch64-mix210 toolchain; board ABI validation required,local discovery only
repository,08_media/mix210-toolchain/aarch64-mix210-linux/target/usr/lib/gconv/ISO8859-9E.so,13256,81c2722d17d821bb2999008c036d3301e51b81ddbccfb3eaa352299dc4cd39a7,AArch64,ELF64,False,True,vendor/archive/local backup,redistribution not established,DO_NOT_DISTRIBUTE,aarch64-mix210 toolchain; board ABI validation required,local discovery only
repository,08_media/mix210-toolchain/aarch64-mix210-linux/target/usr/lib/gconv/ISO_10367-BOX.so,13256,efb8ca958c9eeaf037c841181cde50605d16fa9f3cdbdc2ba0f8a11e8d5473e0,AArch64,ELF64,False,True,vendor/archive/local backup,redistribution not established,DO_NOT_DISTRIBUTE,aarch64-mix210 toolchain; board ABI validation required,local discovery only
repository,08_media/mix210-toolchain/aarch64-mix210-linux/target/usr/lib/gconv/ISO_11548-1.so,13128,30dc39d86651073835f543af3136a7dde258b51d4287dacfa44790cac76bf014,AArch64,ELF64,False,True,vendor/archive/local backup,redistribution not established,DO_NOT_DISTRIBUTE,aarch64-mix210 toolchain; board ABI validation required,local discovery only
repository,08_media/mix210-toolchain/aarch64-mix210-linux/target/usr/lib/gconv/ISO_2033.so,13248,33e0c38f916121df1f1cd5b532ea39afd4b12f7ee10b1795b68615a570aff9c6,AArch64,ELF64,False,True,vendor/archive/local backup,redistribution not established,DO_NOT_DISTRIBUTE,aarch64-mix210 toolchain; board ABI validation required,local discovery only
repository,08_media/mix210-toolchain/aarch64-mix210-linux/target/usr/lib/gconv/ISO_5427-EXT.so,13256,dc7ee2ddc4686ecbb4d4e38349ec0f221c98e76924dd46b68c2eb01ab042fc17,AArch64,ELF64,False,True,vendor/archive/local backup,redistribution not established,DO_NOT_DISTRIBUTE,aarch64-mix210 toolchain; board ABI validation required,local discovery only
repository,08_media/mix210-toolchain/aarch64-mix210-linux/target/usr/lib/gconv/ISO_5427.so,13248,598978dbedd89173f6db02c608d535f8b0528d4765eef8433d35ede0338f7bcd,AArch64,ELF64,False,True,vendor/archive/local backup,redistribution not established,DO_NOT_DISTRIBUTE,aarch64-mix210 toolchain; board ABI validation required,local discovery only
repository,08_media/mix210-toolchain/aarch64-mix210-linux/target/usr/lib/gconv/ISO_5428.so,13248,9d7c1fdde94a6c55ff376c2ee8cea21088299f894f5a8c4731df8763dc3378e8,AArch64,ELF64,False,True,vendor/archive/local backup,redistribution not established,DO_NOT_DISTRIBUTE,aarch64-mix210 toolchain; board ABI validation required,local discovery only
repository,08_media/mix210-toolchain/aarch64-mix210-linux/target/usr/lib/gconv/ISO_6937-2.so,25656,6e0e2e1f67583eed4a3c07144a43c29a00a48e342781c18b613f783fda59ad04,AArch64,ELF64,False,True,vendor/archive/local backup,redistribution not established,DO_NOT_DISTRIBUTE,aarch64-mix210 toolchain; board ABI validation required,local discovery only
repository,08_media/mix210-toolchain/aarch64-mix210-linux/target/usr/lib/gconv/ISO_6937.so,25656,c8dfe7af1c34c76d782f68ac3a2f96f2faae5258420ce93a4abaca72d4c2e5af,AArch64,ELF64,False,True,vendor/archive/local backup,redistribution not established,DO_NOT_DISTRIBUTE,aarch64-mix210 toolchain; board ABI validation required,local discovery only
repository,08_media/mix210-toolchain/aarch64-mix210-linux/target/usr/lib/gconv/JOHAB.so,21928,fcfae52dfd33273a7907fb2b1b188bcd9fcaa429ee43419c31ef2e8aed4a2449,AArch64,ELF64,False,True,vendor/archive/local backup,redistribution not established,DO_NOT_DISTRIBUTE,aarch64-mix210 toolchain; board ABI validation required,local discovery only
repository,08_media/mix210-toolchain/aarch64-mix210-linux/target/usr/lib/gconv/KOI-8.so,17312,ee740a9a6de218c77d46189e0d00c4e286d45f30a9d7617caf89df60b7c4e570,AArch64,ELF64,False,True,vendor/archive/local backup,redistribution not established,DO_NOT_DISTRIBUTE,aarch64-mix210 toolchain; board ABI validation required,local discovery only
repository,08_media/mix210-toolchain/aarch64-mix210-linux/target/usr/lib/gconv/KOI8-R.so,13248,cbaa083b47c7505aab54714b743d8c094c5cc803227068ebcce79460956ab4d6,AArch64,ELF64,False,True,vendor/archive/local backup,redistribution not established,DO_NOT_DISTRIBUTE,aarch64-mix210 toolchain; board ABI validation required,local discovery only
repository,08_media/mix210-toolchain/aarch64-mix210-linux/target/usr/lib/gconv/KOI8-RU.so,13248,51f8274c8f50b52f2ab33ecbe969046d78adfb1f4965bb2c642708dd5f967458,AArch64,ELF64,False,True,vendor/archive/local backup,redistribution not established,DO_NOT_DISTRIBUTE,aarch64-mix210 toolchain; board ABI validation required,local discovery only
repository,08_media/mix210-toolchain/aarch64-mix210-linux/target/usr/lib/gconv/KOI8-T.so,13248,db42f1272b1e169c31cb8f1c7f2f7262ea0c933832b928a8f452928109116d10,AArch64,ELF64,False,True,vendor/archive/local backup,redistribution not established,DO_NOT_DISTRIBUTE,aarch64-mix210 toolchain; board ABI validation required,local discovery only
repository,08_media/mix210-toolchain/aarch64-mix210-linux/target/usr/lib/gconv/KOI8-U.so,13248,2661d6f21626c7b18b5ca229631a7d497431a8c126036efcc97ee4b25633d932,AArch64,ELF64,False,True,vendor/archive/local backup,redistribution not established,DO_NOT_DISTRIBUTE,aarch64-mix210 toolchain; board ABI validation required,local discovery only
repository,08_media/mix210-toolchain/aarch64-mix210-linux/target/usr/lib/gconv/LATIN-GREEK-1.so,13256,e58bfbd89cfefc18a6b90194df09f6914ed9be8630bc64b4ad9493de4f30d942,AArch64,ELF64,False,True,vendor/archive/local backup,redistribution not established,DO_NOT_DISTRIBUTE,aarch64-mix210 toolchain; board ABI validation required,local discovery only
repository,08_media/mix210-toolchain/aarch64-mix210-linux/target/usr/lib/gconv/LATIN-GREEK.so,13256,b20df8534c88fea8356388c3e0b01523bf27f89146b7f1f47e2f982704cb004e,AArch64,ELF64,False,True,vendor/archive/local backup,redistribution not established,DO_NOT_DISTRIBUTE,aarch64-mix210 toolchain; board ABI validation required,local discovery only
repository,08_media/mix210-toolchain/aarch64-mix210-linux/target/usr/lib/gconv/MAC-CENTRALEUROPE.so,13256,b494e72d74241c160d6df63ebe1c868ba23dfd588557ad806aea66d40aacfb99,AArch64,ELF64,False,True,vendor/archive/local backup,redistribution not established,DO_NOT_DISTRIBUTE,aarch64-mix210 toolchain; board ABI validation required,local discovery only
repository,08_media/mix210-toolchain/aarch64-mix210-linux/target/usr/lib/gconv/MAC-IS.so,13248,fe7bc798bbba35ded99c2b969f509c251ffdcd74b3de65cbc796c87b20be64fd,AArch64,ELF64,False,True,vendor/archive/local backup,redistribution not established,DO_NOT_DISTRIBUTE,aarch64-mix210 toolchain; board ABI validation required,local discovery only
repository,08_media/mix210-toolchain/aarch64-mix210-linux/target/usr/lib/gconv/MAC-SAMI.so,13248,0fd8eb0af40fcc065ec0f532f75a74d5127cf2a0cc81dcfb54388eace1c047e9,AArch64,ELF64,False,True,vendor/archive/local backup,redistribution not established,DO_NOT_DISTRIBUTE,aarch64-mix210 toolchain; board ABI validation required,local discovery only
repository,08_media/mix210-toolchain/aarch64-mix210-linux/target/usr/lib/gconv/MAC-UK.so,13248,986bd0d5f52cfc484cc8b712a0cfe9a372eddec4cdfb8522717ea4ed862d55f0,AArch64,ELF64,False,True,vendor/archive/local backup,redistribution not established,DO_NOT_DISTRIBUTE,aarch64-mix210 toolchain; board ABI validation required,local discovery only
repository,08_media/mix210-toolchain/aarch64-mix210-linux/target/usr/lib/gconv/MACINTOSH.so,13248,154cc24c3754853caf3e47fc1f177d895480943683a784ce704ddfe68433bffd,AArch64,ELF64,False,True,vendor/archive/local backup,redistribution not established,DO_NOT_DISTRIBUTE,aarch64-mix210 toolchain; board ABI validation required,local discovery only
repository,08_media/mix210-toolchain/aarch64-mix210-linux/target/usr/lib/gconv/MIK.so,13248,3984532fb7e589dd2b4c81cc271a41845d1f97ea03305e141fa95343498d4f82,AArch64,ELF64,False,True,vendor/archive/local backup,redistribution not established,DO_NOT_DISTRIBUTE,aarch64-mix210 toolchain; board ABI validation required,local discovery only
repository,08_media/mix210-toolchain/aarch64-mix210-linux/target/usr/lib/gconv/NATS-DANO.so,13248,9468f7c024b889df353a3254f213dc48afc9c953cb6a25fcbaaf8f6290df6576,AArch64,ELF64,False,True,vendor/archive/local backup,redistribution not established,DO_NOT_DISTRIBUTE,aarch64-mix210 toolchain; board ABI validation required,local discovery only
repository,08_media/mix210-toolchain/aarch64-mix210-linux/target/usr/lib/gconv/NATS-SEFI.so,13248,56fb25db18af8baefd4c547e2344403541d68ccc6be71439de9f6a2599b9bb5c,AArch64,ELF64,False,True,vendor/archive/local backup,redistribution not established,DO_NOT_DISTRIBUTE,aarch64-mix210 toolchain; board ABI validation required,local discovery only
repository,08_media/mix210-toolchain/aarch64-mix210-linux/target/usr/lib/gconv/PT154.so,13248,189d98d14f59b9256abe5f6f59df9b08d598ddaf7afba2cda55c51a1aee36e98,AArch64,ELF64,False,True,vendor/archive/local backup,redistribution not established,DO_NOT_DISTRIBUTE,aarch64-mix210 toolchain; board ABI validation required,local discovery only
repository,08_media/mix210-toolchain/aarch64-mix210-linux/target/usr/lib/gconv/RK1048.so,13248,98e33093f705bd4eb1fb634d6c17aebdfd73ee169a3bac358cf282d4553631a0,AArch64,ELF64,False,True,vendor/archive/local backup,redistribution not established,DO_NOT_DISTRIBUTE,aarch64-mix210 toolchain; board ABI validation required,local discovery only
repository,08_media/mix210-toolchain/aarch64-mix210-linux/target/usr/lib/gconv/SAMI-WS2.so,13248,bfc423b9e3e0bc05fbf24093f184b6b6f0af5d8441413d91c74bb5f154f87532,AArch64,ELF64,False,True,vendor/archive/local backup,redistribution not established,DO_NOT_DISTRIBUTE,aarch64-mix210 toolchain; board ABI validation required,local discovery only
repository,08_media/mix210-toolchain/aarch64-mix210-linux/target/usr/lib/gconv/SHIFT_JISX0213.so,17648,210958e14cd49e2db413be3f93810e303b440d6ca8f7a104b5e7230a0d5a311b,AArch64,ELF64,False,True,vendor/archive/local backup,redistribution not established,DO_NOT_DISTRIBUTE,aarch64-mix210 toolchain; board ABI validation required,local discovery only
repository,08_media/mix210-toolchain/aarch64-mix210-linux/target/usr/lib/gconv/SJIS.so,99512,aa10b178b1f801eba8b4c82ad4c12d6081ee1b99200df81d783bff76906372f2,AArch64,ELF64,False,True,vendor/archive/local backup,redistribution not established,DO_NOT_DISTRIBUTE,aarch64-mix210 toolchain; board ABI validation required,local discovery only
repository,08_media/mix210-toolchain/aarch64-mix210-linux/target/usr/lib/gconv/T.61.so,21560,3cd1675049d124135c8222d9439b68d0783335d8acabd759828a45c3d9d49339,AArch64,ELF64,False,True,vendor/archive/local backup,redistribution not established,DO_NOT_DISTRIBUTE,aarch64-mix210 toolchain; board ABI validation required,local discovery only
repository,08_media/mix210-toolchain/aarch64-mix210-linux/target/usr/lib/gconv/TCVN5712-1.so,17488,eaae6832c081e600283c74eb1587de9fc23f36d5e80a3b8d8c7c39f8aa539bc1,AArch64,ELF64,False,True,vendor/archive/local backup,redistribution not established,DO_NOT_DISTRIBUTE,aarch64-mix210 toolchain; board ABI validation required,local discovery only
repository,08_media/mix210-toolchain/aarch64-mix210-linux/target/usr/lib/gconv/TIS-620.so,13248,42c11da532872e1d7c1d945997e45aac6faffb5d2ebe7f4876a722c5949e56a5,AArch64,ELF64,False,True,vendor/archive/local backup,redistribution not established,DO_NOT_DISTRIBUTE,aarch64-mix210 toolchain; board ABI validation required,local discovery only
repository,08_media/mix210-toolchain/aarch64-mix210-linux/target/usr/lib/gconv/TSCII.so,21648,70279e1484ce3e6a27452915bd79baaa2dbf24df680520566c42cc8b0c7aec14,AArch64,ELF64,False,True,vendor/archive/local backup,redistribution not established,DO_NOT_DISTRIBUTE,aarch64-mix210 toolchain; board ABI validation required,local discovery only
repository,08_media/mix210-toolchain/aarch64-mix210-linux/target/usr/lib/gconv/UHC.so,74960,c3e9e37377fb2dc48d5d4c791b357b897268fe3ff2f2ef06bafbffca94ff3d1c,AArch64,ELF64,False,True,vendor/archive/local backup,redistribution not established,DO_NOT_DISTRIBUTE,aarch64-mix210 toolchain; board ABI validation required,local discovery only
repository,08_media/mix210-toolchain/aarch64-mix210-linux/target/usr/lib/gconv/UNICODE.so,13256,862ead6f637444b663faa2bd28cb7ed727fae84b8ab92cbc193a786a70b61d70,AArch64,ELF64,False,True,vendor/archive/local backup,redistribution not established,DO_NOT_DISTRIBUTE,aarch64-mix210 toolchain; board ABI validation required,local discovery only
repository,08_media/mix210-toolchain/aarch64-mix210-linux/target/usr/lib/gconv/UTF-16.so,17360,27861e12c966717c2a497de626dcbeec48a5bca01f4c901069a81c0555bda993,AArch64,ELF64,False,True,vendor/archive/local backup,redistribution not established,DO_NOT_DISTRIBUTE,aarch64-mix210 toolchain; board ABI validation required,local discovery only
repository,08_media/mix210-toolchain/aarch64-mix210-linux/target/usr/lib/gconv/UTF-32.so,13264,efee4c96c6e2ab6e7b938202c94020dff177fb2889e5a8c3588609704e872d45,AArch64,ELF64,False,True,vendor/archive/local backup,redistribution not established,DO_NOT_DISTRIBUTE,aarch64-mix210 toolchain; board ABI validation required,local discovery only
repository,08_media/mix210-toolchain/aarch64-mix210-linux/target/usr/lib/gconv/UTF-7.so,21568,a07f513103f78c5c31c9caa6cb371eeb68d769381b97149bc1ecd01e394c2ea7,AArch64,ELF64,False,True,vendor/archive/local backup,redistribution not established,DO_NOT_DISTRIBUTE,aarch64-mix210 toolchain; board ABI validation required,local discovery only
repository,08_media/mix210-toolchain/aarch64-mix210-linux/target/usr/lib/gconv/VISCII.so,13248,2486d9e9aced6d909f18c2277d5aacd4046186b014f9e441b4630667724e591e,AArch64,ELF64,False,True,vendor/archive/local backup,redistribution not established,DO_NOT_DISTRIBUTE,aarch64-mix210 toolchain; board ABI validation required,local discovery only
repository,08_media/mix210-toolchain/aarch64-mix210-linux/target/usr/lib/gconv/libCNS.so,472600,eeb24d18396222c2db86f6fcdc406d6bbc40d72a52294603349501f73d2de559,AArch64,ELF64,False,True,vendor/archive/local backup,redistribution not established,DO_NOT_DISTRIBUTE,aarch64-mix210 toolchain; board ABI validation required,local discovery only
repository,08_media/mix210-toolchain/aarch64-mix210-linux/target/usr/lib/gconv/libGB.so,70320,43edeadb10dd897c636f2d7f3e8601fc0050a1e6635ecd7b30e3aa82dae15954,AArch64,ELF64,False,True,vendor/archive/local backup,redistribution not established,DO_NOT_DISTRIBUTE,aarch64-mix210 toolchain; board ABI validation required,local discovery only
repository,08_media/mix210-toolchain/aarch64-mix210-linux/target/usr/lib/gconv/libISOIR165.so,61792,072ce276705c19cc3d27232a2e7d58379e29f8b43d7f9ea83ed0f218eb77bf6b,AArch64,ELF64,False,True,vendor/archive/local backup,redistribution not established,DO_NOT_DISTRIBUTE,aarch64-mix210 toolchain; board ABI validation required,local discovery only
repository,08_media/mix210-toolchain/aarch64-mix210-linux/target/usr/lib/gconv/libJIS.so,103192,42429d207013ee8536487c86b40c29ef46dea2ae1e1dd5cf3709d6155069c247,AArch64,ELF64,False,True,vendor/archive/local backup,redistribution not established,DO_NOT_DISTRIBUTE,aarch64-mix210 toolchain; board ABI validation required,local discovery only
repository,08_media/mix210-toolchain/aarch64-mix210-linux/target/usr/lib/gconv/libJISX0213.so,123352,bff72710113e45c0ca84cbd1afa3d8ec6b746665ae7484e58777067e3865f90d,AArch64,ELF64,False,True,vendor/archive/local backup,redistribution not established,DO_NOT_DISTRIBUTE,aarch64-mix210 toolchain; board ABI validation required,local discovery only
repository,08_media/mix210-toolchain/aarch64-mix210-linux/target/usr/lib/gconv/libKSC.so,49608,75b7ff7e3eeb7ef11b3541531e094fc3af9dda7b637eae1e423d37572aa52d4d,AArch64,ELF64,False,True,vendor/archive/local backup,redistribution not established,DO_NOT_DISTRIBUTE,aarch64-mix210 toolchain; board ABI validation required,local discovery only
repository,08_media/mix210-toolchain/aarch64-mix210-linux/target/usr/lib/gcrt1.o,3376,e770615346c07e14b44e284f9e6f22272c1f642e7b123a8b69c56032d5d84a50,AArch64,ELF64,False,True,vendor/archive/local backup,redistribution not established,DO_NOT_DISTRIBUTE,aarch64-mix210 toolchain; board ABI validation required,local discovery only
repository,08_media/mix210-toolchain/aarch64-mix210-linux/target/usr/lib/libBrokenLocale.a,2174,43a39ab7ba8fe74aabe32edd580a2336b68bf154fa4864eac436a4bf8ca43130,not-applicable,a,False,True,vendor/archive/local backup,redistribution not established,DO_NOT_DISTRIBUTE,aarch64-mix210 toolchain; board ABI validation required,local discovery only
repository,08_media/mix210-toolchain/aarch64-mix210-linux/target/usr/lib/libanl.a,23412,be86fb1357d6b83662f02baf74ee2ace2c0b2ef42dae6753bfc33de939e022fe,not-applicable,a,False,True,vendor/archive/local backup,redistribution not established,DO_NOT_DISTRIBUTE,aarch64-mix210 toolchain; board ABI validation required,local discovery only
repository,08_media/mix210-toolchain/aarch64-mix210-linux/target/usr/lib/libc.a,4928298,8b047276cf839c268851b3b37132cd4f432262aa68fe6544020581b3ac30fde0,not-applicable,a,False,True,vendor/archive/local backup,redistribution not established,DO_NOT_DISTRIBUTE,aarch64-mix210 toolchain; board ABI validation required,local discovery only
repository,08_media/mix210-toolchain/aarch64-mix210-linux/target/usr/lib/libc.so,255,9c0a2f80388ecb4a584809db8e2a5815e29d0f734404ca89efd654f34254196f,not-applicable,so,False,True,vendor/archive/local backup,redistribution not established,DO_NOT_DISTRIBUTE,aarch64-mix210 toolchain; board ABI validation required,local discovery only
repository,08_media/mix210-toolchain/aarch64-mix210-linux/target/usr/lib/libc_nonshared.a,25924,5c23b53eb9b4776ff1f4f1f6d3d54fe1b4671d0cd42bfa03cc67f56819566d17,not-applicable,a,False,True,vendor/archive/local backup,redistribution not established,DO_NOT_DISTRIBUTE,aarch64-mix210 toolchain; board ABI validation required,local discovery only
repository,08_media/mix210-toolchain/aarch64-mix210-linux/target/usr/lib/libcrypt.a,56468,a86e4fe9af0210b68d6f3e86babdb936acf571b30de4d6b69b404e982f26a3c9,not-applicable,a,False,True,vendor/archive/local backup,redistribution not established,DO_NOT_DISTRIBUTE,aarch64-mix210 toolchain; board ABI validation required,local discovery only
repository,08_media/mix210-toolchain/aarch64-mix210-linux/target/usr/lib/libdl.a,15802,aaeaf7b83d4bea9844e7719e26e31de9f0373b3d580b8b117ce9e606a148d148,not-applicable,a,False,True,vendor/archive/local backup,redistribution not established,DO_NOT_DISTRIBUTE,aarch64-mix210 toolchain; board ABI validation required,local discovery only
repository,08_media/mix210-toolchain/aarch64-mix210-linux/target/usr/lib/libg.a,1418,9c127e0fdabe95c26b59f73a6fe0e70ff0e0b5262bc88aecffccb2c0e343621d,not-applicable,a,False,True,vendor/archive/local backup,redistribution not established,DO_NOT_DISTRIBUTE,aarch64-mix210 toolchain; board ABI validation required,local discovery only
repository,08_media/mix210-toolchain/aarch64-mix210-linux/target/usr/lib/libm.a,1830372,6593b73ed542c3bf37ee63362ae73112f3c352c9614393a1a392726bd20ea453,not-applicable,a,False,True,vendor/archive/local backup,redistribution not established,DO_NOT_DISTRIBUTE,aarch64-mix210 toolchain; board ABI validation required,local discovery only
repository,08_media/mix210-toolchain/aarch64-mix210-linux/target/usr/lib/libmcheck.a,1736,cdb67e4066fda0618f4c48ef2e6ec7ad486b7a96b0054f1415f4a7d564b2b9fb,AArch64,ELF64,False,True,vendor/archive/local backup,redistribution not established,DO_NOT_DISTRIBUTE,aarch64-mix210 toolchain; board ABI validation required,local discovery only
repository,08_media/mix210-toolchain/aarch64-mix210-linux/target/usr/lib/libpthread.a,457566,4733e6f2e4ed9200fa3a0377652dac4f99410c68f66d56af66923c5d5a14527b,not-applicable,a,False,True,vendor/archive/local backup,redistribution not established,DO_NOT_DISTRIBUTE,aarch64-mix210 toolchain; board ABI validation required,local discovery only
repository,08_media/mix210-toolchain/aarch64-mix210-linux/target/usr/lib/libresolv.a,123452,44f89ad4654651639ba1b25ca95d1dfac8a65846a43f99af307a3125002af954,not-applicable,a,False,True,vendor/archive/local backup,redistribution not established,DO_NOT_DISTRIBUTE,aarch64-mix210 toolchain; board ABI validation required,local discovery only
repository,08_media/mix210-toolchain/aarch64-mix210-linux/target/usr/lib/librpcsvc.a,59254,f4db91678dbf00231280259627c4e1f6f1597af24033ac588fe89b47095c18e2,not-applicable,a,False,True,vendor/archive/local backup,redistribution not established,DO_NOT_DISTRIBUTE,aarch64-mix210 toolchain; board ABI validation required,local discovery only
repository,08_media/mix210-toolchain/aarch64-mix210-linux/target/usr/lib/librt.a,88582,0f639ec0bd657a6b4288ff294c23f6d11bbfb6ba1b5e7bfc9a542be74d0d1a74,not-applicable,a,False,True,vendor/archive/local backup,redistribution not established,DO_NOT_DISTRIBUTE,aarch64-mix210 toolchain; board ABI validation required,local discovery only
repository,08_media/mix210-toolchain/aarch64-mix210-linux/target/usr/lib/libutil.a,16424,d0a20b9362bae1875440deca05b4166f4ff36b89ed828607c87a229a5d615850,not-applicable,a,False,True,vendor/archive/local backup,redistribution not established,DO_NOT_DISTRIBUTE,aarch64-mix210 toolchain; board ABI validation required,local discovery only
repository,08_media/mix210-toolchain/aarch64-mix210-linux/target/usr/share/i18n/charmaps/ANSI_X3.110-1983.gz,4752,ff8119869a92ec6ab5498a4bfaeeafcf1cd3878d51b83f82baa784ebc8d5fe44,not-applicable,gz,False,True,vendor/archive/local backup,redistribution not established,DO_NOT_DISTRIBUTE,aarch64-mix210 toolchain; board ABI validation required,local discovery only
repository,08_media/mix210-toolchain/aarch64-mix210-linux/target/usr/share/i18n/charmaps/ANSI_X3.4-1968.gz,1600,32105d9280a78a221e5ce8609d0b897f2e1ba14f756e07c60515eb4ccd60ec92,not-applicable,gz,False,True,vendor/archive/local backup,redistribution not established,DO_NOT_DISTRIBUTE,aarch64-mix210 toolchain; board ABI validation required,local discovery only
repository,08_media/mix210-toolchain/aarch64-mix210-linux/target/usr/share/i18n/charmaps/ARMSCII-8.gz,2179,bc83fd0cc8e4a52919c117c8a22cf619e1b4fead46972dc9a742e7d64f1b2fd2,not-applicable,gz,False,True,vendor/archive/local backup,redistribution not established,DO_NOT_DISTRIBUTE,aarch64-mix210 toolchain; board ABI validation required,local discovery only
repository,08_media/mix210-toolchain/aarch64-mix210-linux/target/usr/share/i18n/charmaps/ASMO_449.gz,1588,9b5503c36c3eb2f993d13af35ab731b722defbfe17e325e0b4fd7e7417b59bda,not-applicable,gz,False,True,vendor/archive/local backup,redistribution not established,DO_NOT_DISTRIBUTE,aarch64-mix210 toolchain; board ABI validation required,local discovery only
repository,08_media/mix210-toolchain/aarch64-mix210-linux/target/usr/share/i18n/charmaps/BIG5-HKSCS.gz,110198,f66d414af0ab8a424fd290f749cb378d3d1ad1071a80a07a58b9033c7e22bc70,not-applicable,gz,False,True,vendor/archive/local backup,redistribution not established,DO_NOT_DISTRIBUTE,aarch64-mix210 toolchain; board ABI validation required,local discovery only
repository,08_media/mix210-toolchain/aarch64-mix210-linux/target/usr/share/i18n/charmaps/BIG5.gz,77396,9ac83c26577d811d34f105f1a54b9c9ec39a4a62a6863ef0aa3ee101ecaaa471,not-applicable,gz,False,True,vendor/archive/local backup,redistribution not established,DO_NOT_DISTRIBUTE,aarch64-mix210 toolchain; board ABI validation required,local discovery only
repository,08_media/mix210-toolchain/aarch64-mix210-linux/target/usr/share/i18n/charmaps/BRF.gz,1166,509ff8ae4237894a7d4e3b0fe049f164fa259176ca4ee75f73f68378ecac519b,not-applicable,gz,False,True,vendor/archive/local backup,redistribution not established,DO_NOT_DISTRIBUTE,aarch64-mix210 toolchain; board ABI validation required,local discovery only
repository,08_media/mix210-toolchain/aarch64-mix210-linux/target/usr/share/i18n/charmaps/BS_4730.gz,1564,d250c8ccbb5182dd5b4615727eb862ad204c9de8907310cd116493620ef3a1fa,not-applicable,gz,False,True,vendor/archive/local backup,redistribution not established,DO_NOT_DISTRIBUTE,aarch64-mix210 toolchain; board ABI validation required,local discovery only
repository,08_media/mix210-toolchain/aarch64-mix210-linux/target/usr/share/i18n/charmaps/BS_VIEWDATA.gz,1575,a0df83f538d9a18a57fcc188a9bef6e91d05336234929d0fefd10387fb51e2b2,not-applicable,gz,False,True,vendor/archive/local backup,redistribution not established,DO_NOT_DISTRIBUTE,aarch64-mix210 toolchain; board ABI validation required,local discovery only
repository,08_media/mix210-toolchain/aarch64-mix210-linux/target/usr/share/i18n/charmaps/CP10007.gz,2712,b88b9d5ca80d1f322088be3df2787c9b116997ac7df2bb5144c754056609c7f9,not-applicable,gz,False,True,vendor/archive/local backup,redistribution not established,DO_NOT_DISTRIBUTE,aarch64-mix210 toolchain; board ABI validation required,local discovery only
repository,08_media/mix210-toolchain/aarch64-mix210-linux/target/usr/share/i18n/charmaps/CP1125.gz,2755,bd0dd1128d99ae2d1ccd76a22241cbe3818a2fc2e89bbf58a5813a8925d0b7c1,not-applicable,gz,False,True,vendor/archive/local backup,redistribution not established,DO_NOT_DISTRIBUTE,aarch64-mix210 toolchain; board ABI validation required,local discovery only
repository,08_media/mix210-toolchain/aarch64-mix210-linux/target/usr/share/i18n/charmaps/CP1250.gz,2833,fa9a5b9d392e31d704ae8cdb4bce463e9b3a9690ecf60615b166cc292c04bee5,not-applicable,gz,False,True,vendor/archive/local backup,redistribution not established,DO_NOT_DISTRIBUTE,aarch64-mix210 toolchain; board ABI validation required,local discovery only
repository,08_media/mix210-toolchain/aarch64-mix210-linux/target/usr/share/i18n/charmaps/CP1251.gz,2838,92532201031c10715ab5b7dd6e5c1accd5ec68b68a712dd11652a458d1990052,not-applicable,gz,False,True,vendor/archive/local backup,redistribution not established,DO_NOT_DISTRIBUTE,aarch64-mix210 toolchain; board ABI validation required,local discovery only
repository,08_media/mix210-toolchain/aarch64-mix210-linux/target/usr/share/i18n/charmaps/CP1252.gz,2872,a5d3365cbe100d2197d3a2d4be25e8bcc6e703c5677c66532f3230194b64cac3,not-applicable,gz,False,True,vendor/archive/local backup,redistribution not established,DO_NOT_DISTRIBUTE,aarch64-mix210 toolchain; board ABI validation required,local discovery only
repository,08_media/mix210-toolchain/aarch64-mix210-linux/target/usr/share/i18n/charmaps/CP1253.gz,2700,3208cd58b47b3eabbf568c4647fd39d2ceb219d4d536d43b5e840beb0a9a4591,not-applicable,gz,False,True,vendor/archive/local backup,redistribution not established,DO_NOT_DISTRIBUTE,aarch64-mix210 toolchain; board ABI validation required,local discovery only
repository,08_media/mix210-toolchain/aarch64-mix210-linux/target/usr/share/i18n/charmaps/CP1254.gz,2860,9f9cddea57d16ce56f03036f4ebc2385ac85cda73f925334df0c134d6a85bd81,not-applicable,gz,False,True,vendor/archive/local backup,redistribution not established,DO_NOT_DISTRIBUTE,aarch64-mix210 toolchain; board ABI validation required,local discovery only
repository,08_media/mix210-toolchain/aarch64-mix210-linux/target/usr/share/i18n/charmaps/CP1255.gz,2743,1544a337234c89761154fafae3f979177111ce69020b524b4b77eea3db068d0d,not-applicable,gz,False,True,vendor/archive/local backup,redistribution not established,DO_NOT_DISTRIBUTE,aarch64-mix210 toolchain; board ABI validation required,local discovery only
repository,08_media/mix210-toolchain/aarch64-mix210-linux/target/usr/share/i18n/charmaps/CP1256.gz,2966,696b36a563f8e7d8d74d985bd3805b3564b1f8f426cdb5005122da23331ac424,not-applicable,gz,False,True,vendor/archive/local backup,redistribution not established,DO_NOT_DISTRIBUTE,aarch64-mix210 toolchain; board ABI validation required,local discovery only
repository,08_media/mix210-toolchain/aarch64-mix210-linux/target/usr/share/i18n/charmaps/CP1257.gz,2813,4d618e2a38c8278cb0b0be11c32dc86eb72a4ea0d26437164f8dd1dfe7672912,not-applicable,gz,False,True,vendor/archive/local backup,redistribution not established,DO_NOT_DISTRIBUTE,aarch64-mix210 toolchain; board ABI validation required,local discovery only
repository,08_media/mix210-toolchain/aarch64-mix210-linux/target/usr/share/i18n/charmaps/CP1258.gz,2728,c480cbb08059b5a7285d3f19057181bad10f44ca87e769ddbed2ae5029f86cdb,not-applicable,gz,False,True,vendor/archive/local backup,redistribution not established,DO_NOT_DISTRIBUTE,aarch64-mix210 toolchain; board ABI validation required,local discovery only
repository,08_media/mix210-toolchain/aarch64-mix210-linux/target/usr/share/i18n/charmaps/CP737.gz,2897,a808bf385c841e4fc31ccd95be311ec219b15cbda4a83e4ff4aa858fc59007c5,not-applicable,gz,False,True,vendor/archive/local backup,redistribution not established,DO_NOT_DISTRIBUTE,aarch64-mix210 toolchain; board ABI validation required,local discovery only
repository,08_media/mix210-toolchain/aarch64-mix210-linux/target/usr/share/i18n/charmaps/CP770.gz,2808,6703345f23613f1ec44bc97acffb90e7bf31ac810db670b2cbe40af4c1ab9e08,not-applicable,gz,False,True,vendor/archive/local backup,redistribution not established,DO_NOT_DISTRIBUTE,aarch64-mix210 toolchain; board ABI validation required,local discovery only
repository,08_media/mix210-toolchain/aarch64-mix210-linux/target/usr/share/i18n/charmaps/CP771.gz,2633,df5d9af73a0ef9d97674f447273c3ebc2ca1f05d8f489a0114e2ccd8076707a8,not-applicable,gz,False,True,vendor/archive/local backup,redistribution not established,DO_NOT_DISTRIBUTE,aarch64-mix210 toolchain; board ABI validation required,local discovery only
repository,08_media/mix210-toolchain/aarch64-mix210-linux/target/usr/share/i18n/charmaps/CP772.gz,2679,2bce863d4ed540eb36c39602eacfffa53c4fd7f5e91aa991dd6c3ee373f7dd86,not-applicable,gz,False,True,vendor/archive/local backup,redistribution not established,DO_NOT_DISTRIBUTE,aarch64-mix210 toolchain; board ABI validation required,local discovery only
repository,08_media/mix210-toolchain/aarch64-mix210-linux/target/usr/share/i18n/charmaps/CP773.gz,2741,e1682788439940a92ee8e4e1bcb077014f01e742e1764d5d0d676a3de1d8d881,not-applicable,gz,False,True,vendor/archive/local backup,redistribution not established,DO_NOT_DISTRIBUTE,aarch64-mix210 toolchain; board ABI validation required,local discovery only
repository,08_media/mix210-toolchain/aarch64-mix210-linux/target/usr/share/i18n/charmaps/CP774.gz,2811,fff872f117a05a4cfb478f51a5372d1015817cc73def169caee76e620ede742b,not-applicable,gz,False,True,vendor/archive/local backup,redistribution not established,DO_NOT_DISTRIBUTE,aarch64-mix210 toolchain; board ABI validation required,local discovery only
repository,08_media/mix210-toolchain/aarch64-mix210-linux/target/usr/share/i18n/charmaps/CP775.gz,2982,696bc4e1f59bb8864d8bc88dbc6b573c74ea738c94a33d271dc3c4f99fe9bab7,not-applicable,gz,False,True,vendor/archive/local backup,redistribution not established,DO_NOT_DISTRIBUTE,aarch64-mix210 toolchain; board ABI validation required,local discovery only
repository,08_media/mix210-toolchain/aarch64-mix210-linux/target/usr/share/i18n/charmaps/CP949.gz,129053,db7708309e69bb1fa768d76bd06f40122410b84725ddc6d5e8b5c2a24bb24a32,not-applicable,gz,False,True,vendor/archive/local backup,redistribution not established,DO_NOT_DISTRIBUTE,aarch64-mix210 toolchain; board ABI validation required,local discovery only
repository,08_media/mix210-toolchain/aarch64-mix210-linux/target/usr/share/i18n/charmaps/CSA_Z243.4-1985-1.gz,1560,14f0735339685de558871b82c6a0bc268171816a387db0931ba2239288983c94,not-applicable,gz,False,True,vendor/archive/local backup,redistribution not established,DO_NOT_DISTRIBUTE,aarch64-mix210 toolchain; board ABI validation required,local discovery only
repository,08_media/mix210-toolchain/aarch64-mix210-linux/target/usr/share/i18n/charmaps/CSA_Z243.4-1985-2.gz,1562,97993f0dd34856a7bd40380099076c02a72d5d98f964730586d976d49309d808,not-applicable,gz,False,True,vendor/archive/local backup,redistribution not established,DO_NOT_DISTRIBUTE,aarch64-mix210 toolchain; board ABI validation required,local discovery only
repository,08_media/mix210-toolchain/aarch64-mix210-linux/target/usr/share/i18n/charmaps/CSA_Z243.4-1985-GR.gz,3129,db9a3485846a2fd29e93077eaa40885d28807958b5d94149209dfffdeb314363,not-applicable,gz,False,True,vendor/archive/local backup,redistribution not established,DO_NOT_DISTRIBUTE,aarch64-mix210 toolchain; board ABI validation required,local discovery only
repository,08_media/mix210-toolchain/aarch64-mix210-linux/target/usr/share/i18n/charmaps/CSN_369103.gz,3049,682e199649abe66b569da3e4c10248b8404e5ed76b749d6c2c4d98c88b0d7ead,not-applicable,gz,False,True,vendor/archive/local backup,redistribution not established,DO_NOT_DISTRIBUTE,aarch64-mix210 toolchain; board ABI validation required,local discovery only
repository,08_media/mix210-toolchain/aarch64-mix210-linux/target/usr/share/i18n/charmaps/CWI.gz,3015,f3fc11ad3720717b627125f59514ad3fafa81f9ff7a5ce331e134b6fef84d864,not-applicable,gz,False,True,vendor/archive/local backup,redistribution not established,DO_NOT_DISTRIBUTE,aarch64-mix210 toolchain; board ABI validation required,local discovery only
repository,08_media/mix210-toolchain/aarch64-mix210-linux/target/usr/share/i18n/charmaps/DEC-MCS.gz,2948,54ebd4724846a610727d3cf9c0ce8b54c06f717fb5d373395536435a9cc0be05,not-applicable,gz,False,True,vendor/archive/local backup,redistribution not established,DO_NOT_DISTRIBUTE,aarch64-mix210 toolchain; board ABI validation required,local discovery only
repository,08_media/mix210-toolchain/aarch64-mix210-linux/target/usr/share/i18n/charmaps/DIN_66003.gz,1560,9a2d0bea34d0e1f73143ded8ed1043259c4dad2be8fae0b16ed27eca1d24c3ee,not-applicable,gz,False,True,vendor/archive/local backup,redistribution not established,DO_NOT_DISTRIBUTE,aarch64-mix210 toolchain; board ABI validation required,local discovery only
repository,08_media/mix210-toolchain/aarch64-mix210-linux/target/usr/share/i18n/charmaps/DS_2089.gz,1574,10e6cf2da23946d460fbd839e260c33cfa66ff00d00a3faeb3b15f450f9e0051,not-applicable,gz,False,True,vendor/archive/local backup,redistribution not established,DO_NOT_DISTRIBUTE,aarch64-mix210 toolchain; board ABI validation required,local discovery only
repository,08_media/mix210-toolchain/aarch64-mix210-linux/target/usr/share/i18n/charmaps/EBCDIC-AT-DE-A.gz,2066,fae263ee407cc4ae1c6173ec1b26e1447af529e5b65a9c318a60416f0734a789,not-applicable,gz,False,True,vendor/archive/local backup,redistribution not established,DO_NOT_DISTRIBUTE,aarch64-mix210 toolchain; board ABI validation required,local discovery only
repository,08_media/mix210-toolchain/aarch64-mix210-linux/target/usr/share/i18n/charmaps/EBCDIC-AT-DE.gz,2130,6c1637b3e211eec28ba30c3e9256e084671b0b98cebd663f2115b9df75d254bb,not-applicable,gz,False,True,vendor/archive/local backup,redistribution not established,DO_NOT_DISTRIBUTE,aarch64-mix210 toolchain; board ABI validation required,local discovery only
repository,08_media/mix210-toolchain/aarch64-mix210-linux/target/usr/share/i18n/charmaps/EBCDIC-CA-FR.gz,2319,7fede0d34967090939fc7fcb1d8900598f0c869e83b5ab5e131318d403be8cfc,not-applicable,gz,False,True,vendor/archive/local backup,redistribution not established,DO_NOT_DISTRIBUTE,aarch64-mix210 toolchain; board ABI validation required,local discovery only
repository,08_media/mix210-toolchain/aarch64-mix210-linux/target/usr/share/i18n/charmaps/EBCDIC-DK-NO-A.gz,2066,e5e5a88575d90884602d41adc6598e81863263ebceb3e4c73d08119e13a95110,not-applicable,gz,False,True,vendor/archive/local backup,redistribution not established,DO_NOT_DISTRIBUTE,aarch64-mix210 toolchain; board ABI validation required,local discovery only
repository,08_media/mix210-toolchain/aarch64-mix210-linux/target/usr/share/i18n/charmaps/EBCDIC-DK-NO.gz,2126,814c148caf8d7be3ea05974fae17e536535e44e1bb1077aa44f674de22134c25,not-applicable,gz,False,True,vendor/archive/local backup,redistribution not established,DO_NOT_DISTRIBUTE,aarch64-mix210 toolchain; board ABI validation required,local discovery only
repository,08_media/mix210-toolchain/aarch64-mix210-linux/target/usr/share/i18n/charmaps/EBCDIC-ES-A.gz,2070,d72808459f96ab3475057c94a2e5201a22429f1709245a095852dc168b53b114,not-applicable,gz,False,True,vendor/archive/local backup,redistribution not established,DO_NOT_DISTRIBUTE,aarch64-mix210 toolchain; board ABI validation required,local discovery only
repository,08_media/mix210-toolchain/aarch64-mix210-linux/target/usr/share/i18n/charmaps/EBCDIC-ES-S.gz,2120,2d988d40729f5ebdb6724b6e3c6ecd9b2f210949a0a644bc2704a5f0e507898a,not-applicable,gz,False,True,vendor/archive/local backup,redistribution not established,DO_NOT_DISTRIBUTE,aarch64-mix210 toolchain; board ABI validation required,local discovery only
repository,08_media/mix210-toolchain/aarch64-mix210-linux/target/usr/share/i18n/charmaps/EBCDIC-ES.gz,2121,f54855f89a6cf48f9c0fd067c349ae1570cc9dd1380cecf2b1af0a1715f2715a,not-applicable,gz,False,True,vendor/archive/local backup,redistribution not established,DO_NOT_DISTRIBUTE,aarch64-mix210 toolchain; board ABI validation required,local discovery only
repository,08_media/mix210-toolchain/aarch64-mix210-linux/target/usr/share/i18n/charmaps/EBCDIC-FI-SE-A.gz,2071,c0cba09cad9cba9628488b04165367ef80dffa615d1e15798447ca5c19ff6018,not-applicable,gz,False,True,vendor/archive/local backup,redistribution not established,DO_NOT_DISTRIBUTE,aarch64-mix210 toolchain; board ABI validation required,local discovery only
repository,08_media/mix210-toolchain/aarch64-mix210-linux/target/usr/share/i18n/charmaps/EBCDIC-FI-SE.gz,2126,5ef551cacff1eb877a380f06f3eb5f31c145d63261f295dc80b078a4b52e3511,not-applicable,gz,False,True,vendor/archive/local backup,redistribution not established,DO_NOT_DISTRIBUTE,aarch64-mix210 toolchain; board ABI validation required,local discovery only
repository,08_media/mix210-toolchain/aarch64-mix210-linux/target/usr/share/i18n/charmaps/EBCDIC-FR.gz,2130,4ec01ff52d590249c8f21e8fcc07c5edb23e7ab620255dac35223d46ee20039a,not-applicable,gz,False,True,vendor/archive/local backup,redistribution not established,DO_NOT_DISTRIBUTE,aarch64-mix210 toolchain; board ABI validation required,local discovery only
repository,08_media/mix210-toolchain/aarch64-mix210-linux/target/usr/share/i18n/charmaps/EBCDIC-IS-FRISS.gz,1794,01c77e5a860dad6fd510fa4a2f86eb4e28c7ad66c54c990b40d3d384b5e4a448,not-applicable,gz,False,True,vendor/archive/local backup,redistribution not established,DO_NOT_DISTRIBUTE,aarch64-mix210 toolchain; board ABI validation required,local discovery only
repository,08_media/mix210-toolchain/aarch64-mix210-linux/target/usr/share/i18n/charmaps/EBCDIC-IT.gz,2125,265a5b5a1c0d24344ca07843fcac80cf0ee9165bfc1c92d6029d0963b73b6d4d,not-applicable,gz,False,True,vendor/archive/local backup,redistribution not established,DO_NOT_DISTRIBUTE,aarch64-mix210 toolchain; board ABI validation required,local discovery only
repository,08_media/mix210-toolchain/aarch64-mix210-linux/target/usr/share/i18n/charmaps/EBCDIC-PT.gz,1993,e7a626cbe2f5b44555791f74f86fffa8592aa16123008d919bd9a3a27486cd50,not-applicable,gz,False,True,vendor/archive/local backup,redistribution not established,DO_NOT_DISTRIBUTE,aarch64-mix210 toolchain; board ABI validation required,local discovery only
repository,08_media/mix210-toolchain/aarch64-mix210-linux/target/usr/share/i18n/charmaps/EBCDIC-UK.gz,2129,d126c5762aa3c1e4e47bc2aaf4af507556e80ba1d7c340b68692f6fd8cfa1674,not-applicable,gz,False,True,vendor/archive/local backup,redistribution not established,DO_NOT_DISTRIBUTE,aarch64-mix210 toolchain; board ABI validation required,local discovery only
repository,08_media/mix210-toolchain/aarch64-mix210-linux/target/usr/share/i18n/charmaps/EBCDIC-US.gz,2123,bdbdc2db07239d1bfd8305208bc9d52f387365d0be340da8e4fbb48496b66ce0,not-applicable,gz,False,True,vendor/archive/local backup,redistribution not established,DO_NOT_DISTRIBUTE,aarch64-mix210 toolchain; board ABI validation required,local discovery only
repository,08_media/mix210-toolchain/aarch64-mix210-linux/target/usr/share/i18n/charmaps/ECMA-CYRILLIC.gz,2998,0a84bbfd5ae7c89df4ceda192b8c43738fb7b2b445be6b522219108a6866b964,not-applicable,gz,False,True,vendor/archive/local backup,redistribution not established,DO_NOT_DISTRIBUTE,aarch64-mix210 toolchain; board ABI validation required,local discovery only
repository,08_media/mix210-toolchain/aarch64-mix210-linux/target/usr/share/i18n/charmaps/ES.gz,1550,a28d7ffe18bdfeec2e5dc1b70b18098b5b972b9bf06d2783406026b228403b77,not-applicable,gz,False,True,vendor/archive/local backup,redistribution not established,DO_NOT_DISTRIBUTE,aarch64-mix210 toolchain; board ABI validation required,local discovery only
repository,08_media/mix210-toolchain/aarch64-mix210-linux/target/usr/share/i18n/charmaps/ES2.gz,1552,67aad7ecb2f7a17882fd4ef9e3c1b626d852570dfe8a666900ea3a0dc9d9e1dc,not-applicable,gz,False,True,vendor/archive/local backup,redistribution not established,DO_NOT_DISTRIBUTE,aarch64-mix210 toolchain; board ABI validation required,local discovery only
repository,08_media/mix210-toolchain/aarch64-mix210-linux/target/usr/share/i18n/charmaps/EUC-JISX0213.gz,69860,6b987b4fab80f45b87d55233ed438073e348daf45de807ed3ff77f09a901302f,not-applicable,gz,False,True,vendor/archive/local backup,redistribution not established,DO_NOT_DISTRIBUTE,aarch64-mix210 toolchain; board ABI validation required,local discovery only
repository,08_media/mix210-toolchain/aarch64-mix210-linux/target/usr/share/i18n/charmaps/EUC-JP-MS.gz,86324,09fd4dbfecbad20bef01746e80aaf00202a58e611e1cce3567ac392e6039eb42,not-applicable,gz,False,True,vendor/archive/local backup,redistribution not established,DO_NOT_DISTRIBUTE,aarch64-mix210 toolchain; board ABI validation required,local discovery only
repository,08_media/mix210-toolchain/aarch64-mix210-linux/target/usr/share/i18n/charmaps/EUC-JP.gz,73802,13d49b7f1b0e463d3b41901a7bd5630a5b163b167436a2667d882212261f24b2,not-applicable,gz,False,True,vendor/archive/local backup,redistribution not established,DO_NOT_DISTRIBUTE,aarch64-mix210 toolchain; board ABI validation required,local discovery only
repository,08_media/mix210-toolchain/aarch64-mix210-linux/target/usr/share/i18n/charmaps/EUC-KR.gz,58543,f4e00ee58d3248e0a3a64fe05d465072f2bf7f1085a41406710af27842dd4638,not-applicable,gz,False,True,vendor/archive/local backup,redistribution not established,DO_NOT_DISTRIBUTE,aarch64-mix210 toolchain; board ABI validation required,local discovery only
repository,08_media/mix210-toolchain/aarch64-mix210-linux/target/usr/share/i18n/charmaps/EUC-TW.gz,348518,3e6b1298d911cfd593c6927c39ba8a4acd46f1a6add49bb07b33cb165d20d32e,not-applicable,gz,False,True,vendor/archive/local backup,redistribution not established,DO_NOT_DISTRIBUTE,aarch64-mix210 toolchain; board ABI validation required,local discovery only
repository,08_media/mix210-toolchain/aarch64-mix210-linux/target/usr/share/i18n/charmaps/GB18030.gz,646644,22a6502d8ed9e5e5f83da4f20f39ffcf5b04299bf93a90eceaf823d74c701dce,not-applicable,gz,False,True,vendor/archive/local backup,redistribution not established,DO_NOT_DISTRIBUTE,aarch64-mix210 toolchain; board ABI validation required,local discovery only
repository,08_media/mix210-toolchain/aarch64-mix210-linux/target/usr/share/i18n/charmaps/GB2312.gz,44796,c14460bc7e2b2a0ab66ca5d02807357177931875f30749f57afd6cf6485d1481,not-applicable,gz,False,True,vendor/archive/local backup,redistribution not established,DO_NOT_DISTRIBUTE,aarch64-mix210 toolchain; board ABI validation required,local discovery only
repository,08_media/mix210-toolchain/aarch64-mix210-linux/target/usr/share/i18n/charmaps/GBK.gz,119347,e488c365c30fa038cc8b0b9000000da3d4f9be17a4784526ee6e740754e8d51b,not-applicable,gz,False,True,vendor/archive/local backup,redistribution not established,DO_NOT_DISTRIBUTE,aarch64-mix210 toolchain; board ABI validation required,local discovery only
repository,08_media/mix210-toolchain/aarch64-mix210-linux/target/usr/share/i18n/charmaps/GB_1988-80.gz,1566,099a9ee57fe295301c94890066d786fba803fead92e3e5441b9c75c12aa957e0,not-applicable,gz,False,True,vendor/archive/local backup,redistribution not established,DO_NOT_DISTRIBUTE,aarch64-mix210 toolchain; board ABI validation required,local discovery only
repository,08_media/mix210-toolchain/aarch64-mix210-linux/target/usr/share/i18n/charmaps/GEORGIAN-ACADEMY.gz,2943,b85617206c77948039d0c405f84dd2585280e9d1dbda751cc37c85d7d5672fcc,not-applicable,gz,False,True,vendor/archive/local backup,redistribution not established,DO_NOT_DISTRIBUTE,aarch64-mix210 toolchain; board ABI validation required,local discovery only
repository,08_media/mix210-toolchain/aarch64-mix210-linux/target/usr/share/i18n/charmaps/GEORGIAN-PS.gz,2947,590970f3d16576d4b569a3d39b5ec5ba6dfcae3f009ae2bb57c243789486935d,not-applicable,gz,False,True,vendor/archive/local backup,redistribution not established,DO_NOT_DISTRIBUTE,aarch64-mix210 toolchain; board ABI validation required,local discovery only
repository,08_media/mix210-toolchain/aarch64-mix210-linux/target/usr/share/i18n/charmaps/GOST_19768-74.gz,2695,c80643b37c1c1b974e9d0593549974d5c7863d4f9457f9f511cacc6ed5f2fdf8,not-applicable,gz,False,True,vendor/archive/local backup,redistribution not established,DO_NOT_DISTRIBUTE,aarch64-mix210 toolchain; board ABI validation required,local discovery only
repository,08_media/mix210-toolchain/aarch64-mix210-linux/target/usr/share/i18n/charmaps/GREEK-CCITT.gz,1589,78f441a0f576d12f1e542dc354cd648235443042d235c28f853ce9761e4999e3,not-applicable,gz,False,True,vendor/archive/local backup,redistribution not established,DO_NOT_DISTRIBUTE,aarch64-mix210 toolchain; board ABI validation required,local discovery only
repository,08_media/mix210-toolchain/aarch64-mix210-linux/target/usr/share/i18n/charmaps/GREEK7-OLD.gz,1617,ec0c86ccde757f6dcf8c636e9e23d19c167e1e36ea8098d7ca60eefa0fc8498a,not-applicable,gz,False,True,vendor/archive/local backup,redistribution not established,DO_NOT_DISTRIBUTE,aarch64-mix210 toolchain; board ABI validation required,local discovery only
repository,08_media/mix210-toolchain/aarch64-mix210-linux/target/usr/share/i18n/charmaps/GREEK7.gz,1593,3f75dc2a204598d4827b528e60204ca7eab8a91630a8c3960d4dfc0dbe71b5c1,not-applicable,gz,False,True,vendor/archive/local backup,redistribution not established,DO_NOT_DISTRIBUTE,aarch64-mix210 toolchain; board ABI validation required,local discovery only
repository,08_media/mix210-toolchain/aarch64-mix210-linux/target/usr/share/i18n/charmaps/HP-GREEK8.gz,2577,c3379df836122ce2466fc656f55a6b774b56643ddbdf865f3cb5060ddf7d4cbd,not-applicable,gz,False,True,vendor/archive/local backup,redistribution not established,DO_NOT_DISTRIBUTE,aarch64-mix210 toolchain; board ABI validation required,local discovery only
repository,08_media/mix210-toolchain/aarch64-mix210-linux/target/usr/share/i18n/charmaps/HP-ROMAN8.gz,3193,90d5d63c92e6540dae786a52fcd2d9a22064755950882c007373a0bcaf962520,not-applicable,gz,False,True,vendor/archive/local backup,redistribution not established,DO_NOT_DISTRIBUTE,aarch64-mix210 toolchain; board ABI validation required,local discovery only
repository,08_media/mix210-toolchain/aarch64-mix210-linux/target/usr/share/i18n/charmaps/HP-ROMAN9.gz,3091,d815050a399a118599e004b629e7f101b95bb3358449f1f1a8fb9cda04e10c34,not-applicable,gz,False,True,vendor/archive/local backup,redistribution not established,DO_NOT_DISTRIBUTE,aarch64-mix210 toolchain; board ABI validation required,local discovery only
repository,08_media/mix210-toolchain/aarch64-mix210-linux/target/usr/share/i18n/charmaps/HP-THAI8.gz,2951,7e070a3d8aca07f93cca4d36bc4214a29632e09e46c2ceaaae7b4188406b5524,not-applicable,gz,False,True,vendor/archive/local backup,redistribution not established,DO_NOT_DISTRIBUTE,aarch64-mix210 toolchain; board ABI validation required,local discovery only
repository,08_media/mix210-toolchain/aarch64-mix210-linux/target/usr/share/i18n/charmaps/HP-TURKISH8.gz,3008,9d28d69642ee90891cd36dc362dd9efb51e3950caeb9918753d9b9200ee7e112,not-applicable,gz,False,True,vendor/archive/local backup,redistribution not established,DO_NOT_DISTRIBUTE,aarch64-mix210 toolchain; board ABI validation required,local discovery only
repository,08_media/mix210-toolchain/aarch64-mix210-linux/target/usr/share/i18n/charmaps/IBM037.gz,3156,3aa0c2a9c8c2e8c60f9de6a02c2ba5a04ed4e4f298db60e49d2f5451c5e4c985,not-applicable,gz,False,True,vendor/archive/local backup,redistribution not established,DO_NOT_DISTRIBUTE,aarch64-mix210 toolchain; board ABI validation required,local discovery only
repository,08_media/mix210-toolchain/aarch64-mix210-linux/target/usr/share/i18n/charmaps/IBM038.gz,2152,a3f7fc412502af79c716e0032bd24e494bda6bfeefe27d693a93cea44545523f,not-applicable,gz,False,True,vendor/archive/local backup,redistribution not established,DO_NOT_DISTRIBUTE,aarch64-mix210 toolchain; board ABI validation required,local discovery only
repository,08_media/mix210-toolchain/aarch64-mix210-linux/target/usr/share/i18n/charmaps/IBM1004.gz,2852,9f897a946247067b52a3d3c0a90b71c61d1c58934129f02e472043abef93c9fb,not-applicable,gz,False,True,vendor/archive/local backup,redistribution not established,DO_NOT_DISTRIBUTE,aarch64-mix210 toolchain; board ABI validation required,local discovery only
repository,08_media/mix210-toolchain/aarch64-mix210-linux/target/usr/share/i18n/charmaps/IBM1026.gz,3155,874c0db52cc927a912e23146bec6942a142a1f7002d306dc7410ddea1e72ba28,not-applicable,gz,False,True,vendor/archive/local backup,redistribution not established,DO_NOT_DISTRIBUTE,aarch64-mix210 toolchain; board ABI validation required,local discovery only
repository,08_media/mix210-toolchain/aarch64-mix210-linux/target/usr/share/i18n/charmaps/IBM1047.gz,3177,31a76958c492cc060325ca6083572100ef02e917b1245ffc2549eedab6839694,not-applicable,gz,False,True,vendor/archive/local backup,redistribution not established,DO_NOT_DISTRIBUTE,aarch64-mix210 toolchain; board ABI validation required,local discovery only
repository,08_media/mix210-toolchain/aarch64-mix210-linux/target/usr/share/i18n/charmaps/IBM1124.gz,2227,9588e23fc9f2388737216532430c9cff6311faf975f4bbb39eb3263ab037fc13,not-applicable,gz,False,True,vendor/archive/local backup,redistribution not established,DO_NOT_DISTRIBUTE,aarch64-mix210 toolchain; board ABI validation required,local discovery only
repository,08_media/mix210-toolchain/aarch64-mix210-linux/target/usr/share/i18n/charmaps/IBM1129.gz,2417,7f385496a2c5bac7e4000124aa17ce838a335fb6d17d35e02acd7046f327dced,not-applicable,gz,False,True,vendor/archive/local backup,redistribution not established,DO_NOT_DISTRIBUTE,aarch64-mix210 toolchain; board ABI validation required,local discovery only
repository,08_media/mix210-toolchain/aarch64-mix210-linux/target/usr/share/i18n/charmaps/IBM1132.gz,2028,569538a1a85d2eb830eb1d7c230772ae7563162c99d9babd85758e5805d6a72e,not-applicable,gz,False,True,vendor/archive/local backup,redistribution not established,DO_NOT_DISTRIBUTE,aarch64-mix210 toolchain; board ABI validation required,local discovery only
repository,08_media/mix210-toolchain/aarch64-mix210-linux/target/usr/share/i18n/charmaps/IBM1133.gz,1996,f1b47a32d53d7f8309f0dc1e73fca209c52c584e03353f6e965e53c89eae83b1,not-applicable,gz,False,True,vendor/archive/local backup,redistribution not established,DO_NOT_DISTRIBUTE,aarch64-mix210 toolchain; board ABI validation required,local discovery only
repository,08_media/mix210-toolchain/aarch64-mix210-linux/target/usr/share/i18n/charmaps/IBM1160.gz,2386,70b0509f30d3f66341296b832d84d22122f52c6aee83d30a318337f238e47706,not-applicable,gz,False,True,vendor/archive/local backup,redistribution not established,DO_NOT_DISTRIBUTE,aarch64-mix210 toolchain; board ABI validation required,local discovery only
repository,08_media/mix210-toolchain/aarch64-mix210-linux/target/usr/share/i18n/charmaps/IBM1161.gz,2196,84ee324ecbbeeb4dfdeac0283bc63af8631b5a3a6a1f5a2b957f1aa338e8e278,not-applicable,gz,False,True,vendor/archive/local backup,redistribution not established,DO_NOT_DISTRIBUTE,aarch64-mix210 toolchain; board ABI validation required,local discovery only
repository,08_media/mix210-toolchain/aarch64-mix210-linux/target/usr/share/i18n/charmaps/IBM1162.gz,2349,7a8ada7534be980120d6b55aa4c4f35b1810a86c9c67e1b51242902d7c18df6b,not-applicable,gz,False,True,vendor/archive/local backup,redistribution not established,DO_NOT_DISTRIBUTE,aarch64-mix210 toolchain; board ABI validation required,local discovery only
repository,08_media/mix210-toolchain/aarch64-mix210-linux/target/usr/share/i18n/charmaps/IBM1163.gz,2416,3ed60b72627757689812b4dbf69c841fdadde062812216a6564f03a3526e2980,not-applicable,gz,False,True,vendor/archive/local backup,redistribution not established,DO_NOT_DISTRIBUTE,aarch64-mix210 toolchain; board ABI validation required,local discovery only
repository,08_media/mix210-toolchain/aarch64-mix210-linux/target/usr/share/i18n/charmaps/IBM1164.gz,2419,e869abec20e612c4a752140f532d0acf12f2ca7ea7c4b5f682ef7ca70accfb3c,not-applicable,gz,False,True,vendor/archive/local backup,redistribution not established,DO_NOT_DISTRIBUTE,aarch64-mix210 toolchain; board ABI validation required,local discovery only
repository,08_media/mix210-toolchain/aarch64-mix210-linux/target/usr/share/i18n/charmaps/IBM256.gz,3137,1a517443bad960a0ef2a4c535455f0e8acc4b29a356415aa07a8b62d965d5bbe,not-applicable,gz,False,True,vendor/archive/local backup,redistribution not established,DO_NOT_DISTRIBUTE,aarch64-mix210 toolchain; board ABI validation required,local discovery only
repository,08_media/mix210-toolchain/aarch64-mix210-linux/target/usr/share/i18n/charmaps/IBM273.gz,3149,c8b1f87c9166b0d48e7631ebacf7396c2975c1dd8a0bb4a97f608433e6983b9f,not-applicable,gz,False,True,vendor/archive/local backup,redistribution not established,DO_NOT_DISTRIBUTE,aarch64-mix210 toolchain; board ABI validation required,local discovery only
repository,08_media/mix210-toolchain/aarch64-mix210-linux/target/usr/share/i18n/charmaps/IBM274.gz,2151,60b931b3df4fa973a887c97827f9906521d67574e354af7d0dc09c7d76a814da,not-applicable,gz,False,True,vendor/archive/local backup,redistribution not established,DO_NOT_DISTRIBUTE,aarch64-mix210 toolchain; board ABI validation required,local discovery only
repository,08_media/mix210-toolchain/aarch64-mix210-linux/target/usr/share/i18n/charmaps/IBM275.gz,2123,68a6006eb4f4d1377711f857c8bd4fa3074dbcb2cc1de92df188b802f11236f6,not-applicable,gz,False,True,vendor/archive/local backup,redistribution not established,DO_NOT_DISTRIBUTE,aarch64-mix210 toolchain; board ABI validation required,local discovery only
repository,08_media/mix210-toolchain/aarch64-mix210-linux/target/usr/share/i18n/charmaps/IBM277.gz,3153,c1879436e9ad3c3765fa4a2c136b9d5a36d023df6b5df5e03234c86353aba6b6,not-applicable,gz,False,True,vendor/archive/local backup,redistribution not established,DO_NOT_DISTRIBUTE,aarch64-mix210 toolchain; board ABI validation required,local discovery only
repository,08_media/mix210-toolchain/aarch64-mix210-linux/target/usr/share/i18n/charmaps/IBM278.gz,3164,eb6843b4c52b445788f0b5bea6d37b499c956c8c7cc63ddd70b604d96e9c26eb,not-applicable,gz,False,True,vendor/archive/local backup,redistribution not established,DO_NOT_DISTRIBUTE,aarch64-mix210 toolchain; board ABI validation required,local discovery only
repository,08_media/mix210-toolchain/aarch64-mix210-linux/target/usr/share/i18n/charmaps/IBM280.gz,3157,2669cece45c3f0ad17790c5e189b1688d9c7fefa31b9d6880130952abd6d5ad0,not-applicable,gz,False,True,vendor/archive/local backup,redistribution not established,DO_NOT_DISTRIBUTE,aarch64-mix210 toolchain; board ABI validation required,local discovery only
repository,08_media/mix210-toolchain/aarch64-mix210-linux/target/usr/share/i18n/charmaps/IBM281.gz,2145,8f83c57972be626432d721feff56851bbea99cd9500181fef9d81b7108ae2827,not-applicable,gz,False,True,vendor/archive/local backup,redistribution not established,DO_NOT_DISTRIBUTE,aarch64-mix210 toolchain; board ABI validation required,local discovery only
repository,08_media/mix210-toolchain/aarch64-mix210-linux/target/usr/share/i18n/charmaps/IBM284.gz,3151,646c608a09a3dc63e335f074af69eaa6ba42c1b80a53ba10aa430b363ca4e2a3,not-applicable,gz,False,True,vendor/archive/local backup,redistribution not established,DO_NOT_DISTRIBUTE,aarch64-mix210 toolchain; board ABI validation required,local discovery only
repository,08_media/mix210-toolchain/aarch64-mix210-linux/target/usr/share/i18n/charmaps/IBM285.gz,3151,1456bcf68cc2ebebd9047b92c657964f180456b59367c00dc1b44a150023307d,not-applicable,gz,False,True,vendor/archive/local backup,redistribution not established,DO_NOT_DISTRIBUTE,aarch64-mix210 toolchain; board ABI validation required,local discovery only
repository,08_media/mix210-toolchain/aarch64-mix210-linux/target/usr/share/i18n/charmaps/IBM290.gz,2490,3ee0b2650a801d0b085cf3628140cafaa33644253d226de02043945894942f65,not-applicable,gz,False,True,vendor/archive/local backup,redistribution not established,DO_NOT_DISTRIBUTE,aarch64-mix210 toolchain; board ABI validation required,local discovery only
repository,08_media/mix210-toolchain/aarch64-mix210-linux/target/usr/share/i18n/charmaps/IBM297.gz,3162,f0a601d87a9ec426b37ed5b4ce0915afb4ce8cd883fad672ef2c1311a2069f35,not-applicable,gz,False,True,vendor/archive/local backup,redistribution not established,DO_NOT_DISTRIBUTE,aarch64-mix210 toolchain; board ABI validation required,local discovery only
repository,08_media/mix210-toolchain/aarch64-mix210-linux/target/usr/share/i18n/charmaps/IBM420.gz,2982,0235e1348f24ae5aa41fd411f11d9272af08a7c8460c15996872e75785e6476b,not-applicable,gz,False,True,vendor/archive/local backup,redistribution not established,DO_NOT_DISTRIBUTE,aarch64-mix210 toolchain; board ABI validation required,local discovery only
repository,08_media/mix210-toolchain/aarch64-mix210-linux/target/usr/share/i18n/charmaps/IBM423.gz,2947,f063084332b6544d3459c5c51ac37992a9d860acc40b90e3388a80ae1cfa4fea,not-applicable,gz,False,True,vendor/archive/local backup,redistribution not established,DO_NOT_DISTRIBUTE,aarch64-mix210 toolchain; board ABI validation required,local discovery only
repository,08_media/mix210-toolchain/aarch64-mix210-linux/target/usr/share/i18n/charmaps/IBM424.gz,2767,396d330f7d2a647d2b13c13f93416dddbf3269bd7fc3dfda668d04ec33852818,not-applicable,gz,False,True,vendor/archive/local backup,redistribution not established,DO_NOT_DISTRIBUTE,aarch64-mix210 toolchain; board ABI validation required,local discovery only
repository,08_media/mix210-toolchain/aarch64-mix210-linux/target/usr/share/i18n/charmaps/IBM437.gz,2985,e1d70439ebecf33612a6637139433db90c722fb112f542112566678da1b5eb90,not-applicable,gz,False,True,vendor/archive/local backup,redistribution not established,DO_NOT_DISTRIBUTE,aarch64-mix210 toolchain; board ABI validation required,local discovery only
repository,08_media/mix210-toolchain/aarch64-mix210-linux/target/usr/share/i18n/charmaps/IBM500.gz,3162,6edcc8d4d9bffefc79b694bd3d507943b3081a19e11571ba07c88cd988f08d2a,not-applicable,gz,False,True,vendor/archive/local backup,redistribution not established,DO_NOT_DISTRIBUTE,aarch64-mix210 toolchain; board ABI validation required,local discovery only
repository,08_media/mix210-toolchain/aarch64-mix210-linux/target/usr/share/i18n/charmaps/IBM850.gz,2959,54156941392e1b117c53143b05d2ae59a6aeb0fa5fe8e8fa6308acf13ae6dc38,not-applicable,gz,False,True,vendor/archive/local backup,redistribution not established,DO_NOT_DISTRIBUTE,aarch64-mix210 toolchain; board ABI validation required,local discovery only
repository,08_media/mix210-toolchain/aarch64-mix210-linux/target/usr/share/i18n/charmaps/IBM851.gz,2881,46dd6b7a6ba5d1591ae3b162eee32de8b0ebc71de58cf0bde3418f74890662f0,not-applicable,gz,False,True,vendor/archive/local backup,redistribution not established,DO_NOT_DISTRIBUTE,aarch64-mix210 toolchain; board ABI validation required,local discovery only
repository,08_media/mix210-toolchain/aarch64-mix210-linux/target/usr/share/i18n/charmaps/IBM852.gz,2930,265f5e607fa4e9b98c35f7ee66e3cfef82cda9ade00e28d979f4f5ff2b856d04,not-applicable,gz,False,True,vendor/archive/local backup,redistribution not established,DO_NOT_DISTRIBUTE,aarch64-mix210 toolchain; board ABI validation required,local discovery only
repository,08_media/mix210-toolchain/aarch64-mix210-linux/target/usr/share/i18n/charmaps/IBM855.gz,2794,bb4d5dd19b2b37450eeeef05392c959184bb71b1904a6a3c3b9486fbb5849fbc,not-applicable,gz,False,True,vendor/archive/local backup,redistribution not established,DO_NOT_DISTRIBUTE,aarch64-mix210 toolchain; board ABI validation required,local discovery only
repository,08_media/mix210-toolchain/aarch64-mix210-linux/target/usr/share/i18n/charmaps/IBM856.gz,2152,230a262fa9aec0495d420ad6a26418c042464f29da4f002d1d6d874358882f53,not-applicable,gz,False,True,vendor/archive/local backup,redistribution not established,DO_NOT_DISTRIBUTE,aarch64-mix210 toolchain; board ABI validation required,local discovery only
repository,08_media/mix210-toolchain/aarch64-mix210-linux/target/usr/share/i18n/charmaps/IBM857.gz,2911,317bf0919301e053d8edd80a5103dbec617c6484e9af779d647f9eba0837cb32,not-applicable,gz,False,True,vendor/archive/local backup,redistribution not established,DO_NOT_DISTRIBUTE,aarch64-mix210 toolchain; board ABI validation required,local discovery only
repository,08_media/mix210-toolchain/aarch64-mix210-linux/target/usr/share/i18n/charmaps/IBM858.gz,3351,e6e9d0531787128780feda8b59aae5e79be2c20948b93ce38eca0c769b86cb8a,not-applicable,gz,False,True,vendor/archive/local backup,redistribution not established,DO_NOT_DISTRIBUTE,aarch64-mix210 toolchain; board ABI validation required,local discovery only
repository,08_media/mix210-toolchain/aarch64-mix210-linux/target/usr/share/i18n/charmaps/IBM860.gz,2976,da7fba7e218048897b8ed9368e24fc15b76521f95adb0a9f1146ef5010b5ed00,not-applicable,gz,False,True,vendor/archive/local backup,redistribution not established,DO_NOT_DISTRIBUTE,aarch64-mix210 toolchain; board ABI validation required,local discovery only
repository,08_media/mix210-toolchain/aarch64-mix210-linux/target/usr/share/i18n/charmaps/IBM861.gz,2998,3049ff71b055373339e711aeebd72afd3c28983da8d4e80be83986b7c18397c9,not-applicable,gz,False,True,vendor/archive/local backup,redistribution not established,DO_NOT_DISTRIBUTE,aarch64-mix210 toolchain; board ABI validation required,local discovery only
repository,08_media/mix210-toolchain/aarch64-mix210-linux/target/usr/share/i18n/charmaps/IBM862.gz,2986,82807a90ff704a1051fa2d0de78f9fbed56e8c263c8d91265b831104b3794e36,not-applicable,gz,False,True,vendor/archive/local backup,redistribution not established,DO_NOT_DISTRIBUTE,aarch64-mix210 toolchain; board ABI validation required,local discovery only
repository,08_media/mix210-toolchain/aarch64-mix210-linux/target/usr/share/i18n/charmaps/IBM863.gz,3011,9c0ab2d90aaba1ebe2d4f0203aa9cb3bf5e1393172c47f56ad086a25368e4bdc,not-applicable,gz,False,True,vendor/archive/local backup,redistribution not established,DO_NOT_DISTRIBUTE,aarch64-mix210 toolchain; board ABI validation required,local discovery only
repository,08_media/mix210-toolchain/aarch64-mix210-linux/target/usr/share/i18n/charmaps/IBM864.gz,2795,cf4e73293493249330ba673d11fba692463afacdf62a9987027288e1acb6266b,not-applicable,gz,False,True,vendor/archive/local backup,redistribution not established,DO_NOT_DISTRIBUTE,aarch64-mix210 toolchain; board ABI validation required,local discovery only
repository,08_media/mix210-toolchain/aarch64-mix210-linux/target/usr/share/i18n/charmaps/IBM865.gz,3002,a00b2da8409fffc0e80d68c0318f0ed572e073a1333d3e8b310f9b674d88b4ab,not-applicable,gz,False,True,vendor/archive/local backup,redistribution not established,DO_NOT_DISTRIBUTE,aarch64-mix210 toolchain; board ABI validation required,local discovery only
repository,08_media/mix210-toolchain/aarch64-mix210-linux/target/usr/share/i18n/charmaps/IBM866.gz,2682,0630a9156927e0d8eaa8e7c57d4699a66d89a39b794302a58964174aadcc8999,not-applicable,gz,False,True,vendor/archive/local backup,redistribution not established,DO_NOT_DISTRIBUTE,aarch64-mix210 toolchain; board ABI validation required,local discovery only
repository,08_media/mix210-toolchain/aarch64-mix210-linux/target/usr/share/i18n/charmaps/IBM866NAV.gz,2864,14fdc4aab44419eedb4f87b95491a55e7e865c3101d5722bb3dd09c461c0bc66,not-applicable,gz,False,True,vendor/archive/local backup,redistribution not established,DO_NOT_DISTRIBUTE,aarch64-mix210 toolchain; board ABI validation required,local discovery only
repository,08_media/mix210-toolchain/aarch64-mix210-linux/target/usr/share/i18n/charmaps/IBM868.gz,2655,00b0a6ef0b89598ac5d6b51488e3ee044fb2f3b9f1bc434510675817f52933be,not-applicable,gz,False,True,vendor/archive/local backup,redistribution not established,DO_NOT_DISTRIBUTE,aarch64-mix210 toolchain; board ABI validation required,local discovery only
repository,08_media/mix210-toolchain/aarch64-mix210-linux/target/usr/share/i18n/charmaps/IBM869.gz,2839,d2298b35f28633540bfbecb597fecb9ab8e0945b4c5c2169f555b74681082b8c,not-applicable,gz,False,True,vendor/archive/local backup,redistribution not established,DO_NOT_DISTRIBUTE,aarch64-mix210 toolchain; board ABI validation required,local discovery only
repository,08_media/mix210-toolchain/aarch64-mix210-linux/target/usr/share/i18n/charmaps/IBM870.gz,3103,3cbfe690902f5bba70e58f1ba1b31be8fc4e74cbf4ea4be6d8bc483c594a32bb,not-applicable,gz,False,True,vendor/archive/local backup,redistribution not established,DO_NOT_DISTRIBUTE,aarch64-mix210 toolchain; board ABI validation required,local discovery only
repository,08_media/mix210-toolchain/aarch64-mix210-linux/target/usr/share/i18n/charmaps/IBM871.gz,3149,94eecca09c8f35a6d6fab62fb539c3bd0a22793f3698136c1f797659771d8fc2,not-applicable,gz,False,True,vendor/archive/local backup,redistribution not established,DO_NOT_DISTRIBUTE,aarch64-mix210 toolchain; board ABI validation required,local discovery only
repository,08_media/mix210-toolchain/aarch64-mix210-linux/target/usr/share/i18n/charmaps/IBM874.gz,2483,e1c1d60b97828a8e323847d9066a0265058071bfb0a35418c256076490b7eebd,not-applicable,gz,False,True,vendor/archive/local backup,redistribution not established,DO_NOT_DISTRIBUTE,aarch64-mix210 toolchain; board ABI validation required,local discovery only
repository,08_media/mix210-toolchain/aarch64-mix210-linux/target/usr/share/i18n/charmaps/IBM875.gz,3016,c4a4d30742f676fb3883c3ce1e2efebaf231d6a0bee411138b8c7be91e77fd20,not-applicable,gz,False,True,vendor/archive/local backup,redistribution not established,DO_NOT_DISTRIBUTE,aarch64-mix210 toolchain; board ABI validation required,local discovery only
repository,08_media/mix210-toolchain/aarch64-mix210-linux/target/usr/share/i18n/charmaps/IBM880.gz,2926,5707e13d6342a9dd17ea9e5628c9888e3faffad0592efe0e687132c823b208bc,not-applicable,gz,False,True,vendor/archive/local backup,redistribution not established,DO_NOT_DISTRIBUTE,aarch64-mix210 toolchain; board ABI validation required,local discovery only
repository,08_media/mix210-toolchain/aarch64-mix210-linux/target/usr/share/i18n/charmaps/IBM891.gz,1566,476ad34ff1a667bd12bc77e6dd68604eebe64ffce662822bce445d459edc314d,not-applicable,gz,False,True,vendor/archive/local backup,redistribution not established,DO_NOT_DISTRIBUTE,aarch64-mix210 toolchain; board ABI validation required,local discovery only
repository,08_media/mix210-toolchain/aarch64-mix210-linux/target/usr/share/i18n/charmaps/IBM903.gz,1566,9d1809f641c4447e7f251b8ed5ceb006b62c6498eb095784bce2107a62bacc07,not-applicable,gz,False,True,vendor/archive/local backup,redistribution not established,DO_NOT_DISTRIBUTE,aarch64-mix210 toolchain; board ABI validation required,local discovery only
repository,08_media/mix210-toolchain/aarch64-mix210-linux/target/usr/share/i18n/charmaps/IBM904.gz,1602,c1858ddd1687a9f6cc80a592c6e3c392305129a777db1dec83e6096ad8c27cc0,not-applicable,gz,False,True,vendor/archive/local backup,redistribution not established,DO_NOT_DISTRIBUTE,aarch64-mix210 toolchain; board ABI validation required,local discovery only
repository,08_media/mix210-toolchain/aarch64-mix210-linux/target/usr/share/i18n/charmaps/IBM905.gz,3028,83e7f87b9953bcdb5f0159269bab20044c5dbe65a6774fe52ca3203c43dd462d,not-applicable,gz,False,True,vendor/archive/local backup,redistribution not established,DO_NOT_DISTRIBUTE,aarch64-mix210 toolchain; board ABI validation required,local discovery only
repository,08_media/mix210-toolchain/aarch64-mix210-linux/target/usr/share/i18n/charmaps/IBM918.gz,2827,6a0088dc6546fe304afc931d28af5142638a6f230a78f444bcdf0c01c7fc4687,not-applicable,gz,False,True,vendor/archive/local backup,redistribution not established,DO_NOT_DISTRIBUTE,aarch64-mix210 toolchain; board ABI validation required,local discovery only
repository,08_media/mix210-toolchain/aarch64-mix210-linux/target/usr/share/i18n/charmaps/IBM922.gz,2361,fbef1c5e567f42539e1520275b83bb19003601b072eedb20142057a1c9b25545,not-applicable,gz,False,True,vendor/archive/local backup,redistribution not established,DO_NOT_DISTRIBUTE,aarch64-mix210 toolchain; board ABI validation required,local discovery only
repository,08_media/mix210-toolchain/aarch64-mix210-linux/target/usr/share/i18n/charmaps/IEC_P27-1.gz,3200,54bf50bf66855b52afcf22a9eea614b1c8517500c15e390546a5c72da77840b0,not-applicable,gz,False,True,vendor/archive/local backup,redistribution not established,DO_NOT_DISTRIBUTE,aarch64-mix210 toolchain; board ABI validation required,local discovery only
repository,08_media/mix210-toolchain/aarch64-mix210-linux/target/usr/share/i18n/charmaps/INIS-8.gz,1070,5ed99ec79fc59a322401546d3dc5597ce44434f7099c618fcab21ab6af93e5d7,not-applicable,gz,False,True,vendor/archive/local backup,redistribution not established,DO_NOT_DISTRIBUTE,aarch64-mix210 toolchain; board ABI validation required,local discovery only
repository,08_media/mix210-toolchain/aarch64-mix210-linux/target/usr/share/i18n/charmaps/INIS-CYRILLIC.gz,1434,d39fb477bf9b8eafd10906a9d643e95c685d5f86692ea39717ee6147daddbab4,not-applicable,gz,False,True,vendor/archive/local backup,redistribution not established,DO_NOT_DISTRIBUTE,aarch64-mix210 toolchain; board ABI validation required,local discovery only
repository,08_media/mix210-toolchain/aarch64-mix210-linux/target/usr/share/i18n/charmaps/INIS.gz,1404,259c5ab20ebdbfd1f898bcd413bb9bda738c9f816b65b1df8c384b8c518964c1,not-applicable,gz,False,True,vendor/archive/local backup,redistribution not established,DO_NOT_DISTRIBUTE,aarch64-mix210 toolchain; board ABI validation required,local discovery only
repository,08_media/mix210-toolchain/aarch64-mix210-linux/target/usr/share/i18n/charmaps/INVARIANT.gz,1384,561fee6237799c861feb5d159114a757673e12e6d2794fe074dc5271200164f2,not-applicable,gz,False,True,vendor/archive/local backup,redistribution not established,DO_NOT_DISTRIBUTE,aarch64-mix210 toolchain; board ABI validation required,local discovery only
repository,08_media/mix210-toolchain/aarch64-mix210-linux/target/usr/share/i18n/charmaps/ISIRI-3342.gz,2988,3c4999b80a625891410c422fe96d2be9666aa48fc4836500fcd75d9957410857,not-applicable,gz,False,True,vendor/archive/local backup,redistribution not established,DO_NOT_DISTRIBUTE,aarch64-mix210 toolchain; board ABI validation required,local discovery only
repository,08_media/mix210-toolchain/aarch64-mix210-linux/target/usr/share/i18n/charmaps/ISO-8859-1.gz,3139,2eaf5f887c8aa8b8ed13f3aeb400a1f7162e9e483b7474fce5bb43fde7a9d97e,not-applicable,gz,False,True,vendor/archive/local backup,redistribution not established,DO_NOT_DISTRIBUTE,aarch64-mix210 toolchain; board ABI validation required,local discovery only
repository,08_media/mix210-toolchain/aarch64-mix210-linux/target/usr/share/i18n/charmaps/ISO-8859-10.gz,3056,a3823773419925b3ea95707bae87d77d712103e8c78db2f7e9b32336a49af74e,not-applicable,gz,False,True,vendor/archive/local backup,redistribution not established,DO_NOT_DISTRIBUTE,aarch64-mix210 toolchain; board ABI validation required,local discovery only
repository,08_media/mix210-toolchain/aarch64-mix210-linux/target/usr/share/i18n/charmaps/ISO-8859-11.gz,2978,4955b871fafc4acc611582027f51df9185330c27a9fa6e13e21405fed0a9d644,not-applicable,gz,False,True,vendor/archive/local backup,redistribution not established,DO_NOT_DISTRIBUTE,aarch64-mix210 toolchain; board ABI validation required,local discovery only
repository,08_media/mix210-toolchain/aarch64-mix210-linux/target/usr/share/i18n/charmaps/ISO-8859-13.gz,3003,f7e85f704706575fb0f30980f7fed3b6c2ad58a90e40a6f330b8bd577baedb55,not-applicable,gz,False,True,vendor/archive/local backup,redistribution not established,DO_NOT_DISTRIBUTE,aarch64-mix210 toolchain; board ABI validation required,local discovery only
repository,08_media/mix210-toolchain/aarch64-mix210-linux/target/usr/share/i18n/charmaps/ISO-8859-14.gz,2902,0675e59869755f0c613a41aec62eaeeb4288a3fb42e31c0a0af81679510515bc,not-applicable,gz,False,True,vendor/archive/local backup,redistribution not established,DO_NOT_DISTRIBUTE,aarch64-mix210 toolchain; board ABI validation required,local discovery only
repository,08_media/mix210-toolchain/aarch64-mix210-linux/target/usr/share/i18n/charmaps/ISO-8859-15.gz,2966,1763dae4f7f7900250ff66682443148d490178f9f3b6d192d041ee9e6eceec62,not-applicable,gz,False,True,vendor/archive/local backup,redistribution not established,DO_NOT_DISTRIBUTE,aarch64-mix210 toolchain; board ABI validation required,local discovery only
repository,08_media/mix210-toolchain/aarch64-mix210-linux/target/usr/share/i18n/charmaps/ISO-8859-16.gz,2984,b87c3ba402a7387916bf55a91ba5ad5a228c7e7c30159ee3e0671e291c4655bb,not-applicable,gz,False,True,vendor/archive/local backup,redistribution not established,DO_NOT_DISTRIBUTE,aarch64-mix210 toolchain; board ABI validation required,local discovery only
repository,08_media/mix210-toolchain/aarch64-mix210-linux/target/usr/share/i18n/charmaps/ISO-8859-2.gz,3066,b34de170946ae1d4500383ae12569871925d86a8dc03d2f136c33d0002120b39,not-applicable,gz,False,True,vendor/archive/local backup,redistribution not established,DO_NOT_DISTRIBUTE,aarch64-mix210 toolchain; board ABI validation required,local discovery only
repository,08_media/mix210-toolchain/aarch64-mix210-linux/target/usr/share/i18n/charmaps/ISO-8859-3.gz,3026,8fe22a97b6c1d672387175420cdb6d5e8c56058a30d994a5eb6698317566dbcf,not-applicable,gz,False,True,vendor/archive/local backup,redistribution not established,DO_NOT_DISTRIBUTE,aarch64-mix210 toolchain; board ABI validation required,local discovery only
repository,08_media/mix210-toolchain/aarch64-mix210-linux/target/usr/share/i18n/charmaps/ISO-8859-4.gz,3101,2146a2145d2c095166220b786d69bf4b1494175fa7ca76b58dc69a12a7f709ba,not-applicable,gz,False,True,vendor/archive/local backup,redistribution not established,DO_NOT_DISTRIBUTE,aarch64-mix210 toolchain; board ABI validation required,local discovery only
repository,08_media/mix210-toolchain/aarch64-mix210-linux/target/usr/share/i18n/charmaps/ISO-8859-5.gz,2991,51eba1e2c2a644064c5f803ee52cf29efadbbf1242e780a840dba459a82eb621,not-applicable,gz,False,True,vendor/archive/local backup,redistribution not established,DO_NOT_DISTRIBUTE,aarch64-mix210 toolchain; board ABI validation required,local discovery only
repository,08_media/mix210-toolchain/aarch64-mix210-linux/target/usr/share/i18n/charmaps/ISO-8859-6.gz,2637,a120de671f808ade9c7755780b047e23e9be734b543c41649f6ebad339f2799c,not-applicable,gz,False,True,vendor/archive/local backup,redistribution not established,DO_NOT_DISTRIBUTE,aarch64-mix210 toolchain; board ABI validation required,local discovery only
repository,08_media/mix210-toolchain/aarch64-mix210-linux/target/usr/share/i18n/charmaps/ISO-8859-7.gz,3074,18fad959c2aa08926437acb4eb4847f363f51ca92df4a22115e81092093f3531,not-applicable,gz,False,True,vendor/archive/local backup,redistribution not established,DO_NOT_DISTRIBUTE,aarch64-mix210 toolchain; board ABI validation required,local discovery only
repository,08_media/mix210-toolchain/aarch64-mix210-linux/target/usr/share/i18n/charmaps/ISO-8859-8.gz,2770,689fdd220153e69948588f919a33938d69433f28785093672fe7478547487d20,not-applicable,gz,False,True,vendor/archive/local backup,redistribution not established,DO_NOT_DISTRIBUTE,aarch64-mix210 toolchain; board ABI validation required,local discovery only
repository,08_media/mix210-toolchain/aarch64-mix210-linux/target/usr/share/i18n/charmaps/ISO-8859-9.gz,3103,8160a718ee59915fff5449e077c704c095f4fd560abc7f45183e0e5d9170f38a,not-applicable,gz,False,True,vendor/archive/local backup,redistribution not established,DO_NOT_DISTRIBUTE,aarch64-mix210 toolchain; board ABI validation required,local discovery only
repository,08_media/mix210-toolchain/aarch64-mix210-linux/target/usr/share/i18n/charmaps/ISO-8859-9E.gz,3023,7d7223504cc21281425596e09f4778377ee416d134eda1b814dd4a3fd9f09114,not-applicable,gz,False,True,vendor/archive/local backup,redistribution not established,DO_NOT_DISTRIBUTE,aarch64-mix210 toolchain; board ABI validation required,local discovery only
repository,08_media/mix210-toolchain/aarch64-mix210-linux/target/usr/share/i18n/charmaps/ISO-IR-197.gz,2932,8ba8055be768fc14be09b0d884de8bd720c75ec317752c66e34b631cb68c82b0,not-applicable,gz,False,True,vendor/archive/local backup,redistribution not established,DO_NOT_DISTRIBUTE,aarch64-mix210 toolchain; board ABI validation required,local discovery only
repository,08_media/mix210-toolchain/aarch64-mix210-linux/target/usr/share/i18n/charmaps/ISO-IR-209.gz,2881,df6ee9e97d55a7dfafe70ed2dc6fdf239f58c74666db78c6b514bdd04d78440f,not-applicable,gz,False,True,vendor/archive/local backup,redistribution not established,DO_NOT_DISTRIBUTE,aarch64-mix210 toolchain; board ABI validation required,local discovery only
repository,08_media/mix210-toolchain/aarch64-mix210-linux/target/usr/share/i18n/charmaps/ISO-IR-90.gz,4581,b85f41bda30bd6de587b55304de86d75b9f14780da161bdb4468b299b4e1ce2a,not-applicable,gz,False,True,vendor/archive/local backup,redistribution not established,DO_NOT_DISTRIBUTE,aarch64-mix210 toolchain; board ABI validation required,local discovery only
repository,08_media/mix210-toolchain/aarch64-mix210-linux/target/usr/share/i18n/charmaps/ISO_10367-BOX.gz,2424,1b8bc755ce4927eef612498bd2adf6bb3e7df285ac6505ea0585697deb4c427f,not-applicable,gz,False,True,vendor/archive/local backup,redistribution not established,DO_NOT_DISTRIBUTE,aarch64-mix210 toolchain; board ABI validation required,local discovery only
repository,08_media/mix210-toolchain/aarch64-mix210-linux/target/usr/share/i18n/charmaps/ISO_10646.gz,19204,0fe5f323a2043a11e02b44712b68c4c510f4efdb67caa659e4d5a09d6f0c1be3,not-applicable,gz,False,True,vendor/archive/local backup,redistribution not established,DO_NOT_DISTRIBUTE,aarch64-mix210 toolchain; board ABI validation required,local discovery only
repository,08_media/mix210-toolchain/aarch64-mix210-linux/target/usr/share/i18n/charmaps/ISO_11548-1.gz,1720,7b368ae0e875758cd555bc2d37c10d38cd44aff7020b9389dc2fb36f50864d8c,not-applicable,gz,False,True,vendor/archive/local backup,redistribution not established,DO_NOT_DISTRIBUTE,aarch64-mix210 toolchain; board ABI validation required,local discovery only
repository,08_media/mix210-toolchain/aarch64-mix210-linux/target/usr/share/i18n/charmaps/ISO_2033-1983.gz,840,557857ebbd114874f5477956ae3fde0f61b65127c4188aa74281e76c5e154656,not-applicable,gz,False,True,vendor/archive/local backup,redistribution not established,DO_NOT_DISTRIBUTE,aarch64-mix210 toolchain; board ABI validation required,local discovery only
repository,08_media/mix210-toolchain/aarch64-mix210-linux/target/usr/share/i18n/charmaps/ISO_5427-EXT.gz,1110,8587efb7068972bc4942d4717a3c05da425cf2b71f8d45c4108b707c1ef2286d,not-applicable,gz,False,True,vendor/archive/local backup,redistribution not established,DO_NOT_DISTRIBUTE,aarch64-mix210 toolchain; board ABI validation required,local discovery only
repository,08_media/mix210-toolchain/aarch64-mix210-linux/target/usr/share/i18n/charmaps/ISO_5427.gz,1553,03c045abf2a8920aedc5fa6c26951c49b9becc9da9efad7a73dd25f7ffeadf8a,not-applicable,gz,False,True,vendor/archive/local backup,redistribution not established,DO_NOT_DISTRIBUTE,aarch64-mix210 toolchain; board ABI validation required,local discovery only
repository,08_media/mix210-toolchain/aarch64-mix210-linux/target/usr/share/i18n/charmaps/ISO_5428.gz,1507,277e007a9ce9c5e73109d7424faf904d65950398a8ce2e05d870b0ed878eb17f,not-applicable,gz,False,True,vendor/archive/local backup,redistribution not established,DO_NOT_DISTRIBUTE,aarch64-mix210 toolchain; board ABI validation required,local discovery only
repository,08_media/mix210-toolchain/aarch64-mix210-linux/target/usr/share/i18n/charmaps/ISO_646.BASIC.gz,926,2721f7055c51f085efc056d502540be530fa1235d215c0348a2d10c5b19319d4,not-applicable,gz,False,True,vendor/archive/local backup,redistribution not established,DO_NOT_DISTRIBUTE,aarch64-mix210 toolchain; board ABI validation required,local discovery only
repository,08_media/mix210-toolchain/aarch64-mix210-linux/target/usr/share/i18n/charmaps/ISO_646.IRV.gz,1571,9579ed4a89d3735668537338c257b5e52b634269effda746423fcd1dab905ff1,not-applicable,gz,False,True,vendor/archive/local backup,redistribution not established,DO_NOT_DISTRIBUTE,aarch64-mix210 toolchain; board ABI validation required,local discovery only
repository,08_media/mix210-toolchain/aarch64-mix210-linux/target/usr/share/i18n/charmaps/ISO_6937-2-25.gz,2416,db1f3e88e2f59a569ba3f99605d790c8ca590a3eccdf29d5e069d97c83b6a6d7,not-applicable,gz,False,True,vendor/archive/local backup,redistribution not established,DO_NOT_DISTRIBUTE,aarch64-mix210 toolchain; board ABI validation required,local discovery only
repository,08_media/mix210-toolchain/aarch64-mix210-linux/target/usr/share/i18n/charmaps/ISO_6937-2-ADD.gz,4636,454d069ea343d41b9591432ae15b4759cae82c64e321f6fa04ae2268f0e99147,not-applicable,gz,False,True,vendor/archive/local backup,redistribution not established,DO_NOT_DISTRIBUTE,aarch64-mix210 toolchain; board ABI validation required,local discovery only
repository,08_media/mix210-toolchain/aarch64-mix210-linux/target/usr/share/i18n/charmaps/ISO_6937.gz,4638,71d91753cf5855ac592b5a55c3eba62c84223db9c531643cff9efa8766d82cb3,not-applicable,gz,False,True,vendor/archive/local backup,redistribution not established,DO_NOT_DISTRIBUTE,aarch64-mix210 toolchain; board ABI validation required,local discovery only
repository,"08_media/mix210-toolchain/aarch64-mix210-linux/target/usr/share/i18n/charmaps/ISO_8859-1,GL.gz",4234,1d0f3bebaa884e594ace543fb936a0db41c3092e59891427e9aa67126d3885c1,not-applicable,gz,False,True,vendor/archive/local backup,redistribution not established,DO_NOT_DISTRIBUTE,aarch64-mix210 toolchain; board ABI validation required,local discovery only
repository,08_media/mix210-toolchain/aarch64-mix210-linux/target/usr/share/i18n/charmaps/ISO_8859-SUPP.gz,3043,70f904f1d351757bae5d5e0bcec1574953cfd309f863d657e5bd9aa145f2b750,not-applicable,gz,False,True,vendor/archive/local backup,redistribution not established,DO_NOT_DISTRIBUTE,aarch64-mix210 toolchain; board ABI validation required,local discovery only
repository,08_media/mix210-toolchain/aarch64-mix210-linux/target/usr/share/i18n/charmaps/IT.gz,1544,9d573764168ef145dc5c4be0c1705f8df281c5f340d7be29b21d09ce08c7238e,not-applicable,gz,False,True,vendor/archive/local backup,redistribution not established,DO_NOT_DISTRIBUTE,aarch64-mix210 toolchain; board ABI validation required,local discovery only
repository,08_media/mix210-toolchain/aarch64-mix210-linux/target/usr/share/i18n/charmaps/JIS_C6220-1969-JP.gz,2560,5944bc07ba1793fa54594bd5c426c98842fdfa7efab0c5dd0ce885a375780aa6,not-applicable,gz,False,True,vendor/archive/local backup,redistribution not established,DO_NOT_DISTRIBUTE,aarch64-mix210 toolchain; board ABI validation required,local discovery only
repository,08_media/mix210-toolchain/aarch64-mix210-linux/target/usr/share/i18n/charmaps/JIS_C6220-1969-RO.gz,1569,0705e40873d4567ca5c8a370d97d6f555018ac2dcd34d4f7f51b6d253b8fb930,not-applicable,gz,False,True,vendor/archive/local backup,redistribution not established,DO_NOT_DISTRIBUTE,aarch64-mix210 toolchain; board ABI validation required,local discovery only
repository,08_media/mix210-toolchain/aarch64-mix210-linux/target/usr/share/i18n/charmaps/JIS_C6229-1984-A.gz,2399,529785a8fbe681c185ee913c60324ad1fdc6a563bb1322c4e04366acabf8fd4d,not-applicable,gz,False,True,vendor/archive/local backup,redistribution not established,DO_NOT_DISTRIBUTE,aarch64-mix210 toolchain; board ABI validation required,local discovery only
repository,08_media/mix210-toolchain/aarch64-mix210-linux/target/usr/share/i18n/charmaps/JIS_C6229-1984-B-ADD.gz,1858,a6c5e857be10c84b6123aeff1efd2f34bcc7e08241c16db506429610812fc400,not-applicable,gz,False,True,vendor/archive/local backup,redistribution not established,DO_NOT_DISTRIBUTE,aarch64-mix210 toolchain; board ABI validation required,local discovery only
repository,08_media/mix210-toolchain/aarch64-mix210-linux/target/usr/share/i18n/charmaps/JIS_C6229-1984-B.gz,1563,81ab99d1b5dfaf13b1f52c07c5abd5fc390965c2381ec4d2ee504c559f03f0ba,not-applicable,gz,False,True,vendor/archive/local backup,redistribution not established,DO_NOT_DISTRIBUTE,aarch64-mix210 toolchain; board ABI validation required,local discovery only
repository,08_media/mix210-toolchain/aarch64-mix210-linux/target/usr/share/i18n/charmaps/JIS_C6229-1984-HAND-ADD.gz,1810,ab767a26abe1c62dac43e5a1373d4c3d95dd59909c968281ed622f74d048bae0,not-applicable,gz,False,True,vendor/archive/local backup,redistribution not established,DO_NOT_DISTRIBUTE,aarch64-mix210 toolchain; board ABI validation required,local discovery only
repository,08_media/mix210-toolchain/aarch64-mix210-linux/target/usr/share/i18n/charmaps/JIS_C6229-1984-HAND.gz,2402,93100a1723fc787ec0ba09edc6660658eed9a1928aa50bb1b6ae7e8cca9d9b8e,not-applicable,gz,False,True,vendor/archive/local backup,redistribution not established,DO_NOT_DISTRIBUTE,aarch64-mix210 toolchain; board ABI validation required,local discovery only
repository,08_media/mix210-toolchain/aarch64-mix210-linux/target/usr/share/i18n/charmaps/JIS_C6229-1984-KANA.gz,2402,0064ce2dc7c549289a81ef07ce7c0e28cbb892bb651bdb96f4e75a6a6db0ef6f,not-applicable,gz,False,True,vendor/archive/local backup,redistribution not established,DO_NOT_DISTRIBUTE,aarch64-mix210 toolchain; board ABI validation required,local discovery only
repository,08_media/mix210-toolchain/aarch64-mix210-linux/target/usr/share/i18n/charmaps/JIS_X0201.gz,2624,a1e7a84d0c5db0ffe402cd6f8165f771f3912c0c6b4e867cb0bf3d05ed4fd876,not-applicable,gz,False,True,vendor/archive/local backup,redistribution not established,DO_NOT_DISTRIBUTE,aarch64-mix210 toolchain; board ABI validation required,local discovery only
repository,08_media/mix210-toolchain/aarch64-mix210-linux/target/usr/share/i18n/charmaps/JOHAB.gz,124176,0cdadbb203dade1ced1c4dadaeaa656d4d3283213a08e2072f5ce001bf700c16,not-applicable,gz,False,True,vendor/archive/local backup,redistribution not established,DO_NOT_DISTRIBUTE,aarch64-mix210 toolchain; board ABI validation required,local discovery only
repository,08_media/mix210-toolchain/aarch64-mix210-linux/target/usr/share/i18n/charmaps/JUS_I.B1.002.gz,1552,a7f05b8afec068518804ab134ce65d42eab76ec5c94bad7381c18c5b6a6f78e1,not-applicable,gz,False,True,vendor/archive/local backup,redistribution not established,DO_NOT_DISTRIBUTE,aarch64-mix210 toolchain; board ABI validation required,local discovery only
repository,08_media/mix210-toolchain/aarch64-mix210-linux/target/usr/share/i18n/charmaps/JUS_I.B1.003-MAC.gz,1553,4bf4df38022e7652a7749d9ec284e457fc82632c330b624cc682aad5decd6a54,not-applicable,gz,False,True,vendor/archive/local backup,redistribution not established,DO_NOT_DISTRIBUTE,aarch64-mix210 toolchain; board ABI validation required,local discovery only
repository,08_media/mix210-toolchain/aarch64-mix210-linux/target/usr/share/i18n/charmaps/JUS_I.B1.003-SERB.gz,1574,5e496e94943f1a80dd778a55eb02d2c8e97c0de3520ea5d72aed805a80dc2f0d,not-applicable,gz,False,True,vendor/archive/local backup,redistribution not established,DO_NOT_DISTRIBUTE,aarch64-mix210 toolchain; board ABI validation required,local discovery only
repository,08_media/mix210-toolchain/aarch64-mix210-linux/target/usr/share/i18n/charmaps/KOI-8.gz,2109,8717621f1c3a0dc49c0065db73fd1da5082b8005143bdd8d787813121057ef0c,not-applicable,gz,False,True,vendor/archive/local backup,redistribution not established,DO_NOT_DISTRIBUTE,aarch64-mix210 toolchain; board ABI validation required,local discovery only
repository,08_media/mix210-toolchain/aarch64-mix210-linux/target/usr/share/i18n/charmaps/KOI8-R.gz,2869,bc92858d9512159c6268d74a4ca3f800b1ed77b507f1e36b8c991437fc31ba46,not-applicable,gz,False,True,vendor/archive/local backup,redistribution not established,DO_NOT_DISTRIBUTE,aarch64-mix210 toolchain; board ABI validation required,local discovery only
repository,08_media/mix210-toolchain/aarch64-mix210-linux/target/usr/share/i18n/charmaps/KOI8-RU.gz,2844,c885fc3fc06a3d99b91854690fe2f2a4f0573b61d6e009877853bfed3f541fc7,not-applicable,gz,False,True,vendor/archive/local backup,redistribution not established,DO_NOT_DISTRIBUTE,aarch64-mix210 toolchain; board ABI validation required,local discovery only
repository,08_media/mix210-toolchain/aarch64-mix210-linux/target/usr/share/i18n/charmaps/KOI8-T.gz,2571,f8ca2473c91bf9bcf2438716d9676736662182d2f283e6569f97fb8b34c6bbef,not-applicable,gz,False,True,vendor/archive/local backup,redistribution not established,DO_NOT_DISTRIBUTE,aarch64-mix210 toolchain; board ABI validation required,local discovery only
repository,08_media/mix210-toolchain/aarch64-mix210-linux/target/usr/share/i18n/charmaps/KOI8-U.gz,2860,39d9d3074472b781c853dab1e72bde5b045ca8ad76052ab9425a15839867297e,not-applicable,gz,False,True,vendor/archive/local backup,redistribution not established,DO_NOT_DISTRIBUTE,aarch64-mix210 toolchain; board ABI validation required,local discovery only
repository,08_media/mix210-toolchain/aarch64-mix210-linux/target/usr/share/i18n/charmaps/KSC5636.gz,1524,76f9b71511a13a2404328796f8859293b4a8e2c5d74f5ff6c1669e6d2f97b54b,not-applicable,gz,False,True,vendor/archive/local backup,redistribution not established,DO_NOT_DISTRIBUTE,aarch64-mix210 toolchain; board ABI validation required,local discovery only
repository,08_media/mix210-toolchain/aarch64-mix210-linux/target/usr/share/i18n/charmaps/LATIN-GREEK-1.gz,1563,77b985a006d2a70e95b42e8030ed7bfdff9bcc1aa775cae56a50a8240a27c31d,not-applicable,gz,False,True,vendor/archive/local backup,redistribution not established,DO_NOT_DISTRIBUTE,aarch64-mix210 toolchain; board ABI validation required,local discovery only
repository,08_media/mix210-toolchain/aarch64-mix210-linux/target/usr/share/i18n/charmaps/LATIN-GREEK.gz,1605,0f1668318f146b6868f74af30bad595b704267b4f25a3e1c839fa88348710a69,not-applicable,gz,False,True,vendor/archive/local backup,redistribution not established,DO_NOT_DISTRIBUTE,aarch64-mix210 toolchain; board ABI validation required,local discovery only
repository,08_media/mix210-toolchain/aarch64-mix210-linux/target/usr/share/i18n/charmaps/MAC-CENTRALEUROPE.gz,2719,31c13ec31e43b20e019a954421ab41709bb12ea3b9886de48900b07eedd6d5e3,not-applicable,gz,False,True,vendor/archive/local backup,redistribution not established,DO_NOT_DISTRIBUTE,aarch64-mix210 toolchain; board ABI validation required,local discovery only
repository,08_media/mix210-toolchain/aarch64-mix210-linux/target/usr/share/i18n/charmaps/MAC-CYRILLIC.gz,2660,098d679a7f5c64354368216257635fd0e53c4abe146cc8a690d8ebd6c03f72e2,not-applicable,gz,False,True,vendor/archive/local backup,redistribution not established,DO_NOT_DISTRIBUTE,aarch64-mix210 toolchain; board ABI validation required,local discovery only
repository,08_media/mix210-toolchain/aarch64-mix210-linux/target/usr/share/i18n/charmaps/MAC-IS.gz,2975,ee25e45d04c47970d0749fae3a497f525f48611a4d456d872fee4ac629a668eb,not-applicable,gz,False,True,vendor/archive/local backup,redistribution not established,DO_NOT_DISTRIBUTE,aarch64-mix210 toolchain; board ABI validation required,local discovery only
repository,08_media/mix210-toolchain/aarch64-mix210-linux/target/usr/share/i18n/charmaps/MAC-SAMI.gz,2884,eee636bd4fd1b359eebde21141fc94e95e5d220b765d9510b21d079fa4b89d52,not-applicable,gz,False,True,vendor/archive/local backup,redistribution not established,DO_NOT_DISTRIBUTE,aarch64-mix210 toolchain; board ABI validation required,local discovery only
repository,08_media/mix210-toolchain/aarch64-mix210-linux/target/usr/share/i18n/charmaps/MAC-UK.gz,2684,ec86c865bd635db06b2a7da215296da334c35677a6350ef5622f84007ce7462d,not-applicable,gz,False,True,vendor/archive/local backup,redistribution not established,DO_NOT_DISTRIBUTE,aarch64-mix210 toolchain; board ABI validation required,local discovery only
repository,08_media/mix210-toolchain/aarch64-mix210-linux/target/usr/share/i18n/charmaps/MACINTOSH.gz,3053,02bd7aab83ab76f7fdc2c93d7055cf68b4b5e8c0432b60e31fec7abbe06d3d1f,not-applicable,gz,False,True,vendor/archive/local backup,redistribution not established,DO_NOT_DISTRIBUTE,aarch64-mix210 toolchain; board ABI validation required,local discovery only
repository,08_media/mix210-toolchain/aarch64-mix210-linux/target/usr/share/i18n/charmaps/MIK.gz,2906,0bedd0952e88a0a19ec59ec97bbe4e5fe31285d4e1ce1d30be397669431a9205,not-applicable,gz,False,True,vendor/archive/local backup,redistribution not established,DO_NOT_DISTRIBUTE,aarch64-mix210 toolchain; board ABI validation required,local discovery only
repository,08_media/mix210-toolchain/aarch64-mix210-linux/target/usr/share/i18n/charmaps/MSZ_7795.3.gz,1559,cc76e4c272b748830ceac413febb77e9abf6b8f12b203ee72f7c59324878299b,not-applicable,gz,False,True,vendor/archive/local backup,redistribution not established,DO_NOT_DISTRIBUTE,aarch64-mix210 toolchain; board ABI validation required,local discovery only
repository,08_media/mix210-toolchain/aarch64-mix210-linux/target/usr/share/i18n/charmaps/NATS-DANO-ADD.gz,1716,d0f06711da4f5da4b3ea32ae7f9af310da50cd916dbfdb85190c653ccc3288b5,not-applicable,gz,False,True,vendor/archive/local backup,redistribution not established,DO_NOT_DISTRIBUTE,aarch64-mix210 toolchain; board ABI validation required,local discovery only
repository,08_media/mix210-toolchain/aarch64-mix210-linux/target/usr/share/i18n/charmaps/NATS-DANO.gz,1590,d2e26163b88a9983321dbfa66ba1311a213acf7ba4f002b25ac404bd9783071a,not-applicable,gz,False,True,vendor/archive/local backup,redistribution not established,DO_NOT_DISTRIBUTE,aarch64-mix210 toolchain; board ABI validation required,local discovery only
repository,08_media/mix210-toolchain/aarch64-mix210-linux/target/usr/share/i18n/charmaps/NATS-SEFI-ADD.gz,1721,2977b0af924cf5f9fa5f5eba8b3deb82834b18828d3155e20ba97286114e2525,not-applicable,gz,False,True,vendor/archive/local backup,redistribution not established,DO_NOT_DISTRIBUTE,aarch64-mix210 toolchain; board ABI validation required,local discovery only
repository,08_media/mix210-toolchain/aarch64-mix210-linux/target/usr/share/i18n/charmaps/NATS-SEFI.gz,1571,cc1707254585c07360d0b70460a0fe995bb64305780cb717c99311a2bb6ff14b,not-applicable,gz,False,True,vendor/archive/local backup,redistribution not established,DO_NOT_DISTRIBUTE,aarch64-mix210 toolchain; board ABI validation required,local discovery only
repository,08_media/mix210-toolchain/aarch64-mix210-linux/target/usr/share/i18n/charmaps/NC_NC00-10.gz,1579,b087b32c1e44adf8156d6bc529b9085a3a95aaef178961885c78779477dbe9a2,not-applicable,gz,False,True,vendor/archive/local backup,redistribution not established,DO_NOT_DISTRIBUTE,aarch64-mix210 toolchain; board ABI validation required,local discovery only
repository,08_media/mix210-toolchain/aarch64-mix210-linux/target/usr/share/i18n/charmaps/NEXTSTEP.gz,2972,6d892c85b704b5c407b5e2d12dca60456318a7549adc0a1e6df34026d07e7af1,not-applicable,gz,False,True,vendor/archive/local backup,redistribution not established,DO_NOT_DISTRIBUTE,aarch64-mix210 toolchain; board ABI validation required,local discovery only
repository,08_media/mix210-toolchain/aarch64-mix210-linux/target/usr/share/i18n/charmaps/NF_Z_62-010.gz,1563,f0addb8e0d6164125b971ff83827e38d938fc9eabdbdf376ed22872631ce5dc7,not-applicable,gz,False,True,vendor/archive/local backup,redistribution not established,DO_NOT_DISTRIBUTE,aarch64-mix210 toolchain; board ABI validation required,local discovery only
repository,08_media/mix210-toolchain/aarch64-mix210-linux/target/usr/share/i18n/charmaps/NF_Z_62-010_1973.gz,1568,d1c665e68eb98901acddfdc1106fc7d4662aae0cccdce41d1457e9e101fb72ce,not-applicable,gz,False,True,vendor/archive/local backup,redistribution not established,DO_NOT_DISTRIBUTE,aarch64-mix210 toolchain; board ABI validation required,local discovery only
repository,08_media/mix210-toolchain/aarch64-mix210-linux/target/usr/share/i18n/charmaps/NS_4551-1.gz,1557,de2e1b39c4dd36c4a88c971c8f6812a1dd13466b85b3ebd79319addb42820c21,not-applicable,gz,False,True,vendor/archive/local backup,redistribution not established,DO_NOT_DISTRIBUTE,aarch64-mix210 toolchain; board ABI validation required,local discovery only
repository,08_media/mix210-toolchain/aarch64-mix210-linux/target/usr/share/i18n/charmaps/NS_4551-2.gz,1561,1733def4ba5ea3f8d91a3cb7ada7b57b49740967ca3cf7f1af1a8dae7d2304b6,not-applicable,gz,False,True,vendor/archive/local backup,redistribution not established,DO_NOT_DISTRIBUTE,aarch64-mix210 toolchain; board ABI validation required,local discovery only
repository,08_media/mix210-toolchain/aarch64-mix210-linux/target/usr/share/i18n/charmaps/PT.gz,1547,2a3ca5426217dc900902a1fcd1b2e8736407b7b7db68413eb970b37bf33eb341,not-applicable,gz,False,True,vendor/archive/local backup,redistribution not established,DO_NOT_DISTRIBUTE,aarch64-mix210 toolchain; board ABI validation required,local discovery only
repository,08_media/mix210-toolchain/aarch64-mix210-linux/target/usr/share/i18n/charmaps/PT154.gz,2833,e63828afa31106f9e61498ce3731832bc5bf0cde5157e02fd1f39c7ce81bf73d,not-applicable,gz,False,True,vendor/archive/local backup,redistribution not established,DO_NOT_DISTRIBUTE,aarch64-mix210 toolchain; board ABI validation required,local discovery only
repository,08_media/mix210-toolchain/aarch64-mix210-linux/target/usr/share/i18n/charmaps/PT2.gz,1545,2cf04af5191a6b4b9d57136fd78f1c1d2d48a752a0f85d7215ce7c63fe08f8df,not-applicable,gz,False,True,vendor/archive/local backup,redistribution not established,DO_NOT_DISTRIBUTE,aarch64-mix210 toolchain; board ABI validation required,local discovery only
repository,08_media/mix210-toolchain/aarch64-mix210-linux/target/usr/share/i18n/charmaps/RK1048.gz,2834,78bb1c4452b3966857d88117409999d3a6a1deed2851bd9cbf877d093750d520,not-applicable,gz,False,True,vendor/archive/local backup,redistribution not established,DO_NOT_DISTRIBUTE,aarch64-mix210 toolchain; board ABI validation required,local discovery only
repository,08_media/mix210-toolchain/aarch64-mix210-linux/target/usr/share/i18n/charmaps/SAMI-WS2.gz,3003,20d54c3a6af221baf0cce5a041c035a84f146d4ead86d4f664cd58ece7c21628,not-applicable,gz,False,True,vendor/archive/local backup,redistribution not established,DO_NOT_DISTRIBUTE,aarch64-mix210 toolchain; board ABI validation required,local discovery only
repository,08_media/mix210-toolchain/aarch64-mix210-linux/target/usr/share/i18n/charmaps/SAMI.gz,2443,e7286d583958b925ddc549d0baf6c2bee1b8c9463b2d1ea6fee2e0bc10dc19db,not-applicable,gz,False,True,vendor/archive/local backup,redistribution not established,DO_NOT_DISTRIBUTE,aarch64-mix210 toolchain; board ABI validation required,local discovery only
repository,08_media/mix210-toolchain/aarch64-mix210-linux/target/usr/share/i18n/charmaps/SEN_850200_B.gz,1584,d6173b98bad98f99c0fe3cc4c6ff79ba4e9994213a3665e21bc9e93182d82857,not-applicable,gz,False,True,vendor/archive/local backup,redistribution not established,DO_NOT_DISTRIBUTE,aarch64-mix210 toolchain; board ABI validation required,local discovery only
repository,08_media/mix210-toolchain/aarch64-mix210-linux/target/usr/share/i18n/charmaps/SEN_850200_C.gz,1559,3cab60cc73245ccd54b55c1ae3ebe25afc12d09a8f1341d97b214d0d5bd1eec1,not-applicable,gz,False,True,vendor/archive/local backup,redistribution not established,DO_NOT_DISTRIBUTE,aarch64-mix210 toolchain; board ABI validation required,local discovery only
repository,08_media/mix210-toolchain/aarch64-mix210-linux/target/usr/share/i18n/charmaps/SHIFT_JIS.gz,42081,f9b49694160e63b2cb8ede1cf21dce948bb74119bface81fdfa354c722ab099f,not-applicable,gz,False,True,vendor/archive/local backup,redistribution not established,DO_NOT_DISTRIBUTE,aarch64-mix210 toolchain; board ABI validation required,local discovery only
repository,08_media/mix210-toolchain/aarch64-mix210-linux/target/usr/share/i18n/charmaps/SHIFT_JISX0213.gz,69772,29afd89a995921f9bb5896e853cafb22c4d49c8623049f301dc1e8a73b2b2603,not-applicable,gz,False,True,vendor/archive/local backup,redistribution not established,DO_NOT_DISTRIBUTE,aarch64-mix210 toolchain; board ABI validation required,local discovery only
repository,08_media/mix210-toolchain/aarch64-mix210-linux/target/usr/share/i18n/charmaps/T.101-G2.gz,4729,1984e4f87bb9792723ece88a8228a13cf1199fa8669f49aa56b1ae2be9c48795,not-applicable,gz,False,True,vendor/archive/local backup,redistribution not established,DO_NOT_DISTRIBUTE,aarch64-mix210 toolchain; board ABI validation required,local discovery only
repository,08_media/mix210-toolchain/aarch64-mix210-linux/target/usr/share/i18n/charmaps/T.61-7BIT.gz,1486,d6324f825761cde09ee22f1ab3fea3265355f8c6a9f8e61cbcde5c965e5221c0,not-applicable,gz,False,True,vendor/archive/local backup,redistribution not established,DO_NOT_DISTRIBUTE,aarch64-mix210 toolchain; board ABI validation required,local discovery only
repository,08_media/mix210-toolchain/aarch64-mix210-linux/target/usr/share/i18n/charmaps/T.61-8BIT.gz,4304,51d960803ca565c77392458188d71ae450ea755657df031aef2da61828befde4,not-applicable,gz,False,True,vendor/archive/local backup,redistribution not established,DO_NOT_DISTRIBUTE,aarch64-mix210 toolchain; board ABI validation required,local discovery only
repository,08_media/mix210-toolchain/aarch64-mix210-linux/target/usr/share/i18n/charmaps/TCVN5712-1.gz,3126,a53e4e6bc953479d36fe88f1a9c693a25f5d64356801979f9f2425c13e245655,not-applicable,gz,False,True,vendor/archive/local backup,redistribution not established,DO_NOT_DISTRIBUTE,aarch64-mix210 toolchain; board ABI validation required,local discovery only
repository,08_media/mix210-toolchain/aarch64-mix210-linux/target/usr/share/i18n/charmaps/TIS-620.gz,2542,2dd31955a1fb0185fc2f4b29143cf3daf5c45f86f3eb3064e8b428ce9f8f6837,not-applicable,gz,False,True,vendor/archive/local backup,redistribution not established,DO_NOT_DISTRIBUTE,aarch64-mix210 toolchain; board ABI validation required,local discovery only
repository,08_media/mix210-toolchain/aarch64-mix210-linux/target/usr/share/i18n/charmaps/TSCII.gz,3576,a38f499c9d0af224cc20ba1d90c90365c6332e9cb383979a500fb6394e21a7ba,not-applicable,gz,False,True,vendor/archive/local backup,redistribution not established,DO_NOT_DISTRIBUTE,aarch64-mix210 toolchain; board ABI validation required,local discovery only
repository,08_media/mix210-toolchain/aarch64-mix210-linux/target/usr/share/i18n/charmaps/UTF-8.gz,419279,e5ae375621b7915bf56df22eac4f51fba9a4f9b9e4cf96c62b537ad54b35de3e,not-applicable,gz,False,True,vendor/archive/local backup,redistribution not established,DO_NOT_DISTRIBUTE,aarch64-mix210 toolchain; board ABI validation required,local discovery only
repository,08_media/mix210-toolchain/aarch64-mix210-linux/target/usr/share/i18n/charmaps/VIDEOTEX-SUPPL.gz,4580,9be75b8171c31362aa79a7d941f042729cff498f818a4ffa86d8629aafa643d2,not-applicable,gz,False,True,vendor/archive/local backup,redistribution not established,DO_NOT_DISTRIBUTE,aarch64-mix210 toolchain; board ABI validation required,local discovery only
repository,08_media/mix210-toolchain/aarch64-mix210-linux/target/usr/share/i18n/charmaps/VISCII.gz,2636,1f8d926da575d7d52a770b77c09b971541723f9b816679f44a5a6d67b503ffbc,not-applicable,gz,False,True,vendor/archive/local backup,redistribution not established,DO_NOT_DISTRIBUTE,aarch64-mix210 toolchain; board ABI validation required,local discovery only
repository,08_media/mix210-toolchain/aarch64-mix210-linux/target/usr/share/i18n/charmaps/WINDOWS-31J.gz,58773,1eebe3621c1da52c8d99a50dbb546a53dc00b138794e2e054bf4e3e032674e29,not-applicable,gz,False,True,vendor/archive/local backup,redistribution not established,DO_NOT_DISTRIBUTE,aarch64-mix210 toolchain; board ABI validation required,local discovery only
repository,08_media/models/ss928_yolo11n/conversion-manifest.json,1328,a9372ac8d2d60e93815198d86215e651449e49c7b0e217df63d9711007688f39,not-applicable,json,False,True,local generated or runtime asset,unknown; manual review required,LOCAL_ONLY,SS928 family; exact image match requires validation,no portable success claim
repository,08_media/models/ss928_yolo11n/om-artifact/yolo11n_ss928.om,3426459,9e3c448ab7309428ea78cfdc509926404220fa74dd56c89e4995366f5f16af95,not-applicable,om,False,True,Ultralytics YOLO11n local conversion set,AGPL-3.0 or enterprise; repository compatibility unresolved,LICENSE_BLOCKED,SS928 family; exact image match requires validation,PT/ONNX PASS; ATC PASS; board OM PENDING
repository,08_media/models/ss928_yolo11n/yolo11n_640.onnx,10701765,aa916c427ea520e2e4db5a61e9074e1570715c655302895db4f575500ab51116,not-applicable,onnx,False,True,Ultralytics YOLO11n local conversion set,AGPL-3.0 or enterprise; repository compatibility unresolved,LICENSE_BLOCKED,SS928 family; exact image match requires validation,PT/ONNX PASS; ATC PASS; board OM PENDING
repository,08_media/models/ss928_yolo11n/yolo11n_640.pt,5613764,0ebbc80d4a7680d14987a577cd21342b65ecfd94632bd9a8da63ae6417644ee1,not-applicable,pt,False,True,Ultralytics YOLO11n local conversion set,AGPL-3.0 or enterprise; repository compatibility unresolved,LICENSE_BLOCKED,SS928 family; exact image match requires validation,PT/ONNX PASS; ATC PASS; board OM PENDING
repository,08_media/models/ss928_yolo11n/yolo11n_ss928.om,3426459,9e3c448ab7309428ea78cfdc509926404220fa74dd56c89e4995366f5f16af95,not-applicable,om,False,True,Ultralytics YOLO11n local conversion set,AGPL-3.0 or enterprise; repository compatibility unresolved,LICENSE_BLOCKED,SS928 family; exact image match requires validation,PT/ONNX PASS; ATC PASS; board OM PENDING
repository,08_media/rev2-board-staging-a660901.tar.gz,509490,512662b1e9b9551ed83b6ae1e224c39ecff3c4a91a19f70e77c58461c7ae7044,not-applicable,gz,False,True,local generated or runtime asset,unknown; manual review required,LOCAL_ONLY,not established,no portable success claim
repository,08_media/ss928-acl-adapter-build/CMakeFiles/CMakeConfigureLog.yaml,371,ad9064cfd2f4ce2f0004b371c1311bfd780d07cc03fe7040e999038984275c9f,not-applicable,yaml,False,True,local generated or runtime asset,unknown; manual review required,LOCAL_ONLY,SS928 family; exact image match requires validation,no portable success claim
repository,08_media/ss928-acl-adapter-build2/CMakeFiles/4.4.0/CMakeDetermineCompilerABI_CXX.bin,3945800,435699aa7579eec9ebb0fe48d24a1cdb886b7854760067252cf18be4c601ba45,AArch64,ELF64,False,True,local generated or runtime asset,unknown; manual review required,LOCAL_ONLY,SS928 family; exact image match requires validation,no portable success claim
repository,08_media/ss928-acl-adapter-build2/CMakeFiles/CMakeConfigureLog.yaml,355465,57d587a8c7a8dc9fdae3dd7a5507aa87a561f06133b5a0b4eec72a941afa9727,not-applicable,yaml,False,True,local generated or runtime asset,unknown; manual review required,LOCAL_ONLY,SS928 family; exact image match requires validation,no portable success claim
repository,08_media/ss928-acl-adapter-build2/CMakeFiles/InstallScripts.json,157,ba91614a4e7d1aa66c87cf040de285a6b1f0926c428291377d22834aaa924c3b,not-applicable,json,False,True,local generated or runtime asset,unknown; manual review required,LOCAL_ONLY,SS928 family; exact image match requires validation,no portable success claim
repository,08_media/ss928-acl-adapter-build2/CMakeFiles/smartbag_ss928_acl.dir/smartbag_ss928_acl.cpp.o,148128,78ea14a21db3788a9c66bfde06864e31a463b4f21bb72bb9a812f49e9bc02ac5,AArch64,ELF64,False,True,local generated or runtime asset,unknown; manual review required,LOCAL_ONLY,SS928 family; exact image match requires validation,no portable success claim
repository,08_media/ss928-acl-adapter-build2/libsmartbag_ss928_acl.so,103856,00a496a6576f2f8473274878535715dfe47697b5f33692c4203f5ec913fdbe9d,AArch64,ELF64,False,True,local generated or runtime asset,unknown; manual review required,LOCAL_ONLY,SS928 family; exact image match requires validation,no portable success claim
repository,08_media/ss928-mpp-sample-min/SS928V100_SDK_V2.0.2.2_MPP_Sample-master/lib/linux/hisilicon/npu/libascendcl.so,1497192,e1b407b29e2fbae783f9eb75e33a0a712be5389e376074f7d8739d7323647d5d,AArch64,ELF64,False,True,vendor/archive/local backup,redistribution not established,DO_NOT_DISTRIBUTE,SS928V100 SDK V2.0.2.2,local discovery only
repository,08_media/ss928-mpp-sample-min/SS928V100_SDK_V2.0.2.2_MPP_Sample-master/lib/linux/hisilicon/npu/stub/libascendcl.so,38648,385351326baa2c49f4a10d9f2084e0bcdb4fac9e7f254185dfdeb3fc1f0673e3,AArch64,ELF64,False,True,vendor/archive/local backup,redistribution not established,DO_NOT_DISTRIBUTE,SS928V100 SDK V2.0.2.2,local discovery only
repository,08_media/ss928-sdk-min/ss928v100_gcc-master/smp/a55_linux/mpp/out/lib/lib_pqcontrol.a,710616,1cabb58bf7b46507d1556d556f9ad2d13ede564e7bbc39d57a2a198eec1fdf9e,not-applicable,a,False,True,vendor/archive/local backup,redistribution not established,DO_NOT_DISTRIBUTE,SS928 family; exact image match requires validation,local discovery only
repository,08_media/ss928-sdk-min/ss928v100_gcc-master/smp/a55_linux/mpp/out/lib/lib_pqstream.a,1227130,55489ff21701e637a160747af2a9d55abf2033f75cb399bc5687e69b2c827093,not-applicable,a,False,True,vendor/archive/local backup,redistribution not established,DO_NOT_DISTRIBUTE,SS928 family; exact image match requires validation,local discovery only
repository,08_media/ss928-sdk-min/ss928v100_gcc-master/smp/a55_linux/mpp/out/lib/libaac_comm.so,263888,95d95e5a05a177cdd21b66a0050300fda32e229dfdbfba0d6f30058a4591a1d4,AArch64,ELF64,False,True,vendor/archive/local backup,redistribution not established,DO_NOT_DISTRIBUTE,SS928 family; exact image match requires validation,local discovery only
repository,08_media/ss928-sdk-min/ss928v100_gcc-master/smp/a55_linux/mpp/out/lib/libaac_dec.so,526688,a5dfcaf9b3d4ddff32662ac5bb7853c2b9893a64d4951e524a0475e60e1df292,AArch64,ELF64,False,True,vendor/archive/local backup,redistribution not established,DO_NOT_DISTRIBUTE,SS928 family; exact image match requires validation,local discovery only
repository,08_media/ss928-sdk-min/ss928v100_gcc-master/smp/a55_linux/mpp/out/lib/libaac_enc.so,395104,e6b7b6e8adf33921dc6ea8af2e10b01bcefe19298e581c4e61c519d6dfcbd198,AArch64,ELF64,False,True,vendor/archive/local backup,redistribution not established,DO_NOT_DISTRIBUTE,SS928 family; exact image match requires validation,local discovery only
repository,08_media/ss928-sdk-min/ss928v100_gcc-master/smp/a55_linux/mpp/out/lib/libaac_sbr_dec.so,198496,47fcfaf911a4542acd812a379b9c97e7e3f84117f785cbb1ec480b899825c197,AArch64,ELF64,False,True,vendor/archive/local backup,redistribution not established,DO_NOT_DISTRIBUTE,SS928 family; exact image match requires validation,local discovery only
repository,08_media/ss928-sdk-min/ss928v100_gcc-master/smp/a55_linux/mpp/out/lib/libaac_sbr_enc.so,198496,a687aef9ccbeff780172d814ac72b0cc770ab0e3e77d81ef2aab87065016d47a,AArch64,ELF64,False,True,vendor/archive/local backup,redistribution not established,DO_NOT_DISTRIBUTE,SS928 family; exact image match requires validation,local discovery only
repository,08_media/ss928-sdk-min/ss928v100_gcc-master/smp/a55_linux/mpp/out/lib/libaiv.so,4393216,a926dec74ee944b47235584c56659708259b6c72ceec99fe3fd441105e5a52ad,AArch64,ELF64,False,True,vendor/archive/local backup,redistribution not established,DO_NOT_DISTRIBUTE,SS928 family; exact image match requires validation,local discovery only
repository,08_media/ss928-sdk-min/ss928v100_gcc-master/smp/a55_linux/mpp/out/lib/libot_acodec.so,67424,84ff70afd13505a61914feaed6ba60839c5dcb035f8a0468a134f04308478ab0,AArch64,ELF64,False,True,vendor/archive/local backup,redistribution not established,DO_NOT_DISTRIBUTE,SS928 family; exact image match requires validation,local discovery only
repository,08_media/ss928-sdk-min/ss928v100_gcc-master/smp/a55_linux/mpp/out/lib/libot_adec.so,67536,02aad8e1b2f3c1fb923fde2edeecdb95ecbb26993331891f9a54b49f6cc91b1f,AArch64,ELF64,False,True,vendor/archive/local backup,redistribution not established,DO_NOT_DISTRIBUTE,SS928 family; exact image match requires validation,local discovery only
repository,08_media/ss928-sdk-min/ss928v100_gcc-master/smp/a55_linux/mpp/out/lib/libot_aenc.so,67536,c6ac299b487724ac43163ba5ed86ba6d5db32904c77169c8be5f2c0bd8c5f7d6,AArch64,ELF64,False,True,vendor/archive/local backup,redistribution not established,DO_NOT_DISTRIBUTE,SS928 family; exact image match requires validation,local discovery only
repository,08_media/ss928-sdk-min/ss928v100_gcc-master/smp/a55_linux/mpp/out/lib/libot_ai.so,133152,91daf24cf513d28c87235b399350c8cfbd752a872b9c73afc821658981c0b688,AArch64,ELF64,False,True,vendor/archive/local backup,redistribution not established,DO_NOT_DISTRIBUTE,SS928 family; exact image match requires validation,local discovery only
repository,08_media/ss928-sdk-min/ss928v100_gcc-master/smp/a55_linux/mpp/out/lib/libot_aio.so,67936,5b0d6b2e4dc9c76f473d9e785cb8c7d36624269a178d1a43ce43002c1a9b3a69,AArch64,ELF64,False,True,vendor/archive/local backup,redistribution not established,DO_NOT_DISTRIBUTE,SS928 family; exact image match requires validation,local discovery only
repository,08_media/ss928-sdk-min/ss928v100_gcc-master/smp/a55_linux/mpp/out/lib/libot_ao.so,67648,403ca6418c9a3f2a93530418579157ada062cc8fe1626060d0131d604a4fef38,AArch64,ELF64,False,True,vendor/archive/local backup,redistribution not established,DO_NOT_DISTRIBUTE,SS928 family; exact image match requires validation,local discovery only
repository,08_media/ss928-sdk-min/ss928v100_gcc-master/smp/a55_linux/mpp/out/lib/libot_base.so,133776,5a22f35743465524df73af0b276884c5e4cd7b58b5f93fcb3139500516a53d40,AArch64,ELF64,False,True,vendor/archive/local backup,redistribution not established,DO_NOT_DISTRIBUTE,SS928 family; exact image match requires validation,local discovery only
repository,08_media/ss928-sdk-min/ss928v100_gcc-master/smp/a55_linux/mpp/out/lib/libot_chnl.so,67560,eddc9e55195bdffe039a3e73422f713bcbdde7d1a2c7a28625c3a895e14b5618,AArch64,ELF64,False,True,vendor/archive/local backup,redistribution not established,DO_NOT_DISTRIBUTE,SS928 family; exact image match requires validation,local discovery only
repository,08_media/ss928-sdk-min/ss928v100_gcc-master/smp/a55_linux/mpp/out/lib/libot_dis.so,133072,82075c25735ea597fb967ab1078a959db7063c00369701685dc90e9c3e3c8736,AArch64,ELF64,False,True,vendor/archive/local backup,redistribution not established,DO_NOT_DISTRIBUTE,SS928 family; exact image match requires validation,local discovery only
repository,08_media/ss928-sdk-min/ss928v100_gcc-master/smp/a55_linux/mpp/out/lib/libot_gdc.so,199208,b01816c35a84123795f59631552bc84aac7b7763de9a73968810d5dcf9e95022,AArch64,ELF64,False,True,vendor/archive/local backup,redistribution not established,DO_NOT_DISTRIBUTE,SS928 family; exact image match requires validation,local discovery only
repository,08_media/ss928-sdk-min/ss928v100_gcc-master/smp/a55_linux/mpp/out/lib/libot_gyrodis.so,67728,a6c9e25a7a9cf27aa6a252e6537a333644f14f00c231c2843a36d860cf9dc793,AArch64,ELF64,False,True,vendor/archive/local backup,redistribution not established,DO_NOT_DISTRIBUTE,SS928 family; exact image match requires validation,local discovery only
repository,08_media/ss928-sdk-min/ss928v100_gcc-master/smp/a55_linux/mpp/out/lib/libot_h264e.so,199232,46077b0c51e1f7f6d4a950e970face8dc30180328419c03996386f598c5cb10d,AArch64,ELF64,False,True,vendor/archive/local backup,redistribution not established,DO_NOT_DISTRIBUTE,SS928 family; exact image match requires validation,local discovery only
repository,08_media/ss928-sdk-min/ss928v100_gcc-master/smp/a55_linux/mpp/out/lib/libot_h265e.so,199280,70283de3fe0c363bca752143eeb100010b0ee5f24a6f6cd3bb8aee7f780e7144,AArch64,ELF64,False,True,vendor/archive/local backup,redistribution not established,DO_NOT_DISTRIBUTE,SS928 family; exact image match requires validation,local discovery only
repository,08_media/ss928-sdk-min/ss928v100_gcc-master/smp/a55_linux/mpp/out/lib/libot_irq.so,67352,1e36e2c9f4e534be2bbeacc5930a89d06afff3d1c4f4785c1c9d37f75ca5ff7a,AArch64,ELF64,False,True,vendor/archive/local backup,redistribution not established,DO_NOT_DISTRIBUTE,SS928 family; exact image match requires validation,local discovery only
repository,08_media/ss928-sdk-min/ss928v100_gcc-master/smp/a55_linux/mpp/out/lib/libot_isp.so,265632,78f7035232e51e7e1d25f5a0c69b9c3f1a7623759a0551478a19595a1bbb3fc4,AArch64,ELF64,False,True,vendor/archive/local backup,redistribution not established,DO_NOT_DISTRIBUTE,SS928 family; exact image match requires validation,local discovery only
repository,08_media/ss928-sdk-min/ss928v100_gcc-master/smp/a55_linux/mpp/out/lib/libot_jpegd.so,67872,0736316e2914d770c68490e55b03726f821b526ffa57642cf185437f286f9099,AArch64,ELF64,False,True,vendor/archive/local backup,redistribution not established,DO_NOT_DISTRIBUTE,SS928 family; exact image match requires validation,local discovery only
repository,08_media/ss928-sdk-min/ss928v100_gcc-master/smp/a55_linux/mpp/out/lib/libot_jpege.so,133296,294741c130ce158176297a7840c1dc1b9c9efc41804588b12fda3f9db1df1d17,AArch64,ELF64,False,True,vendor/archive/local backup,redistribution not established,DO_NOT_DISTRIBUTE,SS928 family; exact image match requires validation,local discovery only
repository,08_media/ss928-sdk-min/ss928v100_gcc-master/smp/a55_linux/mpp/out/lib/libot_motionfusion_user.so,67672,8dd5a1182a3ffb4f26304d941763f22a9e1fca5e71c92867192fb76c3f8ad5c2,AArch64,ELF64,False,True,vendor/archive/local backup,redistribution not established,DO_NOT_DISTRIBUTE,SS928 family; exact image match requires validation,local discovery only
repository,08_media/ss928-sdk-min/ss928v100_gcc-master/smp/a55_linux/mpp/out/lib/libot_mpi_isp.so,666056,881defd73c7ad1121bd4ada0332821653c5a276b7d6a94b8d8900988af780d8f,AArch64,ELF64,False,True,vendor/archive/local backup,redistribution not established,DO_NOT_DISTRIBUTE,SS928 family; exact image match requires validation,local discovery only
repository,08_media/ss928-sdk-min/ss928v100_gcc-master/smp/a55_linux/mpp/out/lib/libot_osal.so,67392,27331a7487521486ecb4c5550756bbe13a90c765f648f0dcf8553b1c3fa4805e,AArch64,ELF64,False,True,vendor/archive/local backup,redistribution not established,DO_NOT_DISTRIBUTE,SS928 family; exact image match requires validation,local discovery only
repository,08_media/ss928-sdk-min/ss928v100_gcc-master/smp/a55_linux/mpp/out/lib/libot_piris.so,67416,4fd31412367121842ff0eb63553561105e6f907e242d2b8979f350c2940554c6,AArch64,ELF64,False,True,vendor/archive/local backup,redistribution not established,DO_NOT_DISTRIBUTE,SS928 family; exact image match requires validation,local discovery only
repository,08_media/ss928-sdk-min/ss928v100_gcc-master/smp/a55_linux/mpp/out/lib/libot_pwm.so,67416,e647980043aabc4ab9a6bf00007f3c4bd1f36d2f17cc99ad2fb8085278f3f492,AArch64,ELF64,False,True,vendor/archive/local backup,redistribution not established,DO_NOT_DISTRIBUTE,SS928 family; exact image match requires validation,local discovery only
repository,08_media/ss928-sdk-min/ss928v100_gcc-master/smp/a55_linux/mpp/out/lib/libot_rc.so,133424,ae7761c2d4ec787df0b3817ce745cc266712a2d6c8b5462c0bdd108771ea3d3e,AArch64,ELF64,False,True,vendor/archive/local backup,redistribution not established,DO_NOT_DISTRIBUTE,SS928 family; exact image match requires validation,local discovery only
repository,08_media/ss928-sdk-min/ss928v100_gcc-master/smp/a55_linux/mpp/out/lib/libot_rgn.so,133312,11ff0cc31f3bc9acf9fa4c103d5ea2ad381b1ef4705b18deb0d9695c883185df,AArch64,ELF64,False,True,vendor/archive/local backup,redistribution not established,DO_NOT_DISTRIBUTE,SS928 family; exact image match requires validation,local discovery only
repository,08_media/ss928-sdk-min/ss928v100_gcc-master/smp/a55_linux/mpp/out/lib/libot_sample_ist.so,67640,cb76cf059cd2a249e1178f93fd1ba95e32ea73ff05906a18764084755a08c070,AArch64,ELF64,False,True,vendor/archive/local backup,redistribution not established,DO_NOT_DISTRIBUTE,SS928 family; exact image match requires validation,local discovery only
repository,08_media/ss928-sdk-min/ss928v100_gcc-master/smp/a55_linux/mpp/out/lib/libot_sensor_i2c.so,67384,56a10ffacbbb8b8f3367965b7ad41dc93639653ea8286b1b2de2a3a233cee41a,AArch64,ELF64,False,True,vendor/archive/local backup,redistribution not established,DO_NOT_DISTRIBUTE,SS928 family; exact image match requires validation,local discovery only
repository,08_media/ss928-sdk-min/ss928v100_gcc-master/smp/a55_linux/mpp/out/lib/libot_sensor_spi.so,67352,64eebef7289d61ed9300d33c0ade2e17c3be018116ce492c926509b727629867,AArch64,ELF64,False,True,vendor/archive/local backup,redistribution not established,DO_NOT_DISTRIBUTE,SS928 family; exact image match requires validation,local discovery only
repository,08_media/ss928-sdk-min/ss928v100_gcc-master/smp/a55_linux/mpp/out/lib/libot_sys.so,199040,b70566a224f6e962a7a68563537dbc1b269fbf03cadfe8ed7f704b7e23633df3,AArch64,ELF64,False,True,vendor/archive/local backup,redistribution not established,DO_NOT_DISTRIBUTE,SS928 family; exact image match requires validation,local discovery only
repository,08_media/ss928-sdk-min/ss928v100_gcc-master/smp/a55_linux/mpp/out/lib/libot_vdec.so,198728,668ee6325d42656dcc164296121217b517d7a514b59f87ae0950e596beb55a7f,AArch64,ELF64,False,True,vendor/archive/local backup,redistribution not established,DO_NOT_DISTRIBUTE,SS928 family; exact image match requires validation,local discovery only
repository,08_media/ss928-sdk-min/ss928v100_gcc-master/smp/a55_linux/mpp/out/lib/libot_vedu.so,67952,d865176b3655ee43eb4442c2419a4c2710f9f2a785dcf455c92c23f19d893979,AArch64,ELF64,False,True,vendor/archive/local backup,redistribution not established,DO_NOT_DISTRIBUTE,SS928 family; exact image match requires validation,local discovery only
repository,08_media/ss928-sdk-min/ss928v100_gcc-master/smp/a55_linux/mpp/out/lib/libot_venc.so,330928,401435c197d67d68f7142fdca3b4bc0b7d492c6db53e395d84f8020b5e56d179,AArch64,ELF64,False,True,vendor/archive/local backup,redistribution not established,DO_NOT_DISTRIBUTE,SS928 family; exact image match requires validation,local discovery only
repository,08_media/ss928-sdk-min/ss928v100_gcc-master/smp/a55_linux/mpp/out/lib/libot_vfmw.so,637528,2203e978d4a0155697c8e14798503e8e20002df35df7d3599e3ad43af3c02078,AArch64,ELF64,False,True,vendor/archive/local backup,redistribution not established,DO_NOT_DISTRIBUTE,SS928 family; exact image match requires validation,local discovery only
repository,08_media/ss928-sdk-min/ss928v100_gcc-master/smp/a55_linux/mpp/out/lib/libot_vgs.so,264520,10b0fff3a3bf65bda04b73b38cb6a4b011229ef00f1aa7a0091bbaf4bc77bd82,AArch64,ELF64,False,True,vendor/archive/local backup,redistribution not established,DO_NOT_DISTRIBUTE,SS928 family; exact image match requires validation,local discovery only
repository,08_media/ss928-sdk-min/ss928v100_gcc-master/smp/a55_linux/mpp/out/lib/libot_vi.so,527736,800d35b3e8aac7edc9661fc87d25001e183636282011cd37ab73342c36d99256,AArch64,ELF64,False,True,vendor/archive/local backup,redistribution not established,DO_NOT_DISTRIBUTE,SS928 family; exact image match requires validation,local discovery only
repository,08_media/ss928-sdk-min/ss928v100_gcc-master/smp/a55_linux/mpp/out/lib/libot_vo.so,401152,7865f6541e19284e57a27f548d28d8ed604320d745647967752066bec6028dee,AArch64,ELF64,False,True,vendor/archive/local backup,redistribution not established,DO_NOT_DISTRIBUTE,SS928 family; exact image match requires validation,local discovery only
repository,08_media/ss928-sdk-min/ss928v100_gcc-master/smp/a55_linux/mpp/out/lib/libot_vpp.so,198896,a2b33e32d171733138d1f82d7c738904dad2eff9c37d9de001aaa03a5697702e,AArch64,ELF64,False,True,vendor/archive/local backup,redistribution not established,DO_NOT_DISTRIBUTE,SS928 family; exact image match requires validation,local discovery only
repository,08_media/ss928-sdk-min/ss928v100_gcc-master/smp/a55_linux/mpp/out/lib/libot_vpss.so,461080,c3c83b73c720f1af5cbd2d9377881f81aa27a7116b0067117c4ae5a561025e54,AArch64,ELF64,False,True,vendor/archive/local backup,redistribution not established,DO_NOT_DISTRIBUTE,SS928 family; exact image match requires validation,local discovery only
repository,08_media/ss928-sdk-min/ss928v100_gcc-master/smp/a55_linux/mpp/out/lib/libsecurec.so,67520,28a23b130a823689f2f3378eb5624b7cb43946f9d49ef6af58247f1bb696b318,AArch64,ELF64,False,True,vendor/archive/local backup,redistribution not established,DO_NOT_DISTRIBUTE,SS928 family; exact image match requires validation,local discovery only
repository,08_media/ss928-sdk-min/ss928v100_gcc-master/smp/a55_linux/mpp/out/lib/libsns_hy_s0603.so,135896,18e33df588697fb81c416180ecd05ad6520f3fa7f6c1e19110d30f3706f53e98,AArch64,ELF64,False,True,vendor/archive/local backup,redistribution not established,DO_NOT_DISTRIBUTE,SS928 family; exact image match requires validation,local discovery only
repository,08_media/ss928-sdk-min/ss928v100_gcc-master/smp/a55_linux/mpp/out/lib/libss_acs.so,68376,9aba44ba3cdbe69e22c61e738dd914015ef09da73ff7c4514bdc6c5e85d79fd3,AArch64,ELF64,False,True,vendor/archive/local backup,redistribution not established,DO_NOT_DISTRIBUTE,SS928 family; exact image match requires validation,local discovery only
repository,08_media/ss928-sdk-min/ss928v100_gcc-master/smp/a55_linux/mpp/out/lib/libss_ae.so,264320,ef1dc3e532e641dcf87de77d7a6e6e150795d280a62f46ea70b9f15a2f806823,AArch64,ELF64,False,True,vendor/archive/local backup,redistribution not established,DO_NOT_DISTRIBUTE,SS928 family; exact image match requires validation,local discovery only
repository,08_media/ss928-sdk-min/ss928v100_gcc-master/smp/a55_linux/mpp/out/lib/libss_awb.so,132888,65774885ccb3a3b34d515b17997b4f48d4cae220e93f12139211d7ed95486187,AArch64,ELF64,False,True,vendor/archive/local backup,redistribution not established,DO_NOT_DISTRIBUTE,SS928 family; exact image match requires validation,local discovery only
repository,08_media/ss928-sdk-min/ss928v100_gcc-master/smp/a55_linux/mpp/out/lib/libss_bnr.so,67488,7ba6b878bcb726775c18f25fc006e5882fbb074f01d0039b6761be8395a9696d,AArch64,ELF64,False,True,vendor/archive/local backup,redistribution not established,DO_NOT_DISTRIBUTE,SS928 family; exact image match requires validation,local discovery only
repository,08_media/ss928-sdk-min/ss928v100_gcc-master/smp/a55_linux/mpp/out/lib/libss_calcflicker.so,67352,6c47fa764582d066caa9f195e020a31297d36e864e241c0c1c808627465e625c,AArch64,ELF64,False,True,vendor/archive/local backup,redistribution not established,DO_NOT_DISTRIBUTE,SS928 family; exact image match requires validation,local discovery only
repository,08_media/ss928-sdk-min/ss928v100_gcc-master/smp/a55_linux/mpp/out/lib/libss_cipher.so,67408,bc2b15ba6826b0c72beb799e0103a1e8f1d5e514593edbd46507f42b580490e0,AArch64,ELF64,False,True,vendor/archive/local backup,redistribution not established,DO_NOT_DISTRIBUTE,SS928 family; exact image match requires validation,local discovery only
repository,08_media/ss928-sdk-min/ss928v100_gcc-master/smp/a55_linux/mpp/out/lib/libss_crb.so,67352,acee22cad9274be44c7c298759d68642e078139748a2f3a3d441c8946e1aa1db,AArch64,ELF64,False,True,vendor/archive/local backup,redistribution not established,DO_NOT_DISTRIBUTE,SS928 family; exact image match requires validation,local discovery only
repository,08_media/ss928-sdk-min/ss928v100_gcc-master/smp/a55_linux/mpp/out/lib/libss_dehaze.so,67352,7ce0724127a94c9de5ee333c1150e28345a05bb587bfbeaf09c494f32bcf247f,AArch64,ELF64,False,True,vendor/archive/local backup,redistribution not established,DO_NOT_DISTRIBUTE,SS928 family; exact image match requires validation,local discovery only
repository,08_media/ss928-sdk-min/ss928v100_gcc-master/smp/a55_linux/mpp/out/lib/libss_dnvqe.so,68192,79fa34dde1e9f449eb73c9018058bd560e079878cdb7397bbe7e0173f09238f5,AArch64,ELF64,False,True,vendor/archive/local backup,redistribution not established,DO_NOT_DISTRIBUTE,SS928 family; exact image match requires validation,local discovery only
repository,08_media/ss928-sdk-min/ss928v100_gcc-master/smp/a55_linux/mpp/out/lib/libss_dpu_match.so,133080,dcf3e23b01329f45fb750a6719e2fa2cbf48fbb04b44e4387b83ff4522431696,AArch64,ELF64,False,True,vendor/archive/local backup,redistribution not established,DO_NOT_DISTRIBUTE,SS928 family; exact image match requires validation,local discovery only
repository,08_media/ss928-sdk-min/ss928v100_gcc-master/smp/a55_linux/mpp/out/lib/libss_dpu_rect.so,133080,3c2669113c60e81da0933d83e5d3da9bbc7733d216a0e6b1b38928717f57548d,AArch64,ELF64,False,True,vendor/archive/local backup,redistribution not established,DO_NOT_DISTRIBUTE,SS928 family; exact image match requires validation,local discovery only
repository,08_media/ss928-sdk-min/ss928v100_gcc-master/smp/a55_linux/mpp/out/lib/libss_drc.so,67352,aa408e5aae74d19739f7e0237015c5e902a3fb94c0eba65bf39ef0b75969947f,AArch64,ELF64,False,True,vendor/archive/local backup,redistribution not established,DO_NOT_DISTRIBUTE,SS928 family; exact image match requires validation,local discovery only
repository,08_media/ss928-sdk-min/ss928v100_gcc-master/smp/a55_linux/mpp/out/lib/libss_extend_stats.so,67352,0afc74d86e951fa52ece43a1feca1ed0e2cacf076abd1bbea1289a73469f1d10,AArch64,ELF64,False,True,vendor/archive/local backup,redistribution not established,DO_NOT_DISTRIBUTE,SS928 family; exact image match requires validation,local discovery only
repository,08_media/ss928-sdk-min/ss928v100_gcc-master/smp/a55_linux/mpp/out/lib/libss_fisheye_calibrate.so,67352,c1ef9654240051a6290a64365c26fb9deda2a4746813c0c1fa1a22fce84011e2,AArch64,ELF64,False,True,vendor/archive/local backup,redistribution not established,DO_NOT_DISTRIBUTE,SS928 family; exact image match requires validation,local discovery only
repository,08_media/ss928-sdk-min/ss928v100_gcc-master/smp/a55_linux/mpp/out/lib/libss_hdmi.so,67352,38b7d3dff204e77afa23f09c7742b1e6190ec9f68c3b5f04ce287a7856c09518,AArch64,ELF64,False,True,vendor/archive/local backup,redistribution not established,DO_NOT_DISTRIBUTE,SS928 family; exact image match requires validation,local discovery only
repository,08_media/ss928-sdk-min/ss928v100_gcc-master/smp/a55_linux/mpp/out/lib/libss_hnr.so,4262016,6a25cc89c9e6da2629973a312c2bf4a9036d8daf5f111e53a4f2e1b638072970,AArch64,ELF64,False,True,vendor/archive/local backup,redistribution not established,DO_NOT_DISTRIBUTE,SS928 family; exact image match requires validation,local discovery only
repository,08_media/ss928-sdk-min/ss928v100_gcc-master/smp/a55_linux/mpp/out/lib/libss_ir_auto.so,67352,1cf216f1873118d2809ae13bb6b3d7484268ce3626f20601f454667fbe4ed176,AArch64,ELF64,False,True,vendor/archive/local backup,redistribution not established,DO_NOT_DISTRIBUTE,SS928 family; exact image match requires validation,local discovery only
repository,08_media/ss928-sdk-min/ss928v100_gcc-master/smp/a55_linux/mpp/out/lib/libss_isp.so,67280,d6a8311c18b7f06cd0081efa0298115a6aeff3adf479a4f78bda123d8fec687f,AArch64,ELF64,False,True,vendor/archive/local backup,redistribution not established,DO_NOT_DISTRIBUTE,SS928 family; exact image match requires validation,local discovery only
repository,08_media/ss928-sdk-min/ss928v100_gcc-master/smp/a55_linux/mpp/out/lib/libss_ive.so,329696,315f6e018d640e30cd6e690dc3473070acf348b51401d9b4ff4e4d235e53b9e4,AArch64,ELF64,False,True,vendor/archive/local backup,redistribution not established,DO_NOT_DISTRIBUTE,SS928 family; exact image match requires validation,local discovery only
repository,08_media/ss928-sdk-min/ss928v100_gcc-master/smp/a55_linux/mpp/out/lib/libss_klad.so,67408,27b8c2cc2fc960ca875b12c4d294312c012ef5767921a4cd2be41f5eaa65d5ae,AArch64,ELF64,False,True,vendor/archive/local backup,redistribution not established,DO_NOT_DISTRIBUTE,SS928 family; exact image match requires validation,local discovery only
repository,08_media/ss928-sdk-min/ss928v100_gcc-master/smp/a55_linux/mpp/out/lib/libss_ldci.so,67352,89ad56c6373583e1c79c47b40984b29b27bb6094cfaedb5a9cfb152d310721fa,AArch64,ELF64,False,True,vendor/archive/local backup,redistribution not established,DO_NOT_DISTRIBUTE,SS928 family; exact image match requires validation,local discovery only
repository,08_media/ss928-sdk-min/ss928v100_gcc-master/smp/a55_linux/mpp/out/lib/libss_mau.so,133088,bc7d4788856bfb2b3d95c8a806917ee00a6f82ff8584413f19a823c21b46bb48,AArch64,ELF64,False,True,vendor/archive/local backup,redistribution not established,DO_NOT_DISTRIBUTE,SS928 family; exact image match requires validation,local discovery only
repository,08_media/ss928-sdk-min/ss928v100_gcc-master/smp/a55_linux/mpp/out/lib/libss_md.so,67352,f5accf601a6d4d04de24e64e6af7702cbdd46956b07f5b2475c3877f3ea38f9d,AArch64,ELF64,False,True,vendor/archive/local backup,redistribution not established,DO_NOT_DISTRIBUTE,SS928 family; exact image match requires validation,local discovery only
repository,08_media/ss928-sdk-min/ss928v100_gcc-master/smp/a55_linux/mpp/out/lib/libss_motionfusion.so,67352,3ba225d78a3a20e966771321d7dbf01c8c51cd4e7e1e8da6f67eaacc10d0acfa,AArch64,ELF64,False,True,vendor/archive/local backup,redistribution not established,DO_NOT_DISTRIBUTE,SS928 family; exact image match requires validation,local discovery only
repository,08_media/ss928-sdk-min/ss928v100_gcc-master/smp/a55_linux/mpp/out/lib/libss_mpi.so,614888,1fd93300e758c48a7cc872632710d62ee600152772c580ba65269f0f3f04832d,AArch64,ELF64,False,True,vendor/archive/local backup,redistribution not established,DO_NOT_DISTRIBUTE,SS928 family; exact image match requires validation,local discovery only
repository,08_media/ss928-sdk-min/ss928v100_gcc-master/smp/a55_linux/mpp/out/lib/libss_otp.so,67408,90e3d966a1ee0cf184b4931be0ce9f92824e14641122f0738ac1212d68e89ba7,AArch64,ELF64,False,True,vendor/archive/local backup,redistribution not established,DO_NOT_DISTRIBUTE,SS928 family; exact image match requires validation,local discovery only
repository,08_media/ss928-sdk-min/ss928v100_gcc-master/smp/a55_linux/mpp/out/lib/libss_pciv.so,67424,66232a833d1d9dd3caca13525babea2407194282fcfaca2f6ef0dd097c48d309,AArch64,ELF64,False,True,vendor/archive/local backup,redistribution not established,DO_NOT_DISTRIBUTE,SS928 family; exact image match requires validation,local discovery only
repository,08_media/ss928-sdk-min/ss928v100_gcc-master/smp/a55_linux/mpp/out/lib/libss_pqp.so,133568,10314150a4fe0b197755d25b755046bf934d7efb5d0465ee3ea62e555a0cd780,AArch64,ELF64,False,True,vendor/archive/local backup,redistribution not established,DO_NOT_DISTRIBUTE,SS928 family; exact image match requires validation,local discovery only
repository,08_media/ss928-sdk-min/ss928v100_gcc-master/smp/a55_linux/mpp/out/lib/libss_snap.so,67352,69d08ccd3022c28fe7522af8f760612ad5426bc1ea74f26703cb7dd8447a4c6c,AArch64,ELF64,False,True,vendor/archive/local backup,redistribution not established,DO_NOT_DISTRIBUTE,SS928 family; exact image match requires validation,local discovery only
repository,08_media/ss928-sdk-min/ss928v100_gcc-master/smp/a55_linux/mpp/out/lib/libss_tde.so,67352,26b19f7dd8c2a3650568afd6b200a8dc565aa364438f8060c760c6a3c022b3fe,AArch64,ELF64,False,True,vendor/archive/local backup,redistribution not established,DO_NOT_DISTRIBUTE,SS928 family; exact image match requires validation,local discovery only
repository,08_media/ss928-sdk-min/ss928v100_gcc-master/smp/a55_linux/mpp/out/lib/libss_upvqe.so,68192,23708bdd9db608e9f4b16bfc5c6671106e2b5b754a60c0caeaf8ee18c0a5bffb,AArch64,ELF64,False,True,vendor/archive/local backup,redistribution not established,DO_NOT_DISTRIBUTE,SS928 family; exact image match requires validation,local discovery only
repository,08_media/ss928-sdk-min/ss928v100_gcc-master/smp/a55_linux/mpp/out/lib/libss_voice_engine.so,69496,68c2b0e7d8eec41cd3c56225fd74622e9a958aa9382d7e63f9deed3f67d3b2f8,AArch64,ELF64,False,True,vendor/archive/local backup,redistribution not established,DO_NOT_DISTRIBUTE,SS928 family; exact image match requires validation,local discovery only
repository,08_media/ss928-sdk-min/ss928v100_gcc-master/smp/a55_linux/mpp/out/lib/libvqe_aec.so,67480,ed03397e3e8046c1820197654ee9e732941278a528388e2d9711c28800a7152f,AArch64,ELF64,False,True,vendor/archive/local backup,redistribution not established,DO_NOT_DISTRIBUTE,SS928 family; exact image match requires validation,local discovery only
repository,08_media/ss928-sdk-min/ss928v100_gcc-master/smp/a55_linux/mpp/out/lib/libvqe_agc.so,67480,62f4d14dea10f01d44bb064768d5feee2b346276c22b1417bb2700a3c277c203,AArch64,ELF64,False,True,vendor/archive/local backup,redistribution not established,DO_NOT_DISTRIBUTE,SS928 family; exact image match requires validation,local discovery only
repository,08_media/ss928-sdk-min/ss928v100_gcc-master/smp/a55_linux/mpp/out/lib/libvqe_anr.so,67480,0c47dfb6af21d8cdbfb81fc4d7c7b839efaa257e1ea875dfc6908955d7d5334a,AArch64,ELF64,False,True,vendor/archive/local backup,redistribution not established,DO_NOT_DISTRIBUTE,SS928 family; exact image match requires validation,local discovery only
repository,08_media/ss928-sdk-min/ss928v100_gcc-master/smp/a55_linux/mpp/out/lib/libvqe_common.so,67408,1774f08c921159bf196fb9adf21720096f5448fd8b53a6a7ba0675b5ce9320c5,AArch64,ELF64,False,True,vendor/archive/local backup,redistribution not established,DO_NOT_DISTRIBUTE,SS928 family; exact image match requires validation,local discovery only
repository,08_media/ss928-sdk-min/ss928v100_gcc-master/smp/a55_linux/mpp/out/lib/libvqe_eq.so,67480,6853c3f26507838890dce312e1a45a5a3e59a1453e0e06824b2ba4152cafea2d,AArch64,ELF64,False,True,vendor/archive/local backup,redistribution not established,DO_NOT_DISTRIBUTE,SS928 family; exact image match requires validation,local discovery only
repository,08_media/ss928-sdk-min/ss928v100_gcc-master/smp/a55_linux/mpp/out/lib/libvqe_hpf.so,67480,8b08b92aa644187270a359b50db40d855ab617be7cb7a1b2fc5d304defa14bf3,AArch64,ELF64,False,True,vendor/archive/local backup,redistribution not established,DO_NOT_DISTRIBUTE,SS928 family; exact image match requires validation,local discovery only
repository,08_media/ss928-sdk-min/ss928v100_gcc-master/smp/a55_linux/mpp/out/lib/libvqe_record.so,198784,3a3385eaa05152f07bc92055a7440d12c04727ab142fc0e774a934af18a0ea67,AArch64,ELF64,False,True,vendor/archive/local backup,redistribution not established,DO_NOT_DISTRIBUTE,SS928 family; exact image match requires validation,local discovery only
repository,08_media/ss928-sdk-min/ss928v100_gcc-master/smp/a55_linux/mpp/out/lib/libvqe_res.so,200456,ec643a4d6933b726478826911e2786364d05e274059a8119a81c81288c426607,AArch64,ELF64,False,True,vendor/archive/local backup,redistribution not established,DO_NOT_DISTRIBUTE,SS928 family; exact image match requires validation,local discovery only
repository,08_media/ss928-sdk-min/ss928v100_gcc-master/smp/a55_linux/mpp/out/lib/libvqe_talkv2.so,399256,05f3029a40a73d9d953d4ba389131e1a249c9ec0cc80751c145a1c213f5bd0ac,AArch64,ELF64,False,True,vendor/archive/local backup,redistribution not established,DO_NOT_DISTRIBUTE,SS928 family; exact image match requires validation,local discovery only
repository,08_media/ss928-sdk-min/ss928v100_gcc-master/smp/a55_linux/mpp/out/lib/svp_npu/libprotobuf-c.so,67456,a48b2b0e5f1c419dc58d500d4fea775f2f3a2507dba11fdd69f120081e525698,AArch64,ELF64,False,True,vendor/archive/local backup,redistribution not established,DO_NOT_DISTRIBUTE,SS928 family; exact image match requires validation,local discovery only
repository,08_media/ss928-sdk-min/ss928v100_gcc-master/smp/a55_linux/mpp/out/lib/svp_npu/libsvp_acl.a,1270092,8a2eb5cc746e0acb084bfe2dfe60796da13bbe66f8eee9642abf477329d9dec6,not-applicable,a,False,True,vendor/archive/local backup,redistribution not established,DO_NOT_DISTRIBUTE,SS928 family; exact image match requires validation,local discovery only
repository,08_media/ss928-sdk-min/ss928v100_gcc-master/smp/a55_linux/mpp/out/lib/svp_npu/libsvp_acl.so,462400,fc73d80ab946d8078fdc8b3f8ccfac28abbb7d339f2d658afaa540422283c9e0,AArch64,ELF64,False,True,vendor/archive/local backup,redistribution not established,DO_NOT_DISTRIBUTE,SS928 family; exact image match requires validation,local discovery only
repository,08_media/ss928-sdk-min/ss928v100_gcc-master/smp/a55_linux/mpp/out/lib/svp_npu/libsvp_aicpu.so,264112,ffa42649fbb28aa1b68585d0a634e9a4a0748220ae0d7f13e20679eb27611cf1,AArch64,ELF64,False,True,vendor/archive/local backup,redistribution not established,DO_NOT_DISTRIBUTE,SS928 family; exact image match requires validation,local discovery only
repository,08_media/ss928-yolo11s-runtime.tar.gz,7782785,9dfaebc4246fef87dd5bd1daf805ae2dda458eceff04ddf2d00ed9239fd63cc6,not-applicable,gz,False,True,local generated or runtime asset,unknown; manual review required,LOCAL_ONLY,SS928 family; exact image match requires validation,no portable success claim
repository,08_media/ss928-yolo11s-runtime/acl.json,2,44136fa355b3678a1146ad16f7e8649e94fb4fc21fe77e8310c060f61caaff8a,not-applicable,json,False,True,local generated or runtime asset,unknown; manual review required,LOCAL_ONLY,SS928 family; exact image match requires validation,no portable success claim
repository,08_media/ss928-yolo11s-runtime/lib/libsvp_acl.so,462400,fc73d80ab946d8078fdc8b3f8ccfac28abbb7d339f2d658afaa540422283c9e0,AArch64,ELF64,False,True,local generated or runtime asset,unknown; manual review required,LOCAL_ONLY,SS928 family; exact image match requires validation,no portable success claim
repository,08_media/yolo11s-build-acl/CMakeFiles/4.4.0/CMakeDetermineCompilerABI_C.bin,3945656,3e1fc534c303657b651411c7c237e9445be0ac9698baf2ff573caadac7752911,AArch64,ELF64,False,True,local generated or runtime asset,unknown; manual review required,LOCAL_ONLY,not established,no portable success claim
repository,08_media/yolo11s-build-acl/CMakeFiles/4.4.0/CMakeDetermineCompilerABI_CXX.bin,3945792,07c09643cb79411a1c616ebd6a026604f842671c7975a782c89b848306eb4456,AArch64,ELF64,False,True,local generated or runtime asset,unknown; manual review required,LOCAL_ONLY,not established,no portable success claim
repository,08_media/yolo11s-build-acl/CMakeFiles/CMakeConfigureLog.yaml,543802,a727fb1cbc3534348a0e99e3d50b469cf9263973b929befddd637abbb6630b1f,not-applicable,yaml,False,True,local generated or runtime asset,unknown; manual review required,LOCAL_ONLY,not established,no portable success claim
repository,08_media/yolo11s-build-acl/CMakeFiles/InstallScripts.json,256,9200924cf13ae668c53f17120e059a44509af10af8416b8d2ebdb392342e48c6,not-applicable,json,False,True,local generated or runtime asset,unknown; manual review required,LOCAL_ONLY,not established,no portable success claim
repository,08_media/yolo11s-build-acl/CMakeFiles/main.dir/main.cpp.o,233720,c8afdfe7939b6004552debb41bf07e1cf59700a36f8a7dcb6473a3e712baaf13,AArch64,ELF64,False,True,local generated or runtime asset,unknown; manual review required,LOCAL_ONLY,not established,no portable success claim
repository,08_media/yolo11s-build-acl/common_build/CMakeFiles/infer_common.dir/23dd3b4a94db2e32ae5b995424b683df/src/samples/samples_GPL/opensource/pillow-resize/src/PillowResize/PillowResize.cc.o,489744,aaf81c3d9372c9c9ac8174b5d297a05616cc2af53222bc1db5295cf59081cad7,AArch64,ELF64,False,True,local generated or runtime asset,unknown; manual review required,LOCAL_ONLY,not established,no portable success claim
repository,08_media/yolo11s-build-acl/common_build/CMakeFiles/infer_common.dir/infer/model.cpp.o,3090280,8441ea542d9e9c823cb823954c53a0e96406efa77da8f762ab245840886e0ee0,AArch64,ELF64,False,True,local generated or runtime asset,unknown; manual review required,LOCAL_ONLY,not established,no portable success claim
repository,08_media/yolo11s-build-acl/common_build/CMakeFiles/infer_common.dir/infer/platform/nnn/nnn.cpp.o,456552,300038dce2de40da9dbb1b3452d8774cfbbd9bbc3f3670890dc08b21913fedb5,AArch64,ELF64,False,True,local generated or runtime asset,unknown; manual review required,LOCAL_ONLY,not established,no portable success claim
repository,08_media/yolo11s-build-acl/common_build/CMakeFiles/infer_common.dir/infer/post_process/post_process.cpp.o,134568,d36205012193f8d156f9358ef198add3a79e04cdeb7a07ccff6417c0ad6855f4,AArch64,ELF64,False,True,local generated or runtime asset,unknown; manual review required,LOCAL_ONLY,not established,no portable success claim
repository,08_media/yolo11s-build-acl/common_build/CMakeFiles/infer_common.dir/infer/post_process/unet_postprocess.cpp.o,248336,06f7801cac6c3c672168ff4a660f515b55150afbcba40056332082ff211bf853,AArch64,ELF64,False,True,local generated or runtime asset,unknown; manual review required,LOCAL_ONLY,not established,no portable success claim
repository,08_media/yolo11s-build-acl/common_build/CMakeFiles/infer_common.dir/infer/post_process/yolo10_postprocess.cpp.o,698832,0a3c5e8c61802ea81336b7ffb497dd8cef1ade7b78f52d1d91dbdb5e6680b0b5,AArch64,ELF64,False,True,local generated or runtime asset,unknown; manual review required,LOCAL_ONLY,not established,no portable success claim
repository,08_media/yolo11s-build-acl/common_build/CMakeFiles/infer_common.dir/infer/post_process/yolo11s_pose_postprocess.cpp.o,958888,d365d0ef858b131f0041176c76f9c3e80a67c138609b14f02a64f8d0007e4c1f,AArch64,ELF64,False,True,local generated or runtime asset,unknown; manual review required,LOCAL_ONLY,not established,no portable success claim
repository,08_media/yolo11s-build-acl/common_build/CMakeFiles/infer_common.dir/infer/post_process/yolo11s_seg_postprocess.cpp.o,2178376,715cb216b4259374e5949d07b23f00879b6f0dee0b456967a30aedf938cc436b,AArch64,ELF64,False,True,local generated or runtime asset,unknown; manual review required,LOCAL_ONLY,not established,no portable success claim
repository,08_media/yolo11s-build-acl/common_build/CMakeFiles/infer_common.dir/infer/post_process/yolo3_postprocess.cpp.o,788848,e3c255a0bb9c57d651846ddcf3db293c5bfdd95d8b66609129e59fa08470d39d,AArch64,ELF64,False,True,local generated or runtime asset,unknown; manual review required,LOCAL_ONLY,not established,no portable success claim
repository,08_media/yolo11s-build-acl/common_build/CMakeFiles/infer_common.dir/infer/post_process/yolo6s_postprocess.cpp.o,667888,1db64a54d999f1e32d7dd2e6f3e5735bc0e9e7a1b0e8c874acc27469e4c66de7,AArch64,ELF64,False,True,local generated or runtime asset,unknown; manual review required,LOCAL_ONLY,not established,no portable success claim
repository,08_media/yolo11s-build-acl/common_build/CMakeFiles/infer_common.dir/infer/post_process/yolov7_postprocess.cpp.o,387776,c4a69182c7d7cec6ce76b06264d2d8da1b60e5481b0ffc51cabfd98f2e8227fb,AArch64,ELF64,False,True,local generated or runtime asset,unknown; manual review required,LOCAL_ONLY,not established,no portable success claim
repository,08_media/yolo11s-build-acl/common_build/CMakeFiles/infer_common.dir/infer/post_process/yolov8s_obb_postprocess.cpp.o,921880,a9309129f4d1d08ad17988409acf127d0b3a2cb983930c4cac8d637f3d2ca851,AArch64,ELF64,False,True,local generated or runtime asset,unknown; manual review required,LOCAL_ONLY,not established,no portable success claim
repository,08_media/yolo11s-build-acl/common_build/CMakeFiles/infer_common.dir/infer/post_process/yolov8s_postprocess.cpp.o,389408,6af75f89fae45916573377b8b3ee334da99ba2d1ed4c1e98b5d8c5214790c455,AArch64,ELF64,False,True,local generated or runtime asset,unknown; manual review required,LOCAL_ONLY,not established,no portable success claim
repository,08_media/yolo11s-build-acl/common_build/CMakeFiles/infer_common.dir/infer/post_process/yolov8s_seg_postprocess.cpp.o,2178376,c21c221bb7742377e0d6c37aceb9d6d2f0b5211be89f61b7c533e41292c08b62,AArch64,ELF64,False,True,local generated or runtime asset,unknown; manual review required,LOCAL_ONLY,not established,no portable success claim
repository,08_media/yolo11s-build-acl/common_build/CMakeFiles/infer_common.dir/infer/post_process/yolov8s_world_postprocess.cpp.o,375528,32210c09dbc435b3c8ba0180e58abea6d7f5ba73b66c6e3b8362b2b66b523ab1,AArch64,ELF64,False,True,local generated or runtime asset,unknown; manual review required,LOCAL_ONLY,not established,no portable success claim
repository,08_media/yolo11s-build-acl/common_build/CMakeFiles/infer_common.dir/infer/post_process/yolov9s_postprocess.cpp.o,585208,f64d233b84156a4c9a06c59aeed7e75369091bf51a96d15924dab1f692c80d84,AArch64,ELF64,False,True,local generated or runtime asset,unknown; manual review required,LOCAL_ONLY,not established,no portable success claim
repository,08_media/yolo11s-build-acl/common_build/CMakeFiles/infer_common.dir/infer/preprocess/image_process.cpp.o,3143640,777c0f23bd954e9700e4391dc59841594b37608e8a0ac096f35ec8ae36406c26,AArch64,ELF64,False,True,local generated or runtime asset,unknown; manual review required,LOCAL_ONLY,not established,no portable success claim
repository,08_media/yolo11s-build-acl/common_build/CMakeFiles/infer_common.dir/infer/preprocess/unet_preprocess.cpp.o,211992,ce0c1670155985cccdfd4bced79a95db0e067fad9e79d43edc68976d9cd0ec98,AArch64,ELF64,False,True,local generated or runtime asset,unknown; manual review required,LOCAL_ONLY,not established,no portable success claim
repository,08_media/yolo11s-build-acl/common_build/CMakeFiles/infer_common.dir/infer/preprocess/yolo11s_pose_preprocess.cpp.o,436024,891c468ae48fd105e3e5d587cb2756d43c1cd9a16cff84802baa83ba42906339,AArch64,ELF64,False,True,local generated or runtime asset,unknown; manual review required,LOCAL_ONLY,not established,no portable success claim
repository,08_media/yolo11s-build-acl/common_build/CMakeFiles/infer_common.dir/infer/preprocess/yolo11s_seg_preprocess.cpp.o,429336,8ec07b33f49f0cfdfee3c1aa7d5fe4da8b1b7792c7b90f52c717e3ed98c6abbe,AArch64,ELF64,False,True,local generated or runtime asset,unknown; manual review required,LOCAL_ONLY,not established,no portable success claim
repository,08_media/yolo11s-build-acl/common_build/CMakeFiles/infer_common.dir/infer/preprocess/yolo3_preprocess.cpp.o,243096,0c0c00aa0043a744dc8f7193d467bda57d140a74f6df64d370f73ce9a5344ab2,AArch64,ELF64,False,True,local generated or runtime asset,unknown; manual review required,LOCAL_ONLY,not established,no portable success claim
repository,08_media/yolo11s-build-acl/common_build/CMakeFiles/infer_common.dir/infer/preprocess/yolo6s_preprocess.cpp.o,436272,d2e39e2b6c3c5ff2f767590cff35a1b7732a9994c9d61cd886c1117e8f9c5631,AArch64,ELF64,False,True,local generated or runtime asset,unknown; manual review required,LOCAL_ONLY,not established,no portable success claim
repository,08_media/yolo11s-build-acl/common_build/CMakeFiles/infer_common.dir/infer/preprocess/yolov7_preprocess.cpp.o,241368,a3fb28ecfb240691dc3e6149a28ca6e11c7f493a34eb087be408f99bca33294a,AArch64,ELF64,False,True,local generated or runtime asset,unknown; manual review required,LOCAL_ONLY,not established,no portable success claim
repository,08_media/yolo11s-build-acl/common_build/CMakeFiles/infer_common.dir/infer/preprocess/yolov8s_obb_preprocess.cpp.o,401112,d7d3cc582371ac5aa7451c77e1f9d399f7f46a8cd48f3a5df01f8e941897eccc,AArch64,ELF64,False,True,local generated or runtime asset,unknown; manual review required,LOCAL_ONLY,not established,no portable success claim
repository,08_media/yolo11s-build-acl/common_build/CMakeFiles/infer_common.dir/infer/preprocess/yolov8s_preprocess.cpp.o,237264,464c63854f7f275b3ef4792fbc1624664bd4638e37d75264e6d363fa45951517,AArch64,ELF64,False,True,local generated or runtime asset,unknown; manual review required,LOCAL_ONLY,not established,no portable success claim
repository,08_media/yolo11s-build-acl/common_build/CMakeFiles/infer_common.dir/infer/preprocess/yolov8s_seg_preprocess.cpp.o,429336,65d75b9ed6f23ef5996760ecd262d6006d8050bed43867399323e02ea2f7007f,AArch64,ELF64,False,True,local generated or runtime asset,unknown; manual review required,LOCAL_ONLY,not established,no portable success claim
repository,08_media/yolo11s-build-acl/common_build/CMakeFiles/infer_common.dir/infer/preprocess/yolov8s_world_preprocess.cpp.o,331440,f421ca54207db248c99808f3731769e877f7a11d104329ca7c0a05b814754c66,AArch64,ELF64,False,True,local generated or runtime asset,unknown; manual review required,LOCAL_ONLY,not established,no portable success claim
repository,08_media/yolo11s-build-acl/common_build/CMakeFiles/infer_common.dir/infer/preprocess/yolov9s_preprocess.cpp.o,409224,8ca462f2c38c19b96f340f39525c6312b98efd983a5432c9cf148fcd3b6a991f,AArch64,ELF64,False,True,local generated or runtime asset,unknown; manual review required,LOCAL_ONLY,not established,no portable success claim
repository,08_media/yolo11s-build-acl/common_build/CMakeFiles/infer_common.dir/log/log.cpp.o,212160,40bf64d34c900cbff03bedff89baf3dc6e3651bc4ff63c7c91402e1b916633dd,AArch64,ELF64,False,True,local generated or runtime asset,unknown; manual review required,LOCAL_ONLY,not established,no portable success claim
repository,08_media/yolo11s-build-acl/common_build/CMakeFiles/infer_common.dir/utils/utils.cpp.o,305816,56507b8f1bead2fa92921c399a23332641468a68626497bb8a9f6873af146739,AArch64,ELF64,False,True,local generated or runtime asset,unknown; manual review required,LOCAL_ONLY,not established,no portable success claim
repository,08_media/yolo11s-build-acl/common_build/CMakeFiles/infer_utils.dir/infer/platform/nnn/nnn.cpp.o,456552,300038dce2de40da9dbb1b3452d8774cfbbd9bbc3f3670890dc08b21913fedb5,AArch64,ELF64,False,True,local generated or runtime asset,unknown; manual review required,LOCAL_ONLY,not established,no portable success claim
repository,08_media/yolo11s-build-acl/common_build/CMakeFiles/infer_utils.dir/log/log.cpp.o,212160,40bf64d34c900cbff03bedff89baf3dc6e3651bc4ff63c7c91402e1b916633dd,AArch64,ELF64,False,True,local generated or runtime asset,unknown; manual review required,LOCAL_ONLY,not established,no portable success claim
repository,08_media/yolo11s-build-acl/common_build/CMakeFiles/infer_utils_static.dir/infer/platform/nnn/nnn.cpp.o,456552,300038dce2de40da9dbb1b3452d8774cfbbd9bbc3f3670890dc08b21913fedb5,AArch64,ELF64,False,True,local generated or runtime asset,unknown; manual review required,LOCAL_ONLY,not established,no portable success claim
repository,08_media/yolo11s-build-acl/common_build/CMakeFiles/infer_utils_static.dir/log/log.cpp.o,212160,40bf64d34c900cbff03bedff89baf3dc6e3651bc4ff63c7c91402e1b916633dd,AArch64,ELF64,False,True,local generated or runtime asset,unknown; manual review required,LOCAL_ONLY,not established,no portable success claim
repository,08_media/yolo11s-build-acl/common_build/libinfer_common.a,22168504,660ad15a2a95244bd8cbf17056998ff6fb741b91fd27a7394ad0c409d6726baa,not-applicable,a,False,True,local generated or runtime asset,unknown; manual review required,LOCAL_ONLY,not established,no portable success claim
repository,08_media/yolo11s-build-acl/common_build/libinfer_utils.so,379632,59235c9874b4b7552ef9d69757b4d425bb63796e79b15d51fe101b347a7d3e60,AArch64,ELF64,False,True,local generated or runtime asset,unknown; manual review required,LOCAL_ONLY,not established,no portable success claim
repository,08_media/yolo11s-build-acl/common_build/libinfer_utils_static.a,672666,f139749273033e07f70da32a242f37407e8300440b409e2dcf06ce004a670134,not-applicable,a,False,True,local generated or runtime asset,unknown; manual review required,LOCAL_ONLY,not established,no portable success claim
repository,08_media/yolo11s-build-ss928-acl/CMakeFiles/4.4.0/CMakeDetermineCompilerABI_C.bin,3945664,37efa302cbbf953fd901686cc32670e41efe00ecdf3ac8e663ea3f3dfcd65a4c,AArch64,ELF64,False,True,local generated or runtime asset,unknown; manual review required,LOCAL_ONLY,SS928 family; exact image match requires validation,no portable success claim
repository,08_media/yolo11s-build-ss928-acl/CMakeFiles/4.4.0/CMakeDetermineCompilerABI_CXX.bin,3945800,57a006563105d1a4b3304a00d009a2b54606edeca5ccc71ef63f6dc280d8f1d8,AArch64,ELF64,False,True,local generated or runtime asset,unknown; manual review required,LOCAL_ONLY,SS928 family; exact image match requires validation,no portable success claim
repository,08_media/yolo11s-build-ss928-acl/CMakeFiles/CMakeConfigureLog.yaml,543910,716a20b81270dd3b2e0a44148c0a16db22c918ec2ebf3a700d19e0d079ef29f8,not-applicable,yaml,False,True,local generated or runtime asset,unknown; manual review required,LOCAL_ONLY,SS928 family; exact image match requires validation,no portable success claim
repository,08_media/yolo11s-build-ss928-acl/CMakeFiles/InstallScripts.json,268,6ff85968a698a89855da2356784cf69efd8eb0b6604a866a98dec8b6a018db59,not-applicable,json,False,True,local generated or runtime asset,unknown; manual review required,LOCAL_ONLY,SS928 family; exact image match requires validation,no portable success claim
repository,08_media/yolo11s-build-ss928-acl/CMakeFiles/main.dir/main.cpp.o,252384,17e631d4b6f236855c0b3d220f1e397911d8b223b91ed898d4bc89441064d87c,AArch64,ELF64,False,True,local generated or runtime asset,unknown; manual review required,LOCAL_ONLY,SS928 family; exact image match requires validation,no portable success claim
repository,08_media/yolo11s-build-ss928-acl/common_build/CMakeFiles/infer_common.dir/23dd3b4a94db2e32ae5b995424b683df/src/samples/samples_GPL/opensource/pillow-resize/src/PillowResize/PillowResize.cc.o,489744,f771e1ba940800f738ab33eef8bfe0692cfdb5bf363df5e4ed213cd18a993b2e,AArch64,ELF64,False,True,local generated or runtime asset,unknown; manual review required,LOCAL_ONLY,SS928 family; exact image match requires validation,no portable success claim
repository,08_media/yolo11s-build-ss928-acl/common_build/CMakeFiles/infer_common.dir/infer/model.cpp.o,3090280,ba72c5d5ce096c782ea9ff1b55391e86ce34949bb8bb0104cb6b86641c3c0599,AArch64,ELF64,False,True,local generated or runtime asset,unknown; manual review required,LOCAL_ONLY,SS928 family; exact image match requires validation,no portable success claim
repository,08_media/yolo11s-build-ss928-acl/common_build/CMakeFiles/infer_common.dir/infer/platform/nnn/nnn.cpp.o,476624,b2d2492cc1150299726b6a271d937eeb7deeeefb16c8624af9dfdb8588af4780,AArch64,ELF64,False,True,local generated or runtime asset,unknown; manual review required,LOCAL_ONLY,SS928 family; exact image match requires validation,no portable success claim
repository,08_media/yolo11s-build-ss928-acl/common_build/CMakeFiles/infer_common.dir/infer/post_process/post_process.cpp.o,134576,a81fce665d0638986c64083aa15ec9e3fac5b26fc9320fefde7e0a512c2dc6eb,AArch64,ELF64,False,True,local generated or runtime asset,unknown; manual review required,LOCAL_ONLY,SS928 family; exact image match requires validation,no portable success claim
repository,08_media/yolo11s-build-ss928-acl/common_build/CMakeFiles/infer_common.dir/infer/post_process/unet_postprocess.cpp.o,248344,bf918417f938a86741fbee2c54f279a0f595978736e4d58e5be07e7d51edc149,AArch64,ELF64,False,True,local generated or runtime asset,unknown; manual review required,LOCAL_ONLY,SS928 family; exact image match requires validation,no portable success claim
repository,08_media/yolo11s-build-ss928-acl/common_build/CMakeFiles/infer_common.dir/infer/post_process/yolo10_postprocess.cpp.o,698840,e30345d8564d64ddb9d5e72bcc81eaee5fc44cdbea1ed76f6a97c76aa3389c45,AArch64,ELF64,False,True,local generated or runtime asset,unknown; manual review required,LOCAL_ONLY,SS928 family; exact image match requires validation,no portable success claim
repository,08_media/yolo11s-build-ss928-acl/common_build/CMakeFiles/infer_common.dir/infer/post_process/yolo11s_pose_postprocess.cpp.o,958896,6fc831444532f3060a2882ab2875ccdbd904d56734985616882b228607a90fb8,AArch64,ELF64,False,True,local generated or runtime asset,unknown; manual review required,LOCAL_ONLY,SS928 family; exact image match requires validation,no portable success claim
repository,08_media/yolo11s-build-ss928-acl/common_build/CMakeFiles/infer_common.dir/infer/post_process/yolo11s_seg_postprocess.cpp.o,2178384,b81a5c8c949a55288893727b7ab00eb3e1514796421efd27669f9b066d4854ef,AArch64,ELF64,False,True,local generated or runtime asset,unknown; manual review required,LOCAL_ONLY,SS928 family; exact image match requires validation,no portable success claim
repository,08_media/yolo11s-build-ss928-acl/common_build/CMakeFiles/infer_common.dir/infer/post_process/yolo3_postprocess.cpp.o,788848,439ae3dbd9119c9b292a5f8cef6bc9371e51237f9edb60c128fa994e4c02058c,AArch64,ELF64,False,True,local generated or runtime asset,unknown; manual review required,LOCAL_ONLY,SS928 family; exact image match requires validation,no portable success claim
repository,08_media/yolo11s-build-ss928-acl/common_build/CMakeFiles/infer_common.dir/infer/post_process/yolo6s_postprocess.cpp.o,667896,df1b8f841ff8d8c6cff7825e7f91a2fb91bfd253ca32a138c4ff3a2fa6180a06,AArch64,ELF64,False,True,local generated or runtime asset,unknown; manual review required,LOCAL_ONLY,SS928 family; exact image match requires validation,no portable success claim
repository,08_media/yolo11s-build-ss928-acl/common_build/CMakeFiles/infer_common.dir/infer/post_process/yolov7_postprocess.cpp.o,387784,12b826b2954fe218d629eb43ec53fceaaadf83a3954188b9567a53928c209f72,AArch64,ELF64,False,True,local generated or runtime asset,unknown; manual review required,LOCAL_ONLY,SS928 family; exact image match requires validation,no portable success claim
repository,08_media/yolo11s-build-ss928-acl/common_build/CMakeFiles/infer_common.dir/infer/post_process/yolov8s_obb_postprocess.cpp.o,921888,94f09a44b728dadf331bee59eb19c90382e4d19acaa7f8569b2f9d9d12c4be5a,AArch64,ELF64,False,True,local generated or runtime asset,unknown; manual review required,LOCAL_ONLY,SS928 family; exact image match requires validation,no portable success claim
repository,08_media/yolo11s-build-ss928-acl/common_build/CMakeFiles/infer_common.dir/infer/post_process/yolov8s_postprocess.cpp.o,389416,10c2e8e1552e4e9cc821d2f80e3a0e4df51702361e61fc5eb4c450f093ebdef8,AArch64,ELF64,False,True,local generated or runtime asset,unknown; manual review required,LOCAL_ONLY,SS928 family; exact image match requires validation,no portable success claim
repository,08_media/yolo11s-build-ss928-acl/common_build/CMakeFiles/infer_common.dir/infer/post_process/yolov8s_seg_postprocess.cpp.o,2178384,84c931734b2560e48ee5d7b39ac5663746e7490186b65ff4e1c98b0bac9d106c,AArch64,ELF64,False,True,local generated or runtime asset,unknown; manual review required,LOCAL_ONLY,SS928 family; exact image match requires validation,no portable success claim
repository,08_media/yolo11s-build-ss928-acl/common_build/CMakeFiles/infer_common.dir/infer/post_process/yolov8s_world_postprocess.cpp.o,375536,83ed47dddb635f561b4d3c41856fd96946055a2e7b906cc4b634a060e6e8725c,AArch64,ELF64,False,True,local generated or runtime asset,unknown; manual review required,LOCAL_ONLY,SS928 family; exact image match requires validation,no portable success claim
repository,08_media/yolo11s-build-ss928-acl/common_build/CMakeFiles/infer_common.dir/infer/post_process/yolov9s_postprocess.cpp.o,585216,a3483b5c9155b4906a3a8fa6c4102f7693043d4e6f090e7294ffb2a6bf4cf47f,AArch64,ELF64,False,True,local generated or runtime asset,unknown; manual review required,LOCAL_ONLY,SS928 family; exact image match requires validation,no portable success claim
repository,08_media/yolo11s-build-ss928-acl/common_build/CMakeFiles/infer_common.dir/infer/preprocess/image_process.cpp.o,3143648,280013030ca66bda14cd3fa3a0b6d8dc93b6618743f8af43bfc59fcf35119a98,AArch64,ELF64,False,True,local generated or runtime asset,unknown; manual review required,LOCAL_ONLY,SS928 family; exact image match requires validation,no portable success claim
repository,08_media/yolo11s-build-ss928-acl/common_build/CMakeFiles/infer_common.dir/infer/preprocess/unet_preprocess.cpp.o,211992,3c43f217d014208cbc3b3fb726717859deee59bd8dc33508d19d7bf39c874a96,AArch64,ELF64,False,True,local generated or runtime asset,unknown; manual review required,LOCAL_ONLY,SS928 family; exact image match requires validation,no portable success claim
repository,08_media/yolo11s-build-ss928-acl/common_build/CMakeFiles/infer_common.dir/infer/preprocess/yolo11s_pose_preprocess.cpp.o,436032,686d1f2fdd11d0e78cb69f3cbfa9417f1f46b1d8131df4f754744ee20652d803,AArch64,ELF64,False,True,local generated or runtime asset,unknown; manual review required,LOCAL_ONLY,SS928 family; exact image match requires validation,no portable success claim
repository,08_media/yolo11s-build-ss928-acl/common_build/CMakeFiles/infer_common.dir/infer/preprocess/yolo11s_seg_preprocess.cpp.o,429344,2e4997c44fc31c96db83f40910d1c0b44c3db61e50e2cbd9dc9b54642aba0044,AArch64,ELF64,False,True,local generated or runtime asset,unknown; manual review required,LOCAL_ONLY,SS928 family; exact image match requires validation,no portable success claim
repository,08_media/yolo11s-build-ss928-acl/common_build/CMakeFiles/infer_common.dir/infer/preprocess/yolo3_preprocess.cpp.o,243096,c382503598e914e96489af6638bfc650b990ca77f015a60854c82a497d976ed1,AArch64,ELF64,False,True,local generated or runtime asset,unknown; manual review required,LOCAL_ONLY,SS928 family; exact image match requires validation,no portable success claim
repository,08_media/yolo11s-build-ss928-acl/common_build/CMakeFiles/infer_common.dir/infer/preprocess/yolo6s_preprocess.cpp.o,436272,beec1f62ce14339eac8704c8d83a54957ecfc89778e3d3df8ff4fa422ee41a89,AArch64,ELF64,False,True,local generated or runtime asset,unknown; manual review required,LOCAL_ONLY,SS928 family; exact image match requires validation,no portable success claim
repository,08_media/yolo11s-build-ss928-acl/common_build/CMakeFiles/infer_common.dir/infer/preprocess/yolov7_preprocess.cpp.o,241368,340f2476dbddafb155373bb5b02ea9c36ff5a3037f26f89e071ba565ff69061d,AArch64,ELF64,False,True,local generated or runtime asset,unknown; manual review required,LOCAL_ONLY,SS928 family; exact image match requires validation,no portable success claim
repository,08_media/yolo11s-build-ss928-acl/common_build/CMakeFiles/infer_common.dir/infer/preprocess/yolov8s_obb_preprocess.cpp.o,401120,6e07d1d7aa7e5b11348c0f62d00443bcb7a9a2dc836c0d0745e1abda7f80147d,AArch64,ELF64,False,True,local generated or runtime asset,unknown; manual review required,LOCAL_ONLY,SS928 family; exact image match requires validation,no portable success claim
repository,08_media/yolo11s-build-ss928-acl/common_build/CMakeFiles/infer_common.dir/infer/preprocess/yolov8s_preprocess.cpp.o,237272,6fbffecfc89ac7f630aa448cac41ed3dca6c4bb97888232aca865d019b1b4a3a,AArch64,ELF64,False,True,local generated or runtime asset,unknown; manual review required,LOCAL_ONLY,SS928 family; exact image match requires validation,no portable success claim
repository,08_media/yolo11s-build-ss928-acl/common_build/CMakeFiles/infer_common.dir/infer/preprocess/yolov8s_seg_preprocess.cpp.o,429336,3514691b5fbbc97a7d0e07cf95073644f44a31d2fbe5fc96f7b779202b986c5c,AArch64,ELF64,False,True,local generated or runtime asset,unknown; manual review required,LOCAL_ONLY,SS928 family; exact image match requires validation,no portable success claim
repository,08_media/yolo11s-build-ss928-acl/common_build/CMakeFiles/infer_common.dir/infer/preprocess/yolov8s_world_preprocess.cpp.o,331448,c0372eb26f0da5d3be6a94b8e543c7e695a19dd35cd04ba75c2060ebdcccbb51,AArch64,ELF64,False,True,local generated or runtime asset,unknown; manual review required,LOCAL_ONLY,SS928 family; exact image match requires validation,no portable success claim
repository,08_media/yolo11s-build-ss928-acl/common_build/CMakeFiles/infer_common.dir/infer/preprocess/yolov9s_preprocess.cpp.o,409232,f0117d33ed769313d5cc1cab073dfe42c229687dee46a97896492fdac61ce4c5,AArch64,ELF64,False,True,local generated or runtime asset,unknown; manual review required,LOCAL_ONLY,SS928 family; exact image match requires validation,no portable success claim
repository,08_media/yolo11s-build-ss928-acl/common_build/CMakeFiles/infer_common.dir/log/log.cpp.o,212168,730d32b52bf0769a6c41eea9e42231895f9db1ce2b00bd6b77b509d50453b668,AArch64,ELF64,False,True,local generated or runtime asset,unknown; manual review required,LOCAL_ONLY,SS928 family; exact image match requires validation,no portable success claim
repository,08_media/yolo11s-build-ss928-acl/common_build/CMakeFiles/infer_common.dir/utils/utils.cpp.o,305824,d1cd70bef142e3e064d01aef80075b7aa5e2eccf941b177e777645d9eeaaea08,AArch64,ELF64,False,True,local generated or runtime asset,unknown; manual review required,LOCAL_ONLY,SS928 family; exact image match requires validation,no portable success claim
repository,08_media/yolo11s-build-ss928-acl/common_build/CMakeFiles/infer_utils.dir/infer/platform/nnn/nnn.cpp.o,456040,11216f836c4ad288a7db110c0114fc6aa657bf4bdf85e02ad58d3dc3fe6600ed,AArch64,ELF64,False,True,local generated or runtime asset,unknown; manual review required,LOCAL_ONLY,SS928 family; exact image match requires validation,no portable success claim
repository,08_media/yolo11s-build-ss928-acl/common_build/CMakeFiles/infer_utils.dir/log/log.cpp.o,212168,730d32b52bf0769a6c41eea9e42231895f9db1ce2b00bd6b77b509d50453b668,AArch64,ELF64,False,True,local generated or runtime asset,unknown; manual review required,LOCAL_ONLY,SS928 family; exact image match requires validation,no portable success claim
repository,08_media/yolo11s-build-ss928-acl/common_build/CMakeFiles/infer_utils_static.dir/infer/platform/nnn/nnn.cpp.o,456040,11216f836c4ad288a7db110c0114fc6aa657bf4bdf85e02ad58d3dc3fe6600ed,AArch64,ELF64,False,True,local generated or runtime asset,unknown; manual review required,LOCAL_ONLY,SS928 family; exact image match requires validation,no portable success claim
repository,08_media/yolo11s-build-ss928-acl/common_build/CMakeFiles/infer_utils_static.dir/log/log.cpp.o,212168,730d32b52bf0769a6c41eea9e42231895f9db1ce2b00bd6b77b509d50453b668,AArch64,ELF64,False,True,local generated or runtime asset,unknown; manual review required,LOCAL_ONLY,SS928 family; exact image match requires validation,no portable success claim
repository,08_media/yolo11s-build-ss928-acl/common_build/libinfer_common.a,22188744,f8ff50b2ff12c163b370976c3304eecbb316d485e740fa41af56306a6b2bf14c,not-applicable,a,False,True,local generated or runtime asset,unknown; manual review required,LOCAL_ONLY,SS928 family; exact image match requires validation,no portable success claim
repository,08_media/yolo11s-build-ss928-acl/common_build/libinfer_utils.so,379432,976a50d959b7e180e5c197e30d413bf5ad3185220f5f079a6185a112576b5877,AArch64,ELF64,False,True,local generated or runtime asset,unknown; manual review required,LOCAL_ONLY,SS928 family; exact image match requires validation,no portable success claim
repository,08_media/yolo11s-build-ss928-acl/common_build/libinfer_utils_static.a,672162,d871e1c904ae869506732f305a014eef943a8f5f601999c3277e2b11c60316fa,not-applicable,a,False,True,local generated or runtime asset,unknown; manual review required,LOCAL_ONLY,SS928 family; exact image match requires validation,no portable success claim
repository,08_media/yolo11s-build-zig/CMakeFiles/CMakeConfigureLog.yaml,372,de50b73b640f07c0ca651739c39a925c37e578a8391419080d04eb71f8d45f39,not-applicable,yaml,False,True,local generated or runtime asset,unknown; manual review required,LOCAL_ONLY,not established,no portable success claim
repository,08_media/yolo11s-build-zig2/CMakeFiles/4.4.0/CMakeDetermineCompilerABI_C.bin,3928952,1328488ca45e602e2659585960649cfdb26d7b858ff1c1e0ddf070269e046adc,AArch64,ELF64,False,True,local generated or runtime asset,unknown; manual review required,LOCAL_ONLY,not established,no portable success claim
repository,08_media/yolo11s-build-zig2/CMakeFiles/4.4.0/CMakeDetermineCompilerABI_CXX.bin,3929112,0b879f8bbd7314f93d413bc03b2f09bd79077b62b5f805e280fa596913403101,AArch64,ELF64,False,True,local generated or runtime asset,unknown; manual review required,LOCAL_ONLY,not established,no portable success claim
repository,08_media/yolo11s-build-zig2/CMakeFiles/CMakeConfigureLog.yaml,5478123,01ff09c8ab4aef2347c75dc5798d6b20050bc2c70af380782659cba7a4fd7ba6,not-applicable,yaml,False,True,local generated or runtime asset,unknown; manual review required,LOCAL_ONLY,not established,no portable success claim
repository,08_media/yolo11s-build-zig2/CMakeFiles/InstallScripts.json,258,312c73039a987cd12a5789f635e4fa7f0182833179211bf55afb1ac12118b48e,not-applicable,json,False,True,local generated or runtime asset,unknown; manual review required,LOCAL_ONLY,not established,no portable success claim
repository,08_media/yolo11s-build-zig2/CMakeFiles/main.dir/main.cpp.o,233720,8b71e8a367dac400ba469752b91ae3243c55cf4c739d6a0d49d4a5c429d0bd30,AArch64,ELF64,False,True,local generated or runtime asset,unknown; manual review required,LOCAL_ONLY,not established,no portable success claim
repository,08_media/yolo11s-build-zig2/common_build/CMakeFiles/infer_common.dir/23dd3b4a94db2e32ae5b995424b683df/src/samples/samples_GPL/opensource/pillow-resize/src/PillowResize/PillowResize.cc.o,489744,40dddccf6846ace396e32ffb3a54f6641b1a2173ef9ee2257e7284edbd5b8863,AArch64,ELF64,False,True,local generated or runtime asset,unknown; manual review required,LOCAL_ONLY,not established,no portable success claim
repository,08_media/yolo11s-build-zig2/common_build/CMakeFiles/infer_common.dir/infer/model.cpp.o,3077960,65a4abc7c06a033a379dd09993141b4914e07c8d577915db148cdc5d941a0dd2,AArch64,ELF64,False,True,local generated or runtime asset,unknown; manual review required,LOCAL_ONLY,not established,no portable success claim
repository,08_media/yolo11s-build-zig2/common_build/CMakeFiles/infer_common.dir/infer/platform/svp_nnn/svp_nnn.cpp.o,461152,1f3882577c68d51486bcaace6d70ac58dfb5003c6e94c2f9ca91282c51c590c9,AArch64,ELF64,False,True,local generated or runtime asset,unknown; manual review required,LOCAL_ONLY,SS928 family; exact image match requires validation,no portable success claim
repository,08_media/yolo11s-build-zig2/common_build/CMakeFiles/infer_common.dir/infer/post_process/post_process.cpp.o,134576,5bd9bb16542bac1dd02d0b47822085a996e4edd8a6deb5cde5f00eb17d16a327,AArch64,ELF64,False,True,local generated or runtime asset,unknown; manual review required,LOCAL_ONLY,not established,no portable success claim
repository,08_media/yolo11s-build-zig2/common_build/CMakeFiles/infer_common.dir/infer/post_process/unet_postprocess.cpp.o,248336,f50bd117c819453d13dbc925912b20e6c2fa007617b4f31cb458cbe8aff4a6d2,AArch64,ELF64,False,True,local generated or runtime asset,unknown; manual review required,LOCAL_ONLY,not established,no portable success claim
repository,08_media/yolo11s-build-zig2/common_build/CMakeFiles/infer_common.dir/infer/post_process/yolo10_postprocess.cpp.o,698832,902db0771899d77d09f6486374998267d2647f3f0c3c933a6823715af0a509cf,AArch64,ELF64,False,True,local generated or runtime asset,unknown; manual review required,LOCAL_ONLY,not established,no portable success claim
repository,08_media/yolo11s-build-zig2/common_build/CMakeFiles/infer_common.dir/infer/post_process/yolo11s_pose_postprocess.cpp.o,958888,53e3865ca815ee73c73bc630178d7370c5da61ea926777d23685628132373f01,AArch64,ELF64,False,True,local generated or runtime asset,unknown; manual review required,LOCAL_ONLY,not established,no portable success claim
repository,08_media/yolo11s-build-zig2/common_build/CMakeFiles/infer_common.dir/infer/post_process/yolo11s_seg_postprocess.cpp.o,2178376,17e5e4f5bf76acf29837b8dcc1de9c7b7aba50c4330ad767f5536dfc3a57cba5,AArch64,ELF64,False,True,local generated or runtime asset,unknown; manual review required,LOCAL_ONLY,not established,no portable success claim
repository,08_media/yolo11s-build-zig2/common_build/CMakeFiles/infer_common.dir/infer/post_process/yolo3_postprocess.cpp.o,788944,12c6bb93ed6c768dc1135baee030c5e097db06a332549178e94dea74c4837372,AArch64,ELF64,False,True,local generated or runtime asset,unknown; manual review required,LOCAL_ONLY,not established,no portable success claim
repository,08_media/yolo11s-build-zig2/common_build/CMakeFiles/infer_common.dir/infer/post_process/yolo6s_postprocess.cpp.o,667888,85d5f59b93aec7de1ecd4d7e6f4b66c28b36d50d330ca128f3aed50c467f4fe4,AArch64,ELF64,False,True,local generated or runtime asset,unknown; manual review required,LOCAL_ONLY,not established,no portable success claim
repository,08_media/yolo11s-build-zig2/common_build/CMakeFiles/infer_common.dir/infer/post_process/yolov7_postprocess.cpp.o,387776,c4d80a19857c00edf68927232801a4a3e4d5aca9cfca0947d95749b510838fe0,AArch64,ELF64,False,True,local generated or runtime asset,unknown; manual review required,LOCAL_ONLY,not established,no portable success claim
repository,08_media/yolo11s-build-zig2/common_build/CMakeFiles/infer_common.dir/infer/post_process/yolov8s_obb_postprocess.cpp.o,921880,ba8c59f4a09973cc7c5920ff566f5ace3e787128241f94ef66ef27ba829c68ad,AArch64,ELF64,False,True,local generated or runtime asset,unknown; manual review required,LOCAL_ONLY,not established,no portable success claim
repository,08_media/yolo11s-build-zig2/common_build/CMakeFiles/infer_common.dir/infer/post_process/yolov8s_postprocess.cpp.o,389416,38e07e27603494768b1fb696691fc491718230206e923978e86a8fa081cdaf68,AArch64,ELF64,False,True,local generated or runtime asset,unknown; manual review required,LOCAL_ONLY,not established,no portable success claim
repository,08_media/yolo11s-build-zig2/common_build/CMakeFiles/infer_common.dir/infer/post_process/yolov8s_seg_postprocess.cpp.o,2178376,f8a4a98ac463b26708f2995f0e09511b4703ab4aae1d7124cdffecebd48b229a,AArch64,ELF64,False,True,local generated or runtime asset,unknown; manual review required,LOCAL_ONLY,not established,no portable success claim
repository,08_media/yolo11s-build-zig2/common_build/CMakeFiles/infer_common.dir/infer/post_process/yolov8s_world_postprocess.cpp.o,375536,890e3b79a1a3744be72af1d583de589f5be5f1ceb2b64d2109d53dbbb56f207d,AArch64,ELF64,False,True,local generated or runtime asset,unknown; manual review required,LOCAL_ONLY,not established,no portable success claim
repository,08_media/yolo11s-build-zig2/common_build/CMakeFiles/infer_common.dir/infer/post_process/yolov9s_postprocess.cpp.o,585208,d748dbc1e75a697d433241f26b5c62b281e40b2e9402ac48c52aa73aeeb50025,AArch64,ELF64,False,True,local generated or runtime asset,unknown; manual review required,LOCAL_ONLY,not established,no portable success claim
repository,08_media/yolo11s-build-zig2/common_build/CMakeFiles/infer_common.dir/infer/preprocess/image_process.cpp.o,3143648,97c94c5d6827e8655cac9e58533f6312e36da9eb8f1e56e51951c23b0de83f75,AArch64,ELF64,False,True,local generated or runtime asset,unknown; manual review required,LOCAL_ONLY,not established,no portable success claim
repository,08_media/yolo11s-build-zig2/common_build/CMakeFiles/infer_common.dir/infer/preprocess/unet_preprocess.cpp.o,211992,77ab136c75f8e6345fa5ebc53859f0ae5756a593c4a6d50ab7d8f4096e623f97,AArch64,ELF64,False,True,local generated or runtime asset,unknown; manual review required,LOCAL_ONLY,not established,no portable success claim
repository,08_media/yolo11s-build-zig2/common_build/CMakeFiles/infer_common.dir/infer/preprocess/yolo11s_pose_preprocess.cpp.o,436024,6d57dbd6cd0256e960b1e5d5885d04c35f388337081d3f4a03182dbc85b7d85c,AArch64,ELF64,False,True,local generated or runtime asset,unknown; manual review required,LOCAL_ONLY,not established,no portable success claim
repository,08_media/yolo11s-build-zig2/common_build/CMakeFiles/infer_common.dir/infer/preprocess/yolo11s_seg_preprocess.cpp.o,429336,03b789f9c45f558ef96f26183cba31604c3e616038b52365b924289bf1a80866,AArch64,ELF64,False,True,local generated or runtime asset,unknown; manual review required,LOCAL_ONLY,not established,no portable success claim
repository,08_media/yolo11s-build-zig2/common_build/CMakeFiles/infer_common.dir/infer/preprocess/yolo3_preprocess.cpp.o,243096,13eac6a008708e456ed978f3b2dae86a2b8c4d8507b8debb1c875bd952f0c67c,AArch64,ELF64,False,True,local generated or runtime asset,unknown; manual review required,LOCAL_ONLY,not established,no portable success claim
repository,08_media/yolo11s-build-zig2/common_build/CMakeFiles/infer_common.dir/infer/preprocess/yolo6s_preprocess.cpp.o,436272,1226cad17497dee7fd5bbda2a3b8811a933bf5bed5db0aee48050a24cc5db1a4,AArch64,ELF64,False,True,local generated or runtime asset,unknown; manual review required,LOCAL_ONLY,not established,no portable success claim
repository,08_media/yolo11s-build-zig2/common_build/CMakeFiles/infer_common.dir/infer/preprocess/yolov7_preprocess.cpp.o,241368,6647520141994d8762cf1d328fd805472046eec05db50f717b6a6771ca434119,AArch64,ELF64,False,True,local generated or runtime asset,unknown; manual review required,LOCAL_ONLY,not established,no portable success claim
repository,08_media/yolo11s-build-zig2/common_build/CMakeFiles/infer_common.dir/infer/preprocess/yolov8s_obb_preprocess.cpp.o,401112,3ba8f1590e2af52c71525c9406d2f1d21fd0525ad91074bf5bfb213c715b3078,AArch64,ELF64,False,True,local generated or runtime asset,unknown; manual review required,LOCAL_ONLY,not established,no portable success claim
repository,08_media/yolo11s-build-zig2/common_build/CMakeFiles/infer_common.dir/infer/preprocess/yolov8s_preprocess.cpp.o,237264,c1cebaa2e33f1cfe0b344a1e1242f9b0bfac145043f81290e8173c34460e8945,AArch64,ELF64,False,True,local generated or runtime asset,unknown; manual review required,LOCAL_ONLY,not established,no portable success claim
repository,08_media/yolo11s-build-zig2/common_build/CMakeFiles/infer_common.dir/infer/preprocess/yolov8s_seg_preprocess.cpp.o,429336,17473bb6e879946c0772f21cfdc104353013fe6e81560a65319e1a5b5703e30d,AArch64,ELF64,False,True,local generated or runtime asset,unknown; manual review required,LOCAL_ONLY,not established,no portable success claim
repository,08_media/yolo11s-build-zig2/common_build/CMakeFiles/infer_common.dir/infer/preprocess/yolov8s_world_preprocess.cpp.o,331440,1d1cf7e855b4075c1c571aa55d629c368e5d37abd0d0ce8ee5aa03e7773dbce2,AArch64,ELF64,False,True,local generated or runtime asset,unknown; manual review required,LOCAL_ONLY,not established,no portable success claim
repository,08_media/yolo11s-build-zig2/common_build/CMakeFiles/infer_common.dir/infer/preprocess/yolov9s_preprocess.cpp.o,409224,c0bdff82f9e507c993bc59bec74ce02de574e071a0ad25a3e633ccc07bec858a,AArch64,ELF64,False,True,local generated or runtime asset,unknown; manual review required,LOCAL_ONLY,not established,no portable success claim
repository,08_media/yolo11s-build-zig2/common_build/CMakeFiles/infer_common.dir/log/log.cpp.o,212160,cbdb6a921091337766e772cab8b3d390be6df9d3a042623c614b2dbd9d36e937,AArch64,ELF64,False,True,local generated or runtime asset,unknown; manual review required,LOCAL_ONLY,not established,no portable success claim
repository,08_media/yolo11s-build-zig2/common_build/CMakeFiles/infer_common.dir/utils/utils.cpp.o,305816,3a69c8200ead0b61e81ebdb4bac3e4d564ca06f6161b481225776395a3d36e3a,AArch64,ELF64,False,True,local generated or runtime asset,unknown; manual review required,LOCAL_ONLY,not established,no portable success claim
repository,08_media/yolo11s-build-zig2/common_build/CMakeFiles/infer_utils.dir/infer/platform/svp_nnn/svp_nnn.cpp.o,461152,1f3882577c68d51486bcaace6d70ac58dfb5003c6e94c2f9ca91282c51c590c9,AArch64,ELF64,False,True,local generated or runtime asset,unknown; manual review required,LOCAL_ONLY,SS928 family; exact image match requires validation,no portable success claim
repository,08_media/yolo11s-build-zig2/common_build/CMakeFiles/infer_utils.dir/log/log.cpp.o,212160,cbdb6a921091337766e772cab8b3d390be6df9d3a042623c614b2dbd9d36e937,AArch64,ELF64,False,True,local generated or runtime asset,unknown; manual review required,LOCAL_ONLY,not established,no portable success claim
repository,08_media/yolo11s-build-zig2/common_build/CMakeFiles/infer_utils_static.dir/infer/platform/svp_nnn/svp_nnn.cpp.o,461152,1f3882577c68d51486bcaace6d70ac58dfb5003c6e94c2f9ca91282c51c590c9,AArch64,ELF64,False,True,local generated or runtime asset,unknown; manual review required,LOCAL_ONLY,SS928 family; exact image match requires validation,no portable success claim
repository,08_media/yolo11s-build-zig2/common_build/CMakeFiles/infer_utils_static.dir/log/log.cpp.o,212160,cbdb6a921091337766e772cab8b3d390be6df9d3a042623c614b2dbd9d36e937,AArch64,ELF64,False,True,local generated or runtime asset,unknown; manual review required,LOCAL_ONLY,not established,no portable success claim
repository,08_media/yolo11s-build-zig2/common_build/libinfer_common.a,22161370,5f2f22450739fe4f955e913445c78f2ebe51fcbdff4f0d86b0fa9d6f1082af6f,not-applicable,a,False,True,local generated or runtime asset,unknown; manual review required,LOCAL_ONLY,not established,no portable success claim
repository,08_media/yolo11s-build-zig2/common_build/libinfer_utils.so,387784,6d9dfd13fbbf67c5c05898d44535502d4ab0e5ba8fcd3fe1555fadafda118969,AArch64,ELF64,False,True,local generated or runtime asset,unknown; manual review required,LOCAL_ONLY,not established,no portable success claim
repository,08_media/yolo11s-build-zig2/common_build/libinfer_utils_static.a,677724,bf4e5590cf17b3307763f7fa6afaffa3a8958611efb909a96409552cfaf37735,not-applicable,a,False,True,local generated or runtime asset,unknown; manual review required,LOCAL_ONLY,not established,no portable success claim
repository,08_media/yolo11s_infer_acl.tar.gz,2509628,b4848098fe95642c52b9dc79fdb4d8d11d34efc9ce8c42c68a89d3f516ded108,not-applicable,gz,False,True,local generated or runtime asset,unknown; manual review required,LOCAL_ONLY,not established,no portable success claim
repository,08_media/yolo11s_infer_ss928_acl.tar.gz,2509780,ccd11f1dc6b819ca548284b747bf9e15709fdb63f405f51b35e3b839f61812ef,not-applicable,gz,False,True,local generated or runtime asset,unknown; manual review required,LOCAL_ONLY,SS928 family; exact image match requires validation,no portable success claim
repository,08_media/yolo11s_infer_ss928_fixed_unload.tar.gz,2515679,61d1e98dc5bf34e61389a931054cd15cae3455326bfcf923b25dbff56e08b3e1,not-applicable,gz,False,True,local generated or runtime asset,unknown; manual review required,LOCAL_ONLY,SS928 family; exact image match requires validation,no portable success claim
repository,08_media/yolo11s_infer_ss928_trace.tar.gz,2512799,455ebb5d4cc3dddf4c39ee3bccda0c99583bd1290bb6b41e93e53ec0211834fd,not-applicable,gz,False,True,local generated or runtime asset,unknown; manual review required,LOCAL_ONLY,SS928 family; exact image match requires validation,no portable success claim
repository,08_media/yolo11s_infer_ss928_unload_trace.tar.gz,2515789,82f96e45b8d74e08fb0520e793257308e3f45d05cd3cf0409f7643b4d334c761,not-applicable,gz,False,True,local generated or runtime asset,unknown; manual review required,LOCAL_ONLY,SS928 family; exact image match requires validation,no portable success claim
repository,09_deliverables/board_deploy/bin/aarch64/runner-manifest.json,1686,34837168a4cbdcbb8023efd832d1dc3bb97615c00d77c754f3f18737655b8d1d,not-applicable,json,False,False,project source build,project has no root LICENSE,GIT,not established,host ELF/native PASS; board ACL PENDING
repository,09_deliverables/board_deploy/board-runtime-requirements.json,1712,5e914a9efe61581c4bf3eeede4cb04a576a4fc17e046512855a377c820b7a6c2,not-applicable,json,False,False,local generated or runtime asset,unknown; manual review required,LOCAL_ONLY,not established,no portable success claim
repository,09_deliverables/board_deploy/calibration-left.example.json,126,46dbe85462e4bd5e6acfc468de360fc24bfadf8c2d6c28fa2ff018425f5611a1,not-applicable,json,True,False,project repository,project has no root LICENSE,GIT,not established,covered by repository tests where applicable
repository,09_deliverables/board_deploy/calibration-right.example.json,126,46dbe85462e4bd5e6acfc468de360fc24bfadf8c2d6c28fa2ff018425f5611a1,not-applicable,json,True,False,project repository,project has no root LICENSE,GIT,not established,covered by repository tests where applicable
repository,09_deliverables/board_deploy/camera-assign.sh,1322,78a7035b09a1937cbe72d57588e1d4501ab8ba868fa9d5e1a2d5ffd3eeceb7f5,not-applicable,sh,False,False,local generated or runtime asset,unknown; manual review required,LOCAL_ONLY,not established,no portable success claim
repository,09_deliverables/board_deploy/camera-discover.sh,135,b5d4ba3f1d0daf4370f4939156b9418a4318b9423d823d219c28f5cf39f0278c,not-applicable,sh,False,False,local generated or runtime asset,unknown; manual review required,LOCAL_ONLY,not established,no portable success claim
repository,09_deliverables/board_deploy/camera-list.sh,860,887abfe8d8ad8be2eee08e9f4a380b81e782a05947feb9d015a90faeef0b5adc,not-applicable,sh,True,False,project repository,project has no root LICENSE,GIT,not established,covered by repository tests where applicable
repository,09_deliverables/board_deploy/camera-test.sh,892,bf50be061dc407ab22ba0845507f2931913cf6bb2b3e227d79a71d6a8913a322,not-applicable,sh,True,False,project repository,project has no root LICENSE,GIT,not established,covered by repository tests where applicable
repository,09_deliverables/board_deploy/camera-udev-install.sh,726,f0000e60bc0b168cb33b97673c2f0330f8855ebe8dff211ae56cd6de9bf0fa89,not-applicable,sh,False,False,local generated or runtime asset,unknown; manual review required,LOCAL_ONLY,not established,no portable success claim
repository,09_deliverables/board_deploy/check-board-runtime.sh,3766,03bfe454c5671bf6019fe660a69be95c6e59940b341f80b51e9b7f4b13daae63,not-applicable,sh,False,False,local generated or runtime asset,unknown; manual review required,LOCAL_ONLY,not established,no portable success claim
repository,09_deliverables/board_deploy/check-runtime-deps.sh,2363,73bac968abdcaef8441412944fb6e910da83ba8d9a07cb26c17f8227321be445,not-applicable,sh,True,False,project repository,project has no root LICENSE,GIT,not established,covered by repository tests where applicable
repository,09_deliverables/board_deploy/config.example.json,5051,a4ccfe11d79b16580856eda14ce89f1b41e7a5d7383fcb04618a08f95cbd6ec8,not-applicable,json,True,False,project repository,project has no root LICENSE,GIT,not established,covered by repository tests where applicable
repository,09_deliverables/board_deploy/dual-vision-test.sh,552,8f20a582bdb6f610f88a691427e66577526135f021bae9b6e9864ffc8065e517,not-applicable,sh,True,False,project repository,project has no root LICENSE,GIT,not established,covered by repository tests where applicable
repository,09_deliverables/board_deploy/fusion-left.example.json,698,3b75921bc1bfdebb4f1afc9483eadf5ef66e7a8d8269517e1ce437eab7c61079,not-applicable,json,True,False,project repository,project has no root LICENSE,GIT,not established,covered by repository tests where applicable
repository,09_deliverables/board_deploy/fusion-right.example.json,697,ea8a556ad77d4da63b49f83b3749c1d4a62e7c17a20a6a8e8a1c66fa4a77f7a4,not-applicable,json,True,False,project repository,project has no root LICENSE,GIT,not established,covered by repository tests where applicable
repository,09_deliverables/board_deploy/install-deps.sh,795,1e22ff4b79a5248a5bd88d65b783822530d42858b4e3b6ef7fa9c424b2710e09,not-applicable,sh,True,False,project repository,project has no root LICENSE,GIT,not established,covered by repository tests where applicable
repository,09_deliverables/board_deploy/install.sh,6137,b9ae61f4d07d9aee52d85bf00996e475560c38396fdbfbb9ef13cbb03ef384e4,not-applicable,sh,True,False,project repository,project has no root LICENSE,GIT,not established,covered by repository tests where applicable
repository,09_deliverables/board_deploy/logs.sh,252,0fa5a5c5233712cad8de2499f03dba3865b0f9ea78934fe10ceec5751551fab7,not-applicable,sh,True,False,project repository,project has no root LICENSE,GIT,not established,covered by repository tests where applicable
repository,09_deliverables/board_deploy/models/vehicle-detector.manifest.json,2283,68e5fc2965d8d7d2d9c69d314fa3cded152d8539d6945a92a24c70cc4072651b,not-applicable,json,True,False,project repository,project has no root LICENSE,GIT,not established,covered by repository tests where applicable
repository,09_deliverables/board_deploy/preflight.sh,6826,d9d03edf56d4d56cfbf3f0f893dda4e5905096dc47d778043b05b8028f00a3d7,not-applicable,sh,True,False,project repository,project has no root LICENSE,GIT,not established,covered by repository tests where applicable
repository,09_deliverables/board_deploy/profiles/dual-usb-base.json,319,ed01e64f877f2c0f04974322bea448499d9d6b5e6862203aa066d970c8a8800e,not-applicable,json,True,False,project repository,project has no root LICENSE,GIT,not established,covered by repository tests where applicable
repository,09_deliverables/board_deploy/profiles/dual-usb-full.example.json,308,4b2f7e66df5617997ee6198e07bd71f7e4a18593348117a2b5d4b1c82834cd15,not-applicable,json,True,False,project repository,project has no root LICENSE,GIT,not established,covered by repository tests where applicable
repository,09_deliverables/board_deploy/profiles/euler-pi-ss928-smartbag.json,2375,27ce293a368101132497a4fce94e90be027480b779b57c33d1f1767b32b4f6ca,not-applicable,json,False,False,local generated or runtime asset,unknown; manual review required,LOCAL_ONLY,SS928 family; exact image match requires validation,no portable success claim
repository,09_deliverables/board_deploy/safe-off.sh,95,7f66b5a97b913ef029e2970f7873b60991fd9c739098d256720878579a2360ba,not-applicable,sh,True,False,project repository,project has no root LICENSE,GIT,not established,covered by repository tests where applicable
repository,09_deliverables/board_deploy/smartbag-calibrate-fusion.sh,1418,97ab33281c9357f4c3749954570349af67ed5c909a96ce47c68925a92297c50f,not-applicable,sh,False,False,local generated or runtime asset,unknown; manual review required,LOCAL_ONLY,not established,no portable success claim
repository,09_deliverables/board_deploy/start-all.sh,189,3e53a570c6775a8d188635213cbb279a16be1813fbf3ab86bc34df1dd3ce04a6,not-applicable,sh,True,False,project repository,project has no root LICENSE,GIT,not established,covered by repository tests where applicable
repository,09_deliverables/board_deploy/status.sh,331,d595d6613fb7d5a636de6ce362439d9cac16a7ac6a7d3155785081bc108344ad,not-applicable,sh,True,False,project repository,project has no root LICENSE,GIT,not established,covered by repository tests where applicable
repository,09_deliverables/board_deploy/stop-all.sh,96,6ac1ad3754d8f8621aa96315d85a62724a1e8dd2998f2324ca81d0bc96c4b22b,not-applicable,sh,True,False,project repository,project has no root LICENSE,GIT,not established,covered by repository tests where applicable
repository,09_deliverables/board_deploy/stream-test.sh,544,2da69d64f0125f425fe71fbe516d565bdc22423273ac13906d62441c2d31d2b5,not-applicable,sh,True,False,project repository,project has no root LICENSE,GIT,not established,covered by repository tests where applicable
repository,09_deliverables/board_deploy/systemd/smartbag-alert.service,787,779d4d44a22fce5bce3d4384b082ee499e1210f1c118091d1e5aa33b0b316e19,not-applicable,service,True,False,project repository,project has no root LICENSE,GIT,not established,covered by repository tests where applicable
repository,09_deliverables/board_deploy/systemd/smartbag-connectivity.service,591,43e8c59fcb8d6a7b865686b6c24a005dca5118448e5b7d81a25238044cf5d665,not-applicable,service,True,False,project repository,project has no root LICENSE,GIT,not established,covered by repository tests where applicable
repository,09_deliverables/board_deploy/systemd/smartbag-gnss.service,336,9cf2ad85fd7da5eb17fac1ed46c218123b812531e7ad37bc2132aa62972563b9,not-applicable,service,True,False,project repository,project has no root LICENSE,GIT,not established,covered by repository tests where applicable
repository,09_deliverables/board_deploy/systemd/smartbag-imu.service,318,7b08bce0e8e7ec5576bc35827e46ead61e3eebc8bcee77d25d12e002d777d790,not-applicable,service,True,False,project repository,project has no root LICENSE,GIT,not established,covered by repository tests where applicable
repository,09_deliverables/board_deploy/systemd/smartbag-temperature.service,291,aa7a58c39df1dcd96c7842c9862b741f55b7c20f969f9c78a318445c715da46e,not-applicable,service,True,False,project repository,project has no root LICENSE,GIT,not established,covered by repository tests where applicable
repository,09_deliverables/board_deploy/systemd/smartbag-video.service,353,29417409d001ed33c460a7e84d4bf7657622b00b6b3366849db28932b477224f,not-applicable,service,True,False,project repository,project has no root LICENSE,GIT,not established,covered by repository tests where applicable
repository,09_deliverables/board_deploy/systemd/smartbag-vision.service,478,90ef78c6deee2c30d79606a594bf973e142f42969dd03011e5229e3ba835e051,not-applicable,service,True,False,project repository,project has no root LICENSE,GIT,not established,covered by repository tests where applicable
repository,09_deliverables/board_deploy/systemd/smartbag-ws73.service,348,70aec6a6b2943742ca6d91cf898a10bbdc192e91e6c5c70dd82410e864abdb22,not-applicable,service,True,False,project repository,project has no root LICENSE,GIT,not established,covered by repository tests where applicable
repository,09_deliverables/board_deploy/uninstall.sh,765,d596d9bb5d98faead3bb9d7109636bf9ca89fb555fac449ccb121c1d89f432d8,not-applicable,sh,True,False,project repository,project has no root LICENSE,GIT,not established,covered by repository tests where applicable
repository,09_deliverables/board_deploy/upgrade.sh,258,ef395688aa7881a4b0ac5f1ef89cfa0305c70aabdb8422c2e2c943046608299b,not-applicable,sh,True,False,project repository,project has no root LICENSE,GIT,not established,covered by repository tests where applicable
repository,09_deliverables/board_deploy/validate-board-model.sh,1594,b931678852ba18481b9f6369b2411ea2620d858ae51c0d8c2bdf94f9549c5f44,not-applicable,sh,False,False,local generated or runtime asset,unknown; manual review required,LOCAL_ONLY,not established,no portable success claim
repository,install-on-ss928.sh,4084,5e0b11e51fd32e9504900802c01fb7c3f2bb3bac852e651a1ffa638116ee9ac1,not-applicable,sh,False,False,local generated or runtime asset,unknown; manual review required,LOCAL_ONLY,SS928 family; exact image match requires validation,no portable success claim
