ISO-10303-21;
HEADER;
FILE_DESCRIPTION (( 'STEP AP214' ),
    '1' );
FILE_NAME ('l1.STEP',
    '2026-07-19T12:59:30',
    ( '' ),
    ( '' ),
    'SwSTEP 2.0',
    'SolidWorks 2025',
    '' );
FILE_SCHEMA (( 'AUTOMOTIVE_DESIGN' ));
ENDSEC;

DATA;
#1 = ORIENTED_EDGE ( 'NONE', *, *, #2203, .T. ) ;
#2 = LINE ( 'NONE', #2420, #1207 ) ;
#3 = DIRECTION ( 'NONE',  ( 0.000000000000000000, 1.000000000000000000, 0.000000000000000000 ) ) ;
#4 = VERTEX_POINT ( 'NONE', #462 ) ;
#5 = ORIENTED_EDGE ( 'NONE', *, *, #2369, .T. ) ;
#6 = CARTESIAN_POINT ( 'NONE',  ( 141.8620757519512097, -90.50453814755924498, -30.44972144929135993 ) ) ;
#7 = ADVANCED_FACE ( 'NONE', ( #842 ), #278, .F. ) ;
#8 = DIRECTION ( 'NONE',  ( 0.000000000000000000, 1.000000000000000000, 0.000000000000000000 ) ) ;
#9 = AXIS2_PLACEMENT_3D ( 'NONE', #1320, #1165, #1973 ) ;
#10 = VECTOR ( 'NONE', #136, 1000.000000000000227 ) ;
#11 = LINE ( 'NONE', #431, #1379 ) ;
#12 = ORIENTED_EDGE ( 'NONE', *, *, #2562, .F. ) ;
#13 = LINE ( 'NONE', #2410, #1760 ) ;
#14 = CIRCLE ( 'NONE', #1714, 5.499999999999997335 ) ;
#15 = LINE ( 'NONE', #2412, #2144 ) ;
#16 = EDGE_LOOP ( 'NONE', ( #2077, #1974, #180, #2291 ) ) ;
#17 = ORIENTED_EDGE ( 'NONE', *, *, #393, .F. ) ;
#18 = VECTOR ( 'NONE', #1764, 1000.000000000000000 ) ;
#19 = LINE ( 'NONE', #388, #1710 ) ;
#20 = EDGE_CURVE ( 'NONE', #2480, #1833, #2286, .T. ) ;
#21 =( LENGTH_UNIT ( ) NAMED_UNIT ( * ) SI_UNIT ( .MILLI., .METRE. ) );
#22 = LINE ( 'NONE', #1061, #786 ) ;
#23 = ORIENTED_EDGE ( 'NONE', *, *, #389, .F. ) ;
#24 = LINE ( 'NONE', #646, #2517 ) ;
#25 = DIRECTION ( 'NONE',  ( 0.000000000000000000, 0.000000000000000000, 1.000000000000000000 ) ) ;
#26 = EDGE_LOOP ( 'NONE', ( #1494, #676, #1222, #1332, #159, #206, #1991, #1090 ) ) ;
#27 = LINE ( 'NONE', #1156, #2299 ) ;
#28 = CARTESIAN_POINT ( 'NONE',  ( 32.78366630131693427, -71.15063509461094782, -51.68301270189237329 ) ) ;
#29 = FACE_OUTER_BOUND ( 'NONE', #2596, .T. ) ;
#30 = EDGE_CURVE ( 'NONE', #1481, #243, #2084, .T. ) ;
#31 = VERTEX_POINT ( 'NONE', #2273 ) ;
#32 = DIRECTION ( 'NONE',  ( 0.000000000000000000, 1.000000000000000000, 0.000000000000000000 ) ) ;
#33 = EDGE_CURVE ( 'NONE', #1673, #2421, #2298, .T. ) ;
#34 = EDGE_LOOP ( 'NONE', ( #1048, #777, #1221, #154, #769, #254, #2388, #338, #1911, #1894, #562 ) ) ;
#35 = DIRECTION ( 'NONE',  ( 0.000000000000000000, 1.000000000000000000, 0.000000000000000000 ) ) ;
#36 = FACE_OUTER_BOUND ( 'NONE', #1649, .T. ) ;
#37 = ORIENTED_EDGE ( 'NONE', *, *, #991, .F. ) ;
#38 = PLANE ( 'NONE',  #45 ) ;
#39 = EDGE_CURVE ( 'NONE', #2559, #1824, #694, .T. ) ;
#40 = DIRECTION ( 'NONE',  ( 0.000000000000000000, -1.000000000000000000, -0.000000000000000000 ) ) ;
#41 = DIRECTION ( 'NONE',  ( 1.000000000000000000, -0.000000000000000000, -0.000000000000000000 ) ) ;
#42 = FACE_OUTER_BOUND ( 'NONE', #1031, .T. ) ;
#43 = ORIENTED_EDGE ( 'NONE', *, *, #30, .F. ) ;
#44 = CARTESIAN_POINT ( 'NONE',  ( 67.72468245269442377, 19.42617797022817427, -32.20262794416302654 ) ) ;
#45 = AXIS2_PLACEMENT_3D ( 'NONE', #854, #264, #1650 ) ;
#46 = EDGE_LOOP ( 'NONE', ( #1718, #2248 ) ) ;
#47 = DIRECTION ( 'NONE',  ( -1.000000000000000000, 0.000000000000000000, 0.000000000000000000 ) ) ;
#48 = VECTOR ( 'NONE', #1029, 999.9999999999998863 ) ;
#49 = EDGE_CURVE ( 'NONE', #1585, #1381, #1476, .T. ) ;
#50 = LINE ( 'NONE', #1660, #2265 ) ;
#51 = VERTEX_POINT ( 'NONE', #238 ) ;
#52 = AXIS2_PLACEMENT_3D ( 'NONE', #2109, #1727, #1483 ) ;
#53 = DIRECTION ( 'NONE',  ( -0.5000000000000012212, 0.000000000000000000, 0.8660254037844379305 ) ) ;
#54 = ADVANCED_FACE ( 'NONE', ( #1265 ), #38, .T. ) ;
#55 = VECTOR ( 'NONE', #1465, 1000.000000000000114 ) ;
#56 = CARTESIAN_POINT ( 'NONE',  ( 31.70834875401140707, -49.99999999999994316, -15.57084224863302246 ) ) ;
#57 = LINE ( 'NONE', #295, #1072 ) ;
#58 = VECTOR ( 'NONE', #3, 1000.000000000000000 ) ;
#59 = VECTOR ( 'NONE', #2505, 1000.000000000000114 ) ;
#60 = DIRECTION ( 'NONE',  ( 0.000000000000000000, -0.000000000000000000, -1.000000000000000000 ) ) ;
#61 = ORIENTED_EDGE ( 'NONE', *, *, #658, .F. ) ;
#62 = CARTESIAN_POINT ( 'NONE',  ( 90.49852252867282232, -45.00000000000000711, -21.65148811307946630 ) ) ;
#63 = ORIENTED_EDGE ( 'NONE', *, *, #1346, .T. ) ;
#64 = LINE ( 'NONE', #1077, #1541 ) ;
#65 = FACE_OUTER_BOUND ( 'NONE', #1939, .T. ) ;
#66 = ORIENTED_EDGE ( 'NONE', *, *, #1259, .F. ) ;
#67 = ADVANCED_FACE ( 'NONE', ( #1083 ), #677, .F. ) ;
#68 = LINE ( 'NONE', #1449, #518 ) ;
#69 = PLANE ( 'NONE',  #2399 ) ;
#70 = EDGE_CURVE ( 'NONE', #488, #2122, #68, .T. ) ;
#71 = DIRECTION ( 'NONE',  ( 0.000000000000000000, 1.000000000000000000, 0.000000000000000000 ) ) ;
#72 = DIRECTION ( 'NONE',  ( 0.5000000000000011102, 0.000000000000000000, -0.8660254037844379305 ) ) ;
#73 = VERTEX_POINT ( 'NONE', #1293 ) ;
#74 = EDGE_CURVE ( 'NONE', #2092, #2170, #478, .T. ) ;
#75 = CARTESIAN_POINT ( 'NONE',  ( 70.22468245269445219, 0.000000000000000000, -36.53275496308518910 ) ) ;
#76 = PLANE ( 'NONE',  #823 ) ;
#77 = VERTEX_POINT ( 'NONE', #438 ) ;
#78 = DIRECTION ( 'NONE',  ( 0.000000000000000000, -1.000000000000000000, 0.000000000000000000 ) ) ;
#79 = CYLINDRICAL_SURFACE ( 'NONE', #824, 25.00000000000000355 ) ;
#80 = DIRECTION ( 'NONE',  ( -0.000000000000000000, 0.000000000000000000, -1.000000000000000000 ) ) ;
#81 = EDGE_LOOP ( 'NONE', ( #1195, #1636, #2340, #1456, #1404, #818, #1179, #706 ) ) ;
#82 = DIRECTION ( 'NONE',  ( 0.8660254037844380415, 0.000000000000000000, 0.5000000000000012212 ) ) ;
#83 = ORIENTED_EDGE ( 'NONE', *, *, #1729, .F. ) ;
#84 = CARTESIAN_POINT ( 'NONE',  ( 97.55486918009195563, -103.3012701892218672, -65.67151524197232959 ) ) ;
#85 = DIRECTION ( 'NONE',  ( 0.000000000000000000, 0.000000000000000000, 1.000000000000000000 ) ) ;
#86 = ADVANCED_FACE ( 'NONE', ( #250 ), #2072, .T. ) ;
#87 = FACE_OUTER_BOUND ( 'NONE', #1593, .T. ) ;
#88 = ORIENTED_EDGE ( 'NONE', *, *, #632, .F. ) ;
#89 = CARTESIAN_POINT ( 'NONE',  ( 77.17468245269445504, -103.3012701892218672, -48.57050807568885631 ) ) ;
#90 = CYLINDRICAL_SURFACE ( 'NONE', #222, 20.99999999999999645 ) ;
#91 = EDGE_LOOP ( 'NONE', ( #2293, #2194, #1518, #2042 ) ) ;
#92 = FACE_OUTER_BOUND ( 'NONE', #521, .T. ) ;
#93 = CARTESIAN_POINT ( 'NONE',  ( 103.0000000000000142, -45.00000000000000711, -60.00000000000000711 ) ) ;
#94 = ORIENTED_EDGE ( 'NONE', *, *, #1868, .F. ) ;
#95 = LINE ( 'NONE', #2171, #1161 ) ;
#96 = VERTEX_POINT ( 'NONE', #1066 ) ;
#97 = AXIS2_PLACEMENT_3D ( 'NONE', #688, #894, #639 ) ;
#98 = DIRECTION ( 'NONE',  ( 0.5000000000000014433, 0.000000000000000000, -0.8660254037844378194 ) ) ;
#99 = CARTESIAN_POINT ( 'NONE',  ( 78.16964499648518938, -90.80127018922175353, -22.99606618319772267 ) ) ;
#100 = VECTOR ( 'NONE', #1407, 1000.000000000000114 ) ;
#101 = CARTESIAN_POINT ( 'NONE',  ( 67.20834875401160957, 0.000000000000000000, -111.3083117443842127 ) ) ;
#102 = AXIS2_PLACEMENT_3D ( 'NONE', #1917, #2534, #1158 ) ;
#103 = EDGE_CURVE ( 'NONE', #670, #1640, #898, .T. ) ;
#104 = EDGE_LOOP ( 'NONE', ( #1106, #1857, #1546, #779 ) ) ;
#105 = VECTOR ( 'NONE', #2134, 1000.000000000000000 ) ;
#106 = CARTESIAN_POINT ( 'NONE',  ( 90.49852252867285074, -45.00000000000000711, -21.65148811307945920 ) ) ;
#107 = DIRECTION ( 'NONE',  ( 0.5000000000000016653, 0.000000000000000000, -0.8660254037844378194 ) ) ;
#108 = EDGE_CURVE ( 'NONE', #1867, #794, #2498, .T. ) ;
#109 = ORIENTED_EDGE ( 'NONE', *, *, #1872, .F. ) ;
#110 = LINE ( 'NONE', #490, #188 ) ;
#111 = CARTESIAN_POINT ( 'NONE',  ( 86.62468245269447209, 19.42617797022817427, -64.93838820721474292 ) ) ;
#112 = ORIENTED_EDGE ( 'NONE', *, *, #20, .F. ) ;
#113 = LINE ( 'NONE', #2116, #1241 ) ;
#114 = ORIENTED_EDGE ( 'NONE', *, *, #1384, .T. ) ;
#115 = FACE_OUTER_BOUND ( 'NONE', #2377, .T. ) ;
#116 = DIRECTION ( 'NONE',  ( -0.8161262409927313444, 0.5778736529407394462, 0.000000000000000000 ) ) ;
#117 = FACE_OUTER_BOUND ( 'NONE', #1796, .T. ) ;
#118 = ORIENTED_EDGE ( 'NONE', *, *, #1643, .T. ) ;
#119 = FACE_OUTER_BOUND ( 'NONE', #545, .T. ) ;
#120 = EDGE_CURVE ( 'NONE', #642, #2325, #1240, .T. ) ;
#121 = DIRECTION ( 'NONE',  ( 0.000000000000000000, 0.000000000000000000, 1.000000000000000000 ) ) ;
#122 = VERTEX_POINT ( 'NONE', #226 ) ;
#123 = EDGE_CURVE ( 'NONE', #1261, #2337, #1045, .T. ) ;
#124 = CARTESIAN_POINT ( 'NONE',  ( 31.70834875401146036, -30.00000000000002842, -49.82050807568897710 ) ) ;
#125 = CARTESIAN_POINT ( 'NONE',  ( 65.91635220349661495, -103.3012701892218672, -55.07050807568897710 ) ) ;
#126 = ORIENTED_EDGE ( 'NONE', *, *, #1010, .T. ) ;
#127 = CARTESIAN_POINT ( 'NONE',  ( 110.0000000000000142, -50.00000000000000000, -75.00000000000001421 ) ) ;
#128 = ORIENTED_EDGE ( 'NONE', *, *, #1102, .F. ) ;
#129 = ADVANCED_FACE ( 'NONE', ( #635 ), #1055, .T. ) ;
#130 = DIRECTION ( 'NONE',  ( 1.000000000000000000, 0.000000000000000000, 0.000000000000000000 ) ) ;
#131 = DIRECTION ( 'NONE',  ( 0.000000000000000000, 1.000000000000000000, 0.000000000000000000 ) ) ;
#132 = ORIENTED_EDGE ( 'NONE', *, *, #1534, .F. ) ;
#133 = LINE ( 'NONE', #1524, #1553 ) ;
#134 = CARTESIAN_POINT ( 'NONE',  ( 51.19392033916131624, -103.3012701892218672, -63.57050807568888473 ) ) ;
#135 = VERTEX_POINT ( 'NONE', #325 ) ;
#136 = DIRECTION ( 'NONE',  ( 0.5000000000000008882, 0.000000000000000000, -0.8660254037844380415 ) ) ;
#137 = FACE_OUTER_BOUND ( 'NONE', #81, .T. ) ;
#138 = VERTEX_POINT ( 'NONE', #2159 ) ;
#139 = LINE ( 'NONE', #506, #909 ) ;
#140 = VERTEX_POINT ( 'NONE', #2532 ) ;
#141 = EDGE_CURVE ( 'NONE', #2148, #2567, #723, .T. ) ;
#142 = CARTESIAN_POINT ( 'NONE',  ( 100.0000000000000000, -4.999999999999957367, -60.00000000000000711 ) ) ;
#143 = VECTOR ( 'NONE', #1689, 1000.000000000000000 ) ;
#144 = DIRECTION ( 'NONE',  ( 0.8660254037844380415, -0.000000000000000000, 0.5000000000000014433 ) ) ;
#145 = EDGE_CURVE ( 'NONE', #1572, #878, #139, .T. ) ;
#146 = AXIS2_PLACEMENT_3D ( 'NONE', #770, #311, #2191 ) ;
#147 = VECTOR ( 'NONE', #207, 1000.000000000000227 ) ;
#148 = AXIS2_PLACEMENT_3D ( 'NONE', #1536, #1706, #2090 ) ;
#149 = PLANE ( 'NONE',  #1214 ) ;
#150 = CIRCLE ( 'NONE', #482, 25.00000000000000355 ) ;
#151 = FACE_OUTER_BOUND ( 'NONE', #1529, .T. ) ;
#152 = VECTOR ( 'NONE', #1176, 1000.000000000000000 ) ;
#153 = FACE_OUTER_BOUND ( 'NONE', #2208, .T. ) ;
#154 = ORIENTED_EDGE ( 'NONE', *, *, #1929, .T. ) ;
#155 = CARTESIAN_POINT ( 'NONE',  ( 130.0000000000000000, 0.000000000000000000, -15.57084224863302424 ) ) ;
#156 = ORIENTED_EDGE ( 'NONE', *, *, #2205, .F. ) ;
#157 = DIRECTION ( 'NONE',  ( -1.000000000000000000, 0.000000000000000000, 0.000000000000000000 ) ) ;
#158 = EDGE_CURVE ( 'NONE', #2625, #2196, #1531, .T. ) ;
#159 = ORIENTED_EDGE ( 'NONE', *, *, #964, .F. ) ;
#160 = CARTESIAN_POINT ( 'NONE',  ( 32.78366630131693427, -71.15063509461094782, -51.68301270189237329 ) ) ;
#161 = ADVANCED_FACE ( 'NONE', ( #1960 ), #1517, .T. ) ;
#162 = DIRECTION ( 'NONE',  ( 0.5000000000000011102, 0.000000000000000000, -0.8660254037844379305 ) ) ;
#163 = EDGE_CURVE ( 'NONE', #1693, #1204, #1915, .T. ) ;
#164 = LINE ( 'NONE', #1984, #967 ) ;
#165 = EDGE_LOOP ( 'NONE', ( #2184, #191, #1111, #1018 ) ) ;
#166 = ORIENTED_EDGE ( 'NONE', *, *, #665, .T. ) ;
#167 = LINE ( 'NONE', #1575, #48 ) ;
#168 = ORIENTED_EDGE ( 'NONE', *, *, #1581, .F. ) ;
#169 = DIRECTION ( 'NONE',  ( 0.8660254037844380415, 0.000000000000000000, 0.5000000000000012212 ) ) ;
#170 = ORIENTED_EDGE ( 'NONE', *, *, #1798, .F. ) ;
#171 = ORIENTED_EDGE ( 'NONE', *, *, #441, .F. ) ;
#172 = EDGE_CURVE ( 'NONE', #2212, #758, #113, .T. ) ;
#173 = LINE ( 'NONE', #761, #2509 ) ;
#174 = EDGE_CURVE ( 'NONE', #2455, #1750, #959, .T. ) ;
#175 = FILL_AREA_STYLE_COLOUR ( '', #1493 ) ;
#176 = ORIENTED_EDGE ( 'NONE', *, *, #317, .T. ) ;
#177 = DIRECTION ( 'NONE',  ( -0.8660254037844378194, 0.000000000000000000, -0.5000000000000014433 ) ) ;
#178 = ORIENTED_EDGE ( 'NONE', *, *, #1555, .F. ) ;
#179 = DIRECTION ( 'NONE',  ( 1.000000000000000000, 0.000000000000000000, -0.000000000000000000 ) ) ;
#180 = ORIENTED_EDGE ( 'NONE', *, *, #1378, .T. ) ;
#181 = ORIENTED_EDGE ( 'NONE', *, *, #1726, .F. ) ;
#182 = FACE_OUTER_BOUND ( 'NONE', #2353, .T. ) ;
#183 = VECTOR ( 'NONE', #1964, 1000.000000000000000 ) ;
#184 = CARTESIAN_POINT ( 'NONE',  ( 31.70834875401146036, -19.99999999999999289, -49.82050807568898421 ) ) ;
#185 = PRESENTATION_LAYER_ASSIGNMENT (  '', '', ( #2607 ) ) ;
#186 = VECTOR ( 'NONE', #2174, 1000.000000000000114 ) ;
#187 = EDGE_CURVE ( 'NONE', #2000, #1167, #27, .T. ) ;
#188 = VECTOR ( 'NONE', #2495, 1000.000000000000114 ) ;
#189 = VERTEX_POINT ( 'NONE', #1338 ) ;
#190 = LINE ( 'NONE', #1008, #523 ) ;
#191 = ORIENTED_EDGE ( 'NONE', *, *, #199, .F. ) ;
#192 = AXIS2_PLACEMENT_3D ( 'NONE', #1502, #868, #80 ) ;
#193 = DIRECTION ( 'NONE',  ( -1.000000000000000000, 0.000000000000000000, 9.629649721936188844E-33 ) ) ;
#194 = ORIENTED_EDGE ( 'NONE', *, *, #1942, .T. ) ;
#195 = VERTEX_POINT ( 'NONE', #1306 ) ;
#196 = ADVANCED_FACE ( 'NONE', ( #755, #2329 ), #2376, .F. ) ;
#197 = LINE ( 'NONE', #2038, #1543 ) ;
#198 = FACE_BOUND ( 'NONE', #2213, .T. ) ;
#199 = EDGE_CURVE ( 'NONE', #2409, #2011, #95, .T. ) ;
#200 = DIRECTION ( 'NONE',  ( 0.8660254037844380415, 0.000000000000000000, 0.5000000000000012212 ) ) ;
#201 = ORIENTED_EDGE ( 'NONE', *, *, #1173, .T. ) ;
#202 = CARTESIAN_POINT ( 'NONE',  ( 31.70834875401146036, -73.30127018922186721, -49.82050807568897710 ) ) ;
#203 = ADVANCED_FACE ( 'NONE', ( #349 ), #1719, .F. ) ;
#204 = CARTESIAN_POINT ( 'NONE',  ( 63.69392033916133755, -103.3012701892218672, -85.22114317029982544 ) ) ;
#205 = ORIENTED_EDGE ( 'NONE', *, *, #39, .T. ) ;
#206 = ORIENTED_EDGE ( 'NONE', *, *, #367, .T. ) ;
#207 = DIRECTION ( 'NONE',  ( 0.6704553245517352877, -0.6329714662133689718, 0.3870875621095634100 ) ) ;
#208 = PLANE ( 'NONE',  #2215 ) ;
#209 = CARTESIAN_POINT ( 'NONE',  ( 260.0000000000000000, -85.00000000000000000, 0.000000000000000000 ) ) ;
#210 = ORIENTED_EDGE ( 'NONE', *, *, #1138, .F. ) ;
#211 = CARTESIAN_POINT ( 'NONE',  ( 88.00000000000000000, -19.99999999999996092, -67.32050807568880657 ) ) ;
#212 = DIRECTION ( 'NONE',  ( 0.000000000000000000, 1.000000000000000000, 0.000000000000000000 ) ) ;
#213 = ORIENTED_EDGE ( 'NONE', *, *, #625, .T. ) ;
#214 = ORIENTED_EDGE ( 'NONE', *, *, #49, .T. ) ;
#215 = CARTESIAN_POINT ( 'NONE',  ( 80.44557313092076356, -44.99999999999995737, -4.239268990253966862 ) ) ;
#216 = LINE ( 'NONE', #822, #905 ) ;
#217 = VECTOR ( 'NONE', #1143, 1000.000000000000000 ) ;
#218 = VECTOR ( 'NONE', #901, 1000.000000000000000 ) ;
#219 = CARTESIAN_POINT ( 'NONE',  ( 57.13109138268029596, -81.30127018922186721, -73.85398997629046391 ) ) ;
#220 = EDGE_LOOP ( 'NONE', ( #1217, #1815, #2414, #577 ) ) ;
#221 = FACE_BOUND ( 'NONE', #1592, .T. ) ;
#222 = AXIS2_PLACEMENT_3D ( 'NONE', #1712, #1884, #877 ) ;
#223 = VECTOR ( 'NONE', #288, 1000.000000000000114 ) ;
#224 = DIRECTION ( 'NONE',  ( 0.000000000000000000, 1.000000000000000000, 0.000000000000000000 ) ) ;
#225 = EDGE_LOOP ( 'NONE', ( #1734, #1431, #765, #1139 ) ) ;
#226 = CARTESIAN_POINT ( 'NONE',  ( 95.23556515832792968, -45.00000000000000711, -20.57084224863301714 ) ) ;
#227 = AXIS2_PLACEMENT_3D ( 'NONE', #1515, #1945, #914 ) ;
#228 = EDGE_CURVE ( 'NONE', #189, #1157, #2147, .T. ) ;
#229 = LINE ( 'NONE', #1441, #1928 ) ;
#230 = EDGE_CURVE ( 'NONE', #2482, #2210, #1733, .T. ) ;
#231 = VERTEX_POINT ( 'NONE', #155 ) ;
#232 = DIRECTION ( 'NONE',  ( 0.8660254037844380415, 0.000000000000000000, 0.5000000000000011102 ) ) ;
#233 = EDGE_CURVE ( 'NONE', #2448, #417, #493, .T. ) ;
#234 = ORIENTED_EDGE ( 'NONE', *, *, #2347, .T. ) ;
#235 = CARTESIAN_POINT ( 'NONE',  ( 67.42468245269445504, -32.15063509461094782, -31.68301270189232710 ) ) ;
#236 = CARTESIAN_POINT ( 'NONE',  ( 150.2631225541691151, -17.24936490538906142, -22.42321499192411594 ) ) ;
#237 = ORIENTED_EDGE ( 'NONE', *, *, #74, .T. ) ;
#238 = CARTESIAN_POINT ( 'NONE',  ( 80.05771365940067597, -17.24936490538906142, -45.00000000000000711 ) ) ;
#239 = DIRECTION ( 'NONE',  ( 0.8137976813493745798, -0.3420201433256641055, 0.4698463103929561568 ) ) ;
#240 = DIRECTION ( 'NONE',  ( 0.000000000000000000, -1.000000000000000000, 0.000000000000000000 ) ) ;
#241 = LINE ( 'NONE', #253, #426 ) ;
#242 = ADVANCED_FACE ( 'NONE', ( #1780 ), #1749, .F. ) ;
#243 = VERTEX_POINT ( 'NONE', #2364 ) ;
#244 = CARTESIAN_POINT ( 'NONE',  ( 38.69392033916128071, -103.3012701892218672, -41.91987298107792981 ) ) ;
#245 = ADVANCED_FACE ( 'NONE', ( #539 ), #1353, .T. ) ;
#246 = ORIENTED_EDGE ( 'NONE', *, *, #2260, .F. ) ;
#247 = FACE_OUTER_BOUND ( 'NONE', #46, .T. ) ;
#248 = CARTESIAN_POINT ( 'NONE',  ( 100.0000000000000000, -44.99999999999996447, -70.00000000000000000 ) ) ;
#249 = ORIENTED_EDGE ( 'NONE', *, *, #2309, .T. ) ;
#250 = FACE_OUTER_BOUND ( 'NONE', #2258, .T. ) ;
#251 = LINE ( 'NONE', #28, #1383 ) ;
#252 = LINE ( 'NONE', #1704, #1838 ) ;
#253 = CARTESIAN_POINT ( 'NONE',  ( 130.0000000000000000, -85.00000000000000000, -75.00000000000001421 ) ) ;
#254 = ORIENTED_EDGE ( 'NONE', *, *, #790, .T. ) ;
#255 = EDGE_CURVE ( 'NONE', #1427, #564, #994, .T. ) ;
#256 = CARTESIAN_POINT ( 'NONE',  ( 52.28366630131694848, -32.15063509461094782, -85.45800344948546012 ) ) ;
#257 = VECTOR ( 'NONE', #711, 1000.000000000000000 ) ;
#258 = VERTEX_POINT ( 'NONE', #793 ) ;
#259 = LINE ( 'NONE', #459, #2086 ) ;
#260 = VECTOR ( 'NONE', #409, 1000.000000000000000 ) ;
#261 = PLANE ( 'NONE',  #1004 ) ;
#262 = ORIENTED_EDGE ( 'NONE', *, *, #297, .F. ) ;
#263 = AXIS2_PLACEMENT_3D ( 'NONE', #559, #1559, #2373 ) ;
#264 = DIRECTION ( 'NONE',  ( 0.5000000000000011102, 0.000000000000000000, -0.8660254037844380415 ) ) ;
#265 = AXIS2_PLACEMENT_3D ( 'NONE', #101, #169, #1907 ) ;
#266 = PLANE ( 'NONE',  #1174 ) ;
#267 = DIRECTION ( 'NONE',  ( 0.5000000000000011102, -0.000000000000000000, -0.8660254037844379305 ) ) ;
#268 = VECTOR ( 'NONE', #2624, 1000.000000000000000 ) ;
#269 = AXIS2_PLACEMENT_3D ( 'NONE', #1982, #1409, #2193 ) ;
#270 = CARTESIAN_POINT ( 'NONE',  ( 28.04729426455498853, -49.99999999999994316, -101.9342188706945649 ) ) ;
#271 = ORIENTED_EDGE ( 'NONE', *, *, #419, .F. ) ;
#272 = DIRECTION ( 'NONE',  ( 0.000000000000000000, -1.000000000000000000, 0.000000000000000000 ) ) ;
#273 = ORIENTED_EDGE ( 'NONE', *, *, #1776, .F. ) ;
#274 = CARTESIAN_POINT ( 'NONE',  ( 102.2311583591954900, -17.24936490538906142, -18.05380748265548974 ) ) ;
#275 = DIRECTION ( 'NONE',  ( -0.5000000000000012212, 0.000000000000000000, 0.8660254037844379305 ) ) ;
#276 = DIRECTION ( 'NONE',  ( -0.8660254037844380415, 0.000000000000000000, -0.5000000000000011102 ) ) ;
#277 = ORIENTED_EDGE ( 'NONE', *, *, #1613, .T. ) ;
#278 = CYLINDRICAL_SURFACE ( 'NONE', #1070, 20.99999999999999645 ) ;
#279 = VERTEX_POINT ( 'NONE', #211 ) ;
#280 = ADVANCED_FACE ( 'NONE', ( #2025 ), #2209, .T. ) ;
#281 = LINE ( 'NONE', #873, #55 ) ;
#282 = CARTESIAN_POINT ( 'NONE',  ( 33.08366630131692432, -17.24936490538906142, -52.20262794416304075 ) ) ;
#283 = CARTESIAN_POINT ( 'NONE',  ( 68.66635220349662916, -103.3012701892218672, -59.83364779650338505 ) ) ;
#284 = VERTEX_POINT ( 'NONE', #778 ) ;
#285 = FACE_OUTER_BOUND ( 'NONE', #2587, .T. ) ;
#286 = CARTESIAN_POINT ( 'NONE',  ( 86.92468245269446925, -32.15063509461094782, -65.45800344948540328 ) ) ;
#287 = ORIENTED_EDGE ( 'NONE', *, *, #333, .T. ) ;
#288 = DIRECTION ( 'NONE',  ( -0.8660254037844377084, 0.000000000000000000, -0.5000000000000015543 ) ) ;
#289 = CARTESIAN_POINT ( 'NONE',  ( 100.0000000000000000, -4.999999999999959144, -70.00000000000000000 ) ) ;
#290 = ORIENTED_EDGE ( 'NONE', *, *, #902, .T. ) ;
#291 = DIRECTION ( 'NONE',  ( 1.000000000000000000, -0.000000000000000000, -0.000000000000000000 ) ) ;
#292 = EDGE_LOOP ( 'NONE', ( #934, #2411, #776, #841 ) ) ;
#293 = LINE ( 'NONE', #2162, #1038 ) ;
#294 = ADVANCED_FACE ( 'NONE', ( #2195 ), #382, .F. ) ;
#295 = CARTESIAN_POINT ( 'NONE',  ( 130.0000000000000000, -50.00000000000000000, -71.00000000000001421 ) ) ;
#296 = LINE ( 'NONE', #986, #696 ) ;
#297 = EDGE_CURVE ( 'NONE', #1867, #2337, #815, .T. ) ;
#298 = VERTEX_POINT ( 'NONE', #2009 ) ;
#299 = DIRECTION ( 'NONE',  ( 0.5000000000000011102, -0.000000000000000000, -0.8660254037844379305 ) ) ;
#300 = DIRECTION ( 'NONE',  ( 0.000000000000000000, -0.000000000000000000, -1.000000000000000000 ) ) ;
#301 = VECTOR ( 'NONE', #8, 1000.000000000000000 ) ;
#302 = ORIENTED_EDGE ( 'NONE', *, *, #1659, .T. ) ;
#303 = PLANE ( 'NONE',  #787 ) ;
#304 = CARTESIAN_POINT ( 'NONE',  ( 98.94616904495455856, -98.88735236914853033, -64.86824789047041406 ) ) ;
#305 = ORIENTED_EDGE ( 'NONE', *, *, #441, .T. ) ;
#306 = DIRECTION ( 'NONE',  ( 0.8660254037844379305, 0.000000000000000000, 0.5000000000000011102 ) ) ;
#307 = VECTOR ( 'NONE', #870, 1000.000000000000114 ) ;
#308 = VERTEX_POINT ( 'NONE', #2221 ) ;
#309 = VECTOR ( 'NONE', #1324, 1000.000000000000114 ) ;
#310 = LINE ( 'NONE', #1520, #1211 ) ;
#311 = DIRECTION ( 'NONE',  ( 0.8660254037844379305, 0.000000000000000000, 0.5000000000000011102 ) ) ;
#312 = VECTOR ( 'NONE', #1983, 1000.000000000000114 ) ;
#313 = EDGE_CURVE ( 'NONE', #2386, #1657, #2621, .T. ) ;
#314 = PLANE ( 'NONE',  #357 ) ;
#315 = VECTOR ( 'NONE', #1770, 1000.000000000000227 ) ;
#316 = ORIENTED_EDGE ( 'NONE', *, *, #172, .F. ) ;
#317 = EDGE_CURVE ( 'NONE', #1405, #2437, #1203, .T. ) ;
#318 = VECTOR ( 'NONE', #852, 1000.000000000000000 ) ;
#319 = CARTESIAN_POINT ( 'NONE',  ( 63.16635220349661495, -103.3012701892218672, -50.30736835487456915 ) ) ;
#320 = DIRECTION ( 'NONE',  ( 0.000000000000000000, -1.000000000000000000, -0.000000000000000000 ) ) ;
#321 = ORIENTED_EDGE ( 'NONE', *, *, #978, .T. ) ;
#322 = DIRECTION ( 'NONE',  ( 0.5000000000000014433, 0.000000000000000000, -0.8660254037844378194 ) ) ;
#323 = CARTESIAN_POINT ( 'NONE',  ( 101.8493649053892085, 0.000000000000000000, -91.30831174438417008 ) ) ;
#324 = ORIENTED_EDGE ( 'NONE', *, *, #1270, .F. ) ;
#325 = CARTESIAN_POINT ( 'NONE',  ( 86.99999999999991473, 0.000000000000000000, -65.58845726811996713 ) ) ;
#326 = ORIENTED_EDGE ( 'NONE', *, *, #1114, .F. ) ;
#327 = DIRECTION ( 'NONE',  ( 0.000000000000000000, -1.000000000000000000, -0.000000000000000000 ) ) ;
#328 = CARTESIAN_POINT ( 'NONE',  ( 31.70834875401146036, -73.30127018922186721, -49.82050807568897710 ) ) ;
#329 = ORIENTED_EDGE ( 'NONE', *, *, #145, .T. ) ;
#330 =( BOUNDED_CURVE ( )  B_SPLINE_CURVE ( 3, ( #979, #969, #1775, #1213 ),
 .UNSPECIFIED., .F., .F. )
 B_SPLINE_CURVE_WITH_KNOTS ( ( 4, 4 ),
 ( 1.570796326794896558, 2.226059829508671317 ),
 .UNSPECIFIED. )
 CURVE ( )  GEOMETRIC_REPRESENTATION_ITEM ( )  RATIONAL_B_SPLINE_CURVE ( ( 1.000000000000000000, 0.9645380695248413350, 0.9645380695248413350, 1.000000000000000000 ) )
 REPRESENTATION_ITEM ( '' )  );
#331 = CARTESIAN_POINT ( 'NONE',  ( 83.96030546413702211, 0.000000000000000000, -28.60248931994158994 ) ) ;
#332 = DIRECTION ( 'NONE',  ( 0.8660254037844380415, 0.000000000000000000, 0.5000000000000011102 ) ) ;
#333 = EDGE_CURVE ( 'NONE', #73, #1720, #13, .T. ) ;
#334 = ORIENTED_EDGE ( 'NONE', *, *, #423, .F. ) ;
#335 = LINE ( 'NONE', #1944, #1340 ) ;
#336 = CARTESIAN_POINT ( 'NONE',  ( 87.99999999999991473, -81.30127018922185300, -67.32050807568884920 ) ) ;
#337 = ADVANCED_FACE ( 'NONE', ( #398 ), #371, .F. ) ;
#338 = ORIENTED_EDGE ( 'NONE', *, *, #795, .T. ) ;
#339 = CARTESIAN_POINT ( 'NONE',  ( 87.99999999999991473, -81.30127018922185300, -67.32050807568884920 ) ) ;
#340 = ORIENTED_EDGE ( 'NONE', *, *, #2488, .F. ) ;
#341 = CARTESIAN_POINT ( 'NONE',  ( 68.04731569414271064, -113.6822481884063620, -32.76144511056234165 ) ) ;
#342 = DIRECTION ( 'NONE',  ( 0.000000000000000000, -1.000000000000000000, 0.000000000000000000 ) ) ;
#343 = ORIENTED_EDGE ( 'NONE', *, *, #1268, .F. ) ;
#344 = CARTESIAN_POINT ( 'NONE',  ( 80.67949192431120764, -134.8518645242728269, -44.64101615137766288 ) ) ;
#345 = EDGE_CURVE ( 'NONE', #501, #231, #1428, .T. ) ;
#346 = CARTESIAN_POINT ( 'NONE',  ( 107.1491576232838128, -44.99999999999997158, -50.49123407523500617 ) ) ;
#347 = DIRECTION ( 'NONE',  ( -0.5000000000000012212, 0.000000000000000000, 0.8660254037844379305 ) ) ;
#348 = ORIENTED_EDGE ( 'NONE', *, *, #2039, .T. ) ;
#349 = FACE_OUTER_BOUND ( 'NONE', #1526, .T. ) ;
#350 = ORIENTED_EDGE ( 'NONE', *, *, #2527, .T. ) ;
#351 = EDGE_CURVE ( 'NONE', #564, #1999, #167, .T. ) ;
#352 = FACE_OUTER_BOUND ( 'NONE', #947, .T. ) ;
#353 = ORIENTED_EDGE ( 'NONE', *, *, #2565, .T. ) ;
#354 = AXIS2_PLACEMENT_3D ( 'NONE', #2586, #1548, #2316 ) ;
#355 = VECTOR ( 'NONE', #1473, 1000.000000000000000 ) ;
#356 = CIRCLE ( 'NONE', #1840, 21.00000000000000355 ) ;
#357 = AXIS2_PLACEMENT_3D ( 'NONE', #2321, #903, #1380 ) ;
#358 = DIRECTION ( 'NONE',  ( 0.5000000000000011102, 0.000000000000000000, -0.8660254037844380415 ) ) ;
#359 = AXIS2_PLACEMENT_3D ( 'NONE', #1280, #1183, #1989 ) ;
#360 = SURFACE_STYLE_FILL_AREA ( #2383 ) ;
#361 = DIRECTION ( 'NONE',  ( -0.000000000000000000, -1.000000000000000000, -3.204937810639280423E-16 ) ) ;
#362 = ORIENTED_EDGE ( 'NONE', *, *, #1479, .F. ) ;
#363 = LINE ( 'NONE', #1181, #912 ) ;
#364 = EDGE_LOOP ( 'NONE', ( #1783, #1196, #2045, #1400 ) ) ;
#365 = DIRECTION ( 'NONE',  ( 0.8660254037844380415, -2.403703357979454154E-16, 0.5000000000000013323 ) ) ;
#366 = ORIENTED_EDGE ( 'NONE', *, *, #2473, .F. ) ;
#367 = EDGE_CURVE ( 'NONE', #1955, #634, #190, .T. ) ;
#368 = LINE ( 'NONE', #160, #472 ) ;
#369 = LINE ( 'NONE', #1580, #1885 ) ;
#370 = ORIENTED_EDGE ( 'NONE', *, *, #948, .F. ) ;
#371 = PLANE ( 'NONE',  #2179 ) ;
#372 = ORIENTED_EDGE ( 'NONE', *, *, #911, .T. ) ;
#373 = CARTESIAN_POINT ( 'NONE',  ( 130.0000000000000000, -128.3012701892218672, -15.57084224863302424 ) ) ;
#374 = UNCERTAINTY_MEASURE_WITH_UNIT (LENGTH_MEASURE( 1.000000000000000082E-05 ), #21, 'distance_accuracy_value', 'NONE');
#375 = VERTEX_POINT ( 'NONE', #1814 ) ;
#376 = ORIENTED_EDGE ( 'NONE', *, *, #410, .T. ) ;
#377 = FACE_OUTER_BOUND ( 'NONE', #1621, .T. ) ;
#378 = EDGE_CURVE ( 'NONE', #1028, #1405, #2, .T. ) ;
#379 = DIRECTION ( 'NONE',  ( -0.8660254037844380415, -4.842171946378971851E-16, -0.5000000000000012212 ) ) ;
#380 = CARTESIAN_POINT ( 'NONE',  ( 101.8493649053891232, 0.000000000000000000, -91.30831174438417008 ) ) ;
#381 = VERTEX_POINT ( 'NONE', #1413 ) ;
#382 = PLANE ( 'NONE',  #1033 ) ;
#383 = ORIENTED_EDGE ( 'NONE', *, *, #2274, .F. ) ;
#384 = LINE ( 'NONE', #1011, #2188 ) ;
#385 = ORIENTED_EDGE ( 'NONE', *, *, #1189, .T. ) ;
#386 = ORIENTED_EDGE ( 'NONE', *, *, #964, .T. ) ;
#387 = VECTOR ( 'NONE', #2459, 1000.000000000000114 ) ;
#388 = CARTESIAN_POINT ( 'NONE',  ( 100.0000000000000000, 5.316141419468791973E-14, -54.61880215351699519 ) ) ;
#389 = EDGE_CURVE ( 'NONE', #782, #893, #1218, .T. ) ;
#390 = CIRCLE ( 'NONE', #1708, 21.00000000000002842 ) ;
#391 = LINE ( 'NONE', #1568, #1294 ) ;
#392 = VECTOR ( 'NONE', #1842, 1000.000000000000114 ) ;
#393 = EDGE_CURVE ( 'NONE', #2421, #1164, #1227, .T. ) ;
#394 = VECTOR ( 'NONE', #1085, 1000.000000000000000 ) ;
#395 = FACE_OUTER_BOUND ( 'NONE', #1484, .T. ) ;
#396 = VECTOR ( 'NONE', #224, 1000.000000000000000 ) ;
#397 = ORIENTED_EDGE ( 'NONE', *, *, #1739, .T. ) ;
#398 = FACE_OUTER_BOUND ( 'NONE', #1614, .T. ) ;
#399 = ORIENTED_EDGE ( 'NONE', *, *, #2608, .T. ) ;
#400 = VECTOR ( 'NONE', #907, 1000.000000000000000 ) ;
#401 = CARTESIAN_POINT ( 'NONE',  ( 130.0000000000000000, -85.00000000000000000, -71.00000000000001421 ) ) ;
#402 = ORIENTED_EDGE ( 'NONE', *, *, #1482, .T. ) ;
#403 = EDGE_LOOP ( 'NONE', ( #2497, #2125, #2556, #928 ) ) ;
#404 = EDGE_CURVE ( 'NONE', #1627, #893, #2032, .T. ) ;
#405 = CARTESIAN_POINT ( 'NONE',  ( 130.4649587758133862, -66.15063509461094782, -1.060194888847364236 ) ) ;
#406 = EDGE_CURVE ( 'NONE', #1204, #566, #363, .T. ) ;
#407 = DIRECTION ( 'NONE',  ( 1.000000000000000000, 0.000000000000000000, 0.000000000000000000 ) ) ;
#408 = EDGE_LOOP ( 'NONE', ( #1908, #1282, #997, #1393 ) ) ;
#409 = DIRECTION ( 'NONE',  ( 0.000000000000000000, -1.000000000000000000, -0.000000000000000000 ) ) ;
#410 = EDGE_CURVE ( 'NONE', #501, #2465, #2245, .T. ) ;
#411 = LINE ( 'NONE', #1030, #1595 ) ;
#412 = ORIENTED_EDGE ( 'NONE', *, *, #775, .T. ) ;
#413 = ORIENTED_EDGE ( 'NONE', *, *, #750, .T. ) ;
#414 = LINE ( 'NONE', #2202, #2520 ) ;
#415 = CARTESIAN_POINT ( 'NONE',  ( 32.78366630131693427, -32.15063509461094782, -51.68301270189237329 ) ) ;
#416 = DIRECTION ( 'NONE',  ( 0.000000000000000000, 0.000000000000000000, 1.000000000000000000 ) ) ;
#417 = VERTEX_POINT ( 'NONE', #1871 ) ;
#418 = DIRECTION ( 'NONE',  ( 0.000000000000000000, -6.245004513516519345E-16, 1.000000000000000000 ) ) ;
#419 = EDGE_CURVE ( 'NONE', #2584, #1302, #2068, .T. ) ;
#420 = PLANE ( 'NONE',  #1040 ) ;
#421 = ORIENTED_EDGE ( 'NONE', *, *, #587, .T. ) ;
#422 = CARTESIAN_POINT ( 'NONE',  ( 101.8493649053891232, 0.000000000000000000, -91.30831174438417008 ) ) ;
#423 = EDGE_CURVE ( 'NONE', #1609, #2343, #1850, .T. ) ;
#424 = DIRECTION ( 'NONE',  ( -0.5000000000000014433, 0.000000000000000000, 0.8660254037844379305 ) ) ;
#425 = ADVANCED_FACE ( 'NONE', ( #1674 ), #2294, .F. ) ;
#426 = VECTOR ( 'NONE', #60, 1000.000000000000000 ) ;
#427 = PRODUCT_RELATED_PRODUCT_CATEGORY ( 'part', '', ( #2069 ) ) ;
#428 = PLANE ( 'NONE',  #2560 ) ;
#429 = VECTOR ( 'NONE', #2514, 999.9999999999998863 ) ;
#430 = AXIS2_PLACEMENT_3D ( 'NONE', #1452, #2263, #85 ) ;
#431 = CARTESIAN_POINT ( 'NONE',  ( 136.3631225541691094, -17.24936490538906142, 1.652291233283260885 ) ) ;
#432 = ORIENTED_EDGE ( 'NONE', *, *, #2098, .T. ) ;
#433 = DIRECTION ( 'NONE',  ( 0.8660254037844380415, -0.000000000000000000, 0.5000000000000014433 ) ) ;
#434 = AXIS2_PLACEMENT_3D ( 'NONE', #2464, #1458, #2066 ) ;
#435 = VECTOR ( 'NONE', #949, 1000.000000000000000 ) ;
#436 = PLANE ( 'NONE',  #1931 ) ;
#437 = ORIENTED_EDGE ( 'NONE', *, *, #632, .T. ) ;
#438 = CARTESIAN_POINT ( 'NONE',  ( 107.5765743813776822, 0.000000000000000000, -53.70856651003111182 ) ) ;
#439 = VECTOR ( 'NONE', #212, 1000.000000000000000 ) ;
#440 = FACE_OUTER_BOUND ( 'NONE', #1542, .T. ) ;
#441 = EDGE_CURVE ( 'NONE', #2212, #2559, #390, .T. ) ;
#442 = CARTESIAN_POINT ( 'NONE',  ( 72.55486918009189878, -103.3012701892218672, -22.37024505275043396 ) ) ;
#443 = ADVANCED_BREP_SHAPE_REPRESENTATION ( 'l1', ( #835, #1620 ), #856 ) ;
#444 = DIRECTION ( 'NONE',  ( 0.000000000000000000, 0.000000000000000000, 1.000000000000000000 ) ) ;
#445 = ORIENTED_EDGE ( 'NONE', *, *, #2318, .F. ) ;
#446 = DIRECTION ( 'NONE',  ( 0.5000000000000012212, 3.246074964561449053E-16, -0.8660254037844380415 ) ) ;
#447 = ORIENTED_EDGE ( 'NONE', *, *, #1288, .T. ) ;
#448 = LINE ( 'NONE', #829, #1036 ) ;
#449 = LINE ( 'NONE', #1263, #789 ) ;
#450 = EDGE_LOOP ( 'NONE', ( #178, #1299 ) ) ;
#451 = CARTESIAN_POINT ( 'NONE',  ( 103.0000000000000142, -4.999999999999957367, -70.00000000000000000 ) ) ;
#452 = PLANE ( 'NONE',  #1457 ) ;
#453 = CARTESIAN_POINT ( 'NONE',  ( 110.0000000000000142, 35.00000000000000000, -75.00000000000001421 ) ) ;
#454 = DIRECTION ( 'NONE',  ( 0.8660254037844377084, -2.403703357979452675E-16, 0.5000000000000015543 ) ) ;
#455 = ORIENTED_EDGE ( 'NONE', *, *, #2599, .T. ) ;
#456 = EDGE_CURVE ( 'NONE', #2128, #2523, #1286, .T. ) ;
#457 = CARTESIAN_POINT ( 'NONE',  ( 130.0000000000000000, -44.99999999999997158, -20.57084224863302424 ) ) ;
#458 = ORIENTED_EDGE ( 'NONE', *, *, #1634, .T. ) ;
#459 = CARTESIAN_POINT ( 'NONE',  ( 31.70634875401145791, -44.99999999999994316, -20.57084224863302069 ) ) ;
#460 = CARTESIAN_POINT ( 'NONE',  ( 31.70834875401146036, -30.00000000000002842, -49.82050807568897710 ) ) ;
#461 = ORIENTED_EDGE ( 'NONE', *, *, #2198, .T. ) ;
#462 = CARTESIAN_POINT ( 'NONE',  ( 63.69392033916133755, -103.3012701892218672, -85.22114317029982544 ) ) ;
#463 = DIRECTION ( 'NONE',  ( -0.5000000000000011102, 0.000000000000000000, 0.8660254037844379305 ) ) ;
#464 = FACE_OUTER_BOUND ( 'NONE', #1852, .T. ) ;
#465 = DIRECTION ( 'NONE',  ( -0.8660254037844380415, -4.842171946378971851E-16, -0.5000000000000012212 ) ) ;
#466 = ORIENTED_EDGE ( 'NONE', *, *, #228, .F. ) ;
#467 = LINE ( 'NONE', #892, #2471 ) ;
#468 = VECTOR ( 'NONE', #1678, 999.9999999999997726 ) ;
#469 = EDGE_CURVE ( 'NONE', #122, #924, #259, .T. ) ;
#470 = ORIENTED_EDGE ( 'NONE', *, *, #2137, .T. ) ;
#471 = CARTESIAN_POINT ( 'NONE',  ( 66.34936490538886744, -90.80127018922175353, -29.82050807568898421 ) ) ;
#472 = VECTOR ( 'NONE', #742, 1000.000000000000227 ) ;
#473 = LINE ( 'NONE', #1289, #570 ) ;
#474 = DIRECTION ( 'NONE',  ( 0.5000000000000005551, 0.000000000000000000, -0.8660254037844382635 ) ) ;
#475 = EDGE_CURVE ( 'NONE', #258, #1073, #2483, .T. ) ;
#476 = ORIENTED_EDGE ( 'NONE', *, *, #120, .T. ) ;
#477 = VECTOR ( 'NONE', #2241, 1000.000000000000000 ) ;
#478 = LINE ( 'NONE', #2102, #2217 ) ;
#479 = CIRCLE ( 'NONE', #966, 24.99999999999999289 ) ;
#480 = FACE_OUTER_BOUND ( 'NONE', #16, .T. ) ;
#481 = CARTESIAN_POINT ( 'NONE',  ( 103.0000000000000142, -4.999999999999957367, -60.00000000000000711 ) ) ;
#482 = AXIS2_PLACEMENT_3D ( 'NONE', #89, #2569, #891 ) ;
#483 = AXIS2_PLACEMENT_3D ( 'NONE', #812, #771, #358 ) ;
#484 = FACE_OUTER_BOUND ( 'NONE', #1182, .T. ) ;
#485 = ORIENTED_EDGE ( 'NONE', *, *, #1311, .T. ) ;
#486 = PLANE ( 'NONE',  #1084 ) ;
#487 = CARTESIAN_POINT ( 'NONE',  ( 33.08366630131692432, -17.24936490538906142, -52.20262794416304075 ) ) ;
#488 = VERTEX_POINT ( 'NONE', #2081 ) ;
#489 = EDGE_CURVE ( 'NONE', #1549, #642, #64, .T. ) ;
#490 = CARTESIAN_POINT ( 'NONE',  ( 86.99999999999991473, 0.000000000000000000, -65.58845726811996713 ) ) ;
#491 = CARTESIAN_POINT ( 'NONE',  ( 74.55480947161666450, -17.24936490538906142, -34.03275496308518200 ) ) ;
#492 = ORIENTED_EDGE ( 'NONE', *, *, #744, .F. ) ;
#493 = LINE ( 'NONE', #946, #2604 ) ;
#494 = ORIENTED_EDGE ( 'NONE', *, *, #2050, .F. ) ;
#495 = CARTESIAN_POINT ( 'NONE',  ( 130.0000000000000000, 35.00000000000000000, -70.00000000000000000 ) ) ;
#496 = DIRECTION ( 'NONE',  ( -0.8660254037844379305, 0.000000000000000000, -0.5000000000000011102 ) ) ;
#497 = CARTESIAN_POINT ( 'NONE',  ( 90.94684425455750443, -103.3012701892218672, -64.86785805802442439 ) ) ;
#498 = ORIENTED_EDGE ( 'NONE', *, *, #2562, .T. ) ;
#499 = PLANE ( 'NONE',  #1175 ) ;
#500 = LINE ( 'NONE', #2124, #477 ) ;
#501 = VERTEX_POINT ( 'NONE', #1887 ) ;
#502 = FACE_OUTER_BOUND ( 'NONE', #403, .T. ) ;
#503 = CYLINDRICAL_SURFACE ( 'NONE', #922, 5.499999999999997335 ) ;
#504 = EDGE_LOOP ( 'NONE', ( #1097, #630, #2024 ) ) ;
#505 = EDGE_CURVE ( 'NONE', #754, #782, #448, .T. ) ;
#506 = CARTESIAN_POINT ( 'NONE',  ( 89.83012701892215546, -99.94486109113256589, -60.49038105676662269 ) ) ;
#507 = ORIENTED_EDGE ( 'NONE', *, *, #1816, .T. ) ;
#508 = DIRECTION ( 'NONE',  ( 0.000000000000000000, -1.000000000000000000, -0.000000000000000000 ) ) ;
#509 = EDGE_CURVE ( 'NONE', #2567, #96, #24, .T. ) ;
#510 = PLANE ( 'NONE',  #1453 ) ;
#511 = FACE_OUTER_BOUND ( 'NONE', #292, .T. ) ;
#512 = EDGE_CURVE ( 'NONE', #798, #2455, #2056, .T. ) ;
#513 = ORIENTED_EDGE ( 'NONE', *, *, #145, .F. ) ;
#514 = EDGE_CURVE ( 'NONE', #758, #1523, #702, .T. ) ;
#515 = CARTESIAN_POINT ( 'NONE',  ( 144.9649587758133862, -66.15063509461094782, -26.17493159859606777 ) ) ;
#516 = LINE ( 'NONE', #908, #1419 ) ;
#517 = VERTEX_POINT ( 'NONE', #471 ) ;
#518 = VECTOR ( 'NONE', #885, 1000.000000000000114 ) ;
#519 = DIRECTION ( 'NONE',  ( 0.8660254037844380415, -0.000000000000000000, 0.5000000000000014433 ) ) ;
#520 = DIRECTION ( 'NONE',  ( -6.009258394948624292E-17, 1.000000000000000000, -3.469446951953617270E-17 ) ) ;
#521 = EDGE_LOOP ( 'NONE', ( #2111, #376, #1460, #1889, #2285, #932, #597, #2598, #1417, #1795, #287, #650, #806, #2616 ) ) ;
#522 = DIRECTION ( 'NONE',  ( 0.8660254037844379305, 0.000000000000000000, 0.5000000000000014433 ) ) ;
#523 = VECTOR ( 'NONE', #563, 1000.000000000000000 ) ;
#524 = ORIENTED_EDGE ( 'NONE', *, *, #158, .T. ) ;
#525 = AXIS2_PLACEMENT_3D ( 'NONE', #2572, #1799, #2609 ) ;
#526 = LINE ( 'NONE', #1322, #1594 ) ;
#527 = DIRECTION ( 'NONE',  ( -0.8660254037844380415, 0.000000000000000000, -0.5000000000000011102 ) ) ;
#528 = AXIS2_PLACEMENT_3D ( 'NONE', #2547, #1356, #726 ) ;
#529 = EDGE_CURVE ( 'NONE', #2365, #2337, #1637, .T. ) ;
#530 = VECTOR ( 'NONE', #896, 1000.000000000000000 ) ;
#531 = ORIENTED_EDGE ( 'NONE', *, *, #1583, .T. ) ;
#532 = AXIS2_PLACEMENT_3D ( 'NONE', #1163, #1141, #1124 ) ;
#533 = LINE ( 'NONE', #2139, #2573 ) ;
#534 = CARTESIAN_POINT ( 'NONE',  ( 100.0000000000000000, -44.99999999999996447, -54.61880215351699519 ) ) ;
#535 = ORIENTED_EDGE ( 'NONE', *, *, #2490, .T. ) ;
#536 = DIRECTION ( 'NONE',  ( 1.000000000000000000, -2.775557561562891351E-16, -0.000000000000000000 ) ) ;
#537 = CARTESIAN_POINT ( 'NONE',  ( 55.41635220349657232, -103.3012701892218672, -36.88397459621575791 ) ) ;
#538 = VERTEX_POINT ( 'NONE', #235 ) ;
#539 = FACE_OUTER_BOUND ( 'NONE', #2166, .T. ) ;
#540 = ORIENTED_EDGE ( 'NONE', *, *, #1981, .T. ) ;
#541 = PLANE ( 'NONE',  #102 ) ;
#542 = CARTESIAN_POINT ( 'NONE',  ( 100.0000000000000000, -49.99999999999997868, -75.00000000000001421 ) ) ;
#543 = ADVANCED_FACE ( 'NONE', ( #2283 ), #661, .F. ) ;
#544 = ADVANCED_FACE ( 'NONE', ( #247, #221 ), #2255, .T. ) ;
#545 = EDGE_LOOP ( 'NONE', ( #1897, #548, #201, #353, #1682, #1345, #1258, #2585, #1041, #695 ) ) ;
#546 = FACE_OUTER_BOUND ( 'NONE', #999, .T. ) ;
#547 = EDGE_CURVE ( 'NONE', #794, #2071, #1461, .T. ) ;
#548 = ORIENTED_EDGE ( 'NONE', *, *, #2234, .T. ) ;
#549 = FACE_OUTER_BOUND ( 'NONE', #364, .T. ) ;
#550 = DIRECTION ( 'NONE',  ( -0.5000000000000014433, 0.000000000000000000, 0.8660254037844379305 ) ) ;
#551 = VERTEX_POINT ( 'NONE', #1697 ) ;
#552 = DIRECTION ( 'NONE',  ( 0.8660254037844381525, 6.938893903907235280E-16, 0.5000000000000008882 ) ) ;
#553 = EDGE_LOOP ( 'NONE', ( #1472, #904, #421, #1791 ) ) ;
#554 = CARTESIAN_POINT ( 'NONE',  ( 144.9649587758133862, -37.15063509461094782, -26.17493159859606777 ) ) ;
#555 = ORIENTED_EDGE ( 'NONE', *, *, #2033, .F. ) ;
#556 = DIRECTION ( 'NONE',  ( 0.000000000000000000, -1.000000000000000000, 0.000000000000000000 ) ) ;
#557 = CARTESIAN_POINT ( 'NONE',  ( 66.34936490538898113, -30.00000000000002842, -29.82050807568893092 ) ) ;
#558 = ADVANCED_FACE ( 'NONE', ( #2508 ), #1498, .F. ) ;
#559 = CARTESIAN_POINT ( 'NONE',  ( 246.1506350946108341, -134.8518645242728269, 23.98780366869532088 ) ) ;
#560 = DIRECTION ( 'NONE',  ( 0.000000000000000000, 1.000000000000000000, 0.000000000000000000 ) ) ;
#561 = ORIENTED_EDGE ( 'NONE', *, *, #714, .T. ) ;
#562 = ORIENTED_EDGE ( 'NONE', *, *, #668, .T. ) ;
#563 = DIRECTION ( 'NONE',  ( -1.000000000000000000, 0.000000000000000000, 0.000000000000000000 ) ) ;
#564 = VERTEX_POINT ( 'NONE', #656 ) ;
#565 = PLANE ( 'NONE',  #1129 ) ;
#566 = VERTEX_POINT ( 'NONE', #1086 ) ;
#567 = LINE ( 'NONE', #1159, #183 ) ;
#568 = AXIS2_PLACEMENT_3D ( 'NONE', #1860, #1042, #2494 ) ;
#569 = VECTOR ( 'NONE', #2628, 1000.000000000000000 ) ;
#570 = VECTOR ( 'NONE', #1140, 1000.000000000000114 ) ;
#571 = CARTESIAN_POINT ( 'NONE',  ( 95.23556515832795810, -11.26702917377454938, -20.57084224863301003 ) ) ;
#572 = VECTOR ( 'NONE', #1275, 1000.000000000000227 ) ;
#573 = ORIENTED_EDGE ( 'NONE', *, *, #1189, .F. ) ;
#574 = DIRECTION ( 'NONE',  ( 0.000000000000000000, -1.000000000000000000, 0.000000000000000000 ) ) ;
#575 = ORIENTED_EDGE ( 'NONE', *, *, #2490, .F. ) ;
#576 = CARTESIAN_POINT ( 'NONE',  ( 87.99999999999994316, 23.30127018922184590, -67.32050807568880657 ) ) ;
#577 = ORIENTED_EDGE ( 'NONE', *, *, #410, .F. ) ;
#578 = ORIENTED_EDGE ( 'NONE', *, *, #1891, .F. ) ;
#579 = EDGE_CURVE ( 'NONE', #1750, #2482, #57, .T. ) ;
#580 = DIRECTION ( 'NONE',  ( 0.5000000000000009992, 0.000000000000000000, -0.8660254037844380415 ) ) ;
#581 = DIRECTION ( 'NONE',  ( 2.003086131649556119E-17, 1.000000000000000000, -3.469446951953617270E-17 ) ) ;
#582 = LINE ( 'NONE', #1788, #312 ) ;
#583 = EDGE_LOOP ( 'NONE', ( #575, #1186, #1599, #249 ) ) ;
#584 = DIRECTION ( 'NONE',  ( 0.8660254037844378194, 6.938893903907236266E-16, 0.5000000000000015543 ) ) ;
#585 = ORIENTED_EDGE ( 'NONE', *, *, #1099, .T. ) ;
#586 = CARTESIAN_POINT ( 'NONE',  ( 87.99999999999994316, -90.80127018922182458, -67.32050807568882078 ) ) ;
#587 = EDGE_CURVE ( 'NONE', #1440, #1700, #1606, .T. ) ;
#588 = ORIENTED_EDGE ( 'NONE', *, *, #1811, .T. ) ;
#589 = ORIENTED_EDGE ( 'NONE', *, *, #2161, .T. ) ;
#590 = CARTESIAN_POINT ( 'NONE',  ( 52.28366630131694848, -71.15063509461094782, -85.45800344948546012 ) ) ;
#591 = EDGE_CURVE ( 'NONE', #2122, #298, #857, .T. ) ;
#592 = DIRECTION ( 'NONE',  ( -0.5000000000000012212, 0.000000000000000000, 0.8660254037844380415 ) ) ;
#593 = EDGE_CURVE ( 'NONE', #243, #764, #1507, .T. ) ;
#594 = DIRECTION ( 'NONE',  ( 0.000000000000000000, 0.000000000000000000, -1.000000000000000000 ) ) ;
#595 = ORIENTED_EDGE ( 'NONE', *, *, #1631, .F. ) ;
#596 = DIRECTION ( 'NONE',  ( 0.5000000000000011102, -0.000000000000000000, -0.8660254037844379305 ) ) ;
#597 = ORIENTED_EDGE ( 'NONE', *, *, #2065, .F. ) ;
#598 =( BOUNDED_CURVE ( )  B_SPLINE_CURVE ( 3, ( #1154, #735, #304, #2362 ),
 .UNSPECIFIED., .F., .F. )
 B_SPLINE_CURVE_WITH_KNOTS ( ( 4, 4 ),
 ( 4.188790204786389637, 4.712388980384689674 ),
 .UNSPECIFIED. )
 CURVE ( )  GEOMETRIC_REPRESENTATION_ITEM ( )  RATIONAL_B_SPLINE_CURVE ( ( 1.000000000000000000, 0.9772838841927120601, 0.9772838841927120601, 1.000000000000000000 ) )
 REPRESENTATION_ITEM ( '' )  );
#599 = LINE ( 'NONE', #401, #439 ) ;
#600 = ORIENTED_EDGE ( 'NONE', *, *, #509, .T. ) ;
#601 = EDGE_LOOP ( 'NONE', ( #1952, #1990, #343, #1125 ) ) ;
#602 = VECTOR ( 'NONE', #1863, 1000.000000000000000 ) ;
#603 = CARTESIAN_POINT ( 'NONE',  ( 88.45480947161668439, -5.000000000000000000, -58.10826118829255194 ) ) ;
#604 = VECTOR ( 'NONE', #2097, 1000.000000000000114 ) ;
#605 = EDGE_CURVE ( 'NONE', #1157, #794, #2476, .T. ) ;
#606 = LINE ( 'NONE', #1188, #872 ) ;
#607 = AXIS2_PLACEMENT_3D ( 'NONE', #209, #32, #416 ) ;
#608 = ADVANCED_FACE ( 'NONE', ( #464 ), #2489, .T. ) ;
#609 = AXIS2_PLACEMENT_3D ( 'NONE', #1976, #2319, #1736 ) ;
#610 = PLANE ( 'NONE',  #607 ) ;
#611 = VECTOR ( 'NONE', #365, 999.9999999999997726 ) ;
#612 = DIRECTION ( 'NONE',  ( 0.000000000000000000, 1.000000000000000000, 0.000000000000000000 ) ) ;
#613 = CIRCLE ( 'NONE', #747, 25.00000000000000355 ) ;
#614 = LINE ( 'NONE', #996, #745 ) ;
#615 = ORIENTED_EDGE ( 'NONE', *, *, #772, .F. ) ;
#616 = EDGE_LOOP ( 'NONE', ( #2311, #622, #2223, #846 ) ) ;
#617 = CARTESIAN_POINT ( 'NONE',  ( 86.30204921124601469, -113.6822481884063194, -64.37957104081540649 ) ) ;
#618 = CARTESIAN_POINT ( 'NONE',  ( 94.51923788646676883, -45.00000000000000711, -19.33012701892225138 ) ) ;
#619 = EDGE_CURVE ( 'NONE', #1961, #670, #1267, .T. ) ;
#620 = CARTESIAN_POINT ( 'NONE',  ( 45.20226166743676544, 15.55530234913254972, 0.4776345032147292224 ) ) ;
#621 = EDGE_CURVE ( 'NONE', #1673, #538, #2074, .T. ) ;
#622 = ORIENTED_EDGE ( 'NONE', *, *, #1828, .F. ) ;
#623 = CARTESIAN_POINT ( 'NONE',  ( 31.70834875401146036, -19.99999999999999289, -49.82050807568898421 ) ) ;
#624 = CARTESIAN_POINT ( 'NONE',  ( 86.62468245269447209, -17.24936490538906142, -64.93838820721474292 ) ) ;
#625 = EDGE_CURVE ( 'NONE', #1251, #1523, #2046, .T. ) ;
#626 = ORIENTED_EDGE ( 'NONE', *, *, #725, .F. ) ;
#627 = ORIENTED_EDGE ( 'NONE', *, *, #2187, .F. ) ;
#628 = CARTESIAN_POINT ( 'NONE',  ( 55.57903529111990792, -81.30127018922185300, -11.16574996951135645 ) ) ;
#629 = LINE ( 'NONE', #2023, #2138 ) ;
#630 = ORIENTED_EDGE ( 'NONE', *, *, #1534, .T. ) ;
#631 = DIRECTION ( 'NONE',  ( 1.000000000000000000, -2.775557561562891351E-16, 0.000000000000000000 ) ) ;
#632 = EDGE_CURVE ( 'NONE', #1427, #77, #252, .T. ) ;
#633 = LINE ( 'NONE', #649, #530 ) ;
#634 = VERTEX_POINT ( 'NONE', #1057 ) ;
#635 = FACE_OUTER_BOUND ( 'NONE', #712, .T. ) ;
#636 = EDGE_CURVE ( 'NONE', #893, #2235, #667, .T. ) ;
#637 = CARTESIAN_POINT ( 'NONE',  ( 87.92593928676667758, 0.000000000000000000, -19.67266812516900032 ) ) ;
#638 = VECTOR ( 'NONE', #2442, 1000.000000000000114 ) ;
#639 = DIRECTION ( 'NONE',  ( 0.000000000000000000, 0.000000000000000000, 1.000000000000000000 ) ) ;
#640 = CARTESIAN_POINT ( 'NONE',  ( 110.0000000000000142, 0.000000000000000000, -70.00000000000000000 ) ) ;
#641 = VECTOR ( 'NONE', #2270, 1000.000000000000114 ) ;
#642 = VERTEX_POINT ( 'NONE', #1069 ) ;
#643 = VECTOR ( 'NONE', #2185, 1000.000000000000114 ) ;
#644 = DIRECTION ( 'NONE',  ( 0.000000000000000000, 0.000000000000000000, -1.000000000000000000 ) ) ;
#645 = ORIENTED_EDGE ( 'NONE', *, *, #514, .F. ) ;
#646 = CARTESIAN_POINT ( 'NONE',  ( 32.78366630131693427, -32.15063509461094782, -51.68301270189237329 ) ) ;
#647 = AXIS2_PLACEMENT_3D ( 'NONE', #940, #2552, #2094 ) ;
#648 = VECTOR ( 'NONE', #2578, 1000.000000000000000 ) ;
#649 = CARTESIAN_POINT ( 'NONE',  ( 51.98366630131695842, -17.24936490538906142, -84.93838820721478555 ) ) ;
#650 = ORIENTED_EDGE ( 'NONE', *, *, #1360, .T. ) ;
#651 = EDGE_CURVE ( 'NONE', #1947, #2465, #1691, .T. ) ;
#652 = CARTESIAN_POINT ( 'NONE',  ( 51.19392033916131624, -103.3012701892218672, -63.57050807568888473 ) ) ;
#653 = VECTOR ( 'NONE', #937, 1000.000000000000114 ) ;
#654 = CARTESIAN_POINT ( 'NONE',  ( 70.22468245269445219, -17.24936490538906142, -36.53275496308518910 ) ) ;
#655 = EDGE_CURVE ( 'NONE', #2343, #284, #2500, .T. ) ;
#656 = CARTESIAN_POINT ( 'NONE',  ( 67.34936490538895271, 0.000000000000000000, -31.55255888325781655 ) ) ;
#657 = ORIENTED_EDGE ( 'NONE', *, *, #33, .F. ) ;
#658 = EDGE_CURVE ( 'NONE', #1867, #2546, #1681, .T. ) ;
#659 = CARTESIAN_POINT ( 'NONE',  ( 97.87152626010517054, -13.13347139114622308, -20.57084224863302069 ) ) ;
#660 = VERTEX_POINT ( 'NONE', #2120 ) ;
#661 = PLANE ( 'NONE',  #1166 ) ;
#662 = PLANE ( 'NONE',  #2403 ) ;
#663 = ORIENTED_EDGE ( 'NONE', *, *, #593, .F. ) ;
#664 = DIRECTION ( 'NONE',  ( 0.5000000000000005551, 0.000000000000000000, -0.8660254037844382635 ) ) ;
#665 = EDGE_CURVE ( 'NONE', #308, #138, #1666, .T. ) ;
#666 = LINE ( 'NONE', #2460, #2610 ) ;
#667 = LINE ( 'NONE', #2519, #1921 ) ;
#668 = EDGE_CURVE ( 'NONE', #140, #1793, #2105, .T. ) ;
#669 =( NAMED_UNIT ( * ) SI_UNIT ( $, .STERADIAN. ) SOLID_ANGLE_UNIT ( ) );
#670 = VERTEX_POINT ( 'NONE', #453 ) ;
#671 = CARTESIAN_POINT ( 'NONE',  ( 97.87152626010517054, -17.24936490538906142, -20.57084224863301714 ) ) ;
#672 = EDGE_LOOP ( 'NONE', ( #1806, #1191, #1837, #1448, #578, #88 ) ) ;
#673 = DIRECTION ( 'NONE',  ( -0.5000000000000008882, 0.000000000000000000, 0.8660254037844380415 ) ) ;
#674 = LINE ( 'NONE', #2360, #2224 ) ;
#675 = DIRECTION ( 'NONE',  ( 0.8660254037844380415, 0.000000000000000000, 0.5000000000000011102 ) ) ;
#676 = ORIENTED_EDGE ( 'NONE', *, *, #2591, .T. ) ;
#677 = PLANE ( 'NONE',  #1663 ) ;
#678 = LINE ( 'NONE', #1278, #1287 ) ;
#679 = DIRECTION ( 'NONE',  ( -0.8660254037844380415, -4.842171946378971851E-16, -0.5000000000000012212 ) ) ;
#680 = FACE_BOUND ( 'NONE', #1230, .T. ) ;
#681 = EDGE_CURVE ( 'NONE', #2537, #189, #1878, .T. ) ;
#682 = ORIENTED_EDGE ( 'NONE', *, *, #393, .T. ) ;
#683 = CARTESIAN_POINT ( 'NONE',  ( 69.92468245269445504, -37.15063509461094782, -36.01313972081450743 ) ) ;
#684 = CARTESIAN_POINT ( 'NONE',  ( 73.17949192431116501, -5.000000000000000000, -31.65063509461107216 ) ) ;
#685 = VECTOR ( 'NONE', #177, 1000.000000000000114 ) ;
#686 = ADVANCED_FACE ( 'NONE', ( #29 ), #844, .F. ) ;
#687 = ORIENTED_EDGE ( 'NONE', *, *, #406, .F. ) ;
#688 = CARTESIAN_POINT ( 'NONE',  ( 110.0000000000000142, -85.00000000000000000, -75.00000000000001421 ) ) ;
#689 = VECTOR ( 'NONE', #131, 1000.000000000000000 ) ;
#690 = CARTESIAN_POINT ( 'NONE',  ( 52.28366630131694848, -71.15063509461094782, -85.45800344948546012 ) ) ;
#691 = CARTESIAN_POINT ( 'NONE',  ( 130.0000000000000000, -85.00000000000000000, -71.00000000000001421 ) ) ;
#692 = ORIENTED_EDGE ( 'NONE', *, *, #1114, .T. ) ;
#693 = AXIS2_PLACEMENT_3D ( 'NONE', #1442, #2631, #1017 ) ;
#694 = LINE ( 'NONE', #1504, #307 ) ;
#695 = ORIENTED_EDGE ( 'NONE', *, *, #2079, .F. ) ;
#696 = VECTOR ( 'NONE', #1723, 1000.000000000000114 ) ;
#697 = CARTESIAN_POINT ( 'NONE',  ( 78.16964499648518938, -90.80127018922175353, -22.99606618319772267 ) ) ;
#698 = CARTESIAN_POINT ( 'NONE',  ( 81.79449572529703971, -153.3012701892218956, -74.77077109862727866 ) ) ;
#699 = CIRCLE ( 'NONE', #2228, 5.499999999999997335 ) ;
#700 = LINE ( 'NONE', #1938, #1769 ) ;
#701 = ORIENTED_EDGE ( 'NONE', *, *, #1095, .F. ) ;
#702 =( BOUNDED_CURVE ( )  B_SPLINE_CURVE ( 3, ( #1091, #1647, #1444, #850 ),
 .UNSPECIFIED., .F., .F. )
 B_SPLINE_CURVE_WITH_KNOTS ( ( 4, 4 ),
 ( 4.712388980384689674, 5.229455514521556658 ),
 .UNSPECIFIED. )
 CURVE ( )  GEOMETRIC_REPRESENTATION_ITEM ( )  RATIONAL_B_SPLINE_CURVE ( ( 1.000000000000000000, 0.9778440046739952374, 0.9778440046739952374, 1.000000000000000000 ) )
 REPRESENTATION_ITEM ( '' )  );
#703 = CARTESIAN_POINT ( 'NONE',  ( 64.33622518457443107, -103.3012701892218672, -62.33364779650339216 ) ) ;
#704 = ADVANCED_FACE ( 'NONE', ( #715 ), #2132, .F. ) ;
#705 = LINE ( 'NONE', #1926, #1879 ) ;
#706 = ORIENTED_EDGE ( 'NONE', *, *, #1816, .F. ) ;
#707 = ADVANCED_FACE ( 'NONE', ( #1784 ), #510, .T. ) ;
#708 = CARTESIAN_POINT ( 'NONE',  ( 80.88675134594802785, -37.15063509461094782, -45.00000000000000711 ) ) ;
#709 = CARTESIAN_POINT ( 'NONE',  ( 32.78366630131693427, -71.15063509461094782, -51.68301270189237329 ) ) ;
#710 = ORIENTED_EDGE ( 'NONE', *, *, #1946, .F. ) ;
#711 = DIRECTION ( 'NONE',  ( 0.000000000000000000, 1.000000000000000000, 0.000000000000000000 ) ) ;
#712 = EDGE_LOOP ( 'NONE', ( #2080, #399, #455, #413, #1997, #1516, #839, #170, #985, #899, #2239, #1563 ) ) ;
#713 = CARTESIAN_POINT ( 'NONE',  ( 110.0000000000000142, 35.00000000000000000, -70.00000000000000000 ) ) ;
#714 = EDGE_CURVE ( 'NONE', #1261, #31, #1918, .T. ) ;
#715 = FACE_OUTER_BOUND ( 'NONE', #808, .T. ) ;
#716 = CARTESIAN_POINT ( 'NONE',  ( 59.85417437700565557, -103.3012701892218672, -58.57050807568889184 ) ) ;
#717 = EDGE_LOOP ( 'NONE', ( #2238, #1576, #1060, #687 ) ) ;
#718 = CARTESIAN_POINT ( 'NONE',  ( 31.70634875401145791, -4.999999999999935163, -20.57084224863302779 ) ) ;
#719 = DIRECTION ( 'NONE',  ( 0.5481693696114611214, 0.7741751242191248217, 0.3164857331066855406 ) ) ;
#720 = VERTEX_POINT ( 'NONE', #1342 ) ;
#721 = LINE ( 'NONE', #2143, #2435 ) ;
#722 = EDGE_LOOP ( 'NONE', ( #1368, #181, #600, #692 ) ) ;
#723 = LINE ( 'NONE', #2576, #257 ) ;
#724 = ORIENTED_EDGE ( 'NONE', *, *, #1604, .F. ) ;
#725 = EDGE_CURVE ( 'NONE', #739, #96, #1722, .T. ) ;
#726 = DIRECTION ( 'NONE',  ( 0.8660254037844380415, 0.000000000000000000, 0.5000000000000011102 ) ) ;
#727 = DIRECTION ( 'NONE',  ( 0.5000000000000007772, 0.000000000000000000, -0.8660254037844382635 ) ) ;
#728 = LINE ( 'NONE', #1312, #653 ) ;
#729 = EDGE_LOOP ( 'NONE', ( #2227, #2160, #1578, #2220, #1615, #2458 ) ) ;
#730 = DIRECTION ( 'NONE',  ( -0.8660254037844379305, 0.000000000000000000, -0.5000000000000013323 ) ) ;
#731 = PLANE ( 'NONE',  #52 ) ;
#732 = VECTOR ( 'NONE', #1433, 1000.000000000000227 ) ;
#733 = ORIENTED_EDGE ( 'NONE', *, *, #2369, .F. ) ;
#734 = DIRECTION ( 'NONE',  ( 0.5000000000000012212, 7.211110073938385635E-16, -0.8660254037844380415 ) ) ;
#735 = CARTESIAN_POINT ( 'NONE',  ( 99.71885851886163721, -94.62383515162214564, -63.10299859682906742 ) ) ;
#736 = VERTEX_POINT ( 'NONE', #1535 ) ;
#737 = CARTESIAN_POINT ( 'NONE',  ( 94.51923788646682567, -5.000000000000000000, -19.33012701892226914 ) ) ;
#738 = VECTOR ( 'NONE', #240, 1000.000000000000000 ) ;
#739 = VERTEX_POINT ( 'NONE', #936 ) ;
#740 = AXIS2_PLACEMENT_3D ( 'NONE', #1605, #1034, #801 ) ;
#741 = LINE ( 'NONE', #1564, #315 ) ;
#742 = DIRECTION ( 'NONE',  ( 0.5000000000000005551, 0.000000000000000000, -0.8660254037844382635 ) ) ;
#743 = VECTOR ( 'NONE', #2313, 1000.000000000000114 ) ;
#744 = EDGE_CURVE ( 'NONE', #488, #2493, #2348, .T. ) ;
#745 = VECTOR ( 'NONE', #1805, 1000.000000000000114 ) ;
#746 = ORIENTED_EDGE ( 'NONE', *, *, #49, .F. ) ;
#747 = AXIS2_PLACEMENT_3D ( 'NONE', #1797, #1160, #2605 ) ;
#748 = DIRECTION ( 'NONE',  ( -0.8660254037844380415, 0.000000000000000000, -0.5000000000000012212 ) ) ;
#749 = DIRECTION ( 'NONE',  ( 0.000000000000000000, 0.000000000000000000, -1.000000000000000000 ) ) ;
#750 = EDGE_CURVE ( 'NONE', #1700, #1470, #1355, .T. ) ;
#751 = ORIENTED_EDGE ( 'NONE', *, *, #2580, .T. ) ;
#752 = CARTESIAN_POINT ( 'NONE',  ( 101.8493649053892085, -134.8518645242728269, -91.30831174438417008 ) ) ;
#753 = CARTESIAN_POINT ( 'NONE',  ( 130.0000000000000000, 0.000000000000000000, -70.00000000000000000 ) ) ;
#754 = VERTEX_POINT ( 'NONE', #950 ) ;
#755 = FACE_OUTER_BOUND ( 'NONE', #1827, .T. ) ;
#756 = ORIENTED_EDGE ( 'NONE', *, *, #108, .F. ) ;
#757 = FACE_BOUND ( 'NONE', #995, .T. ) ;
#758 = VERTEX_POINT ( 'NONE', #2590 ) ;
#759 = PLANE ( 'NONE',  #1331 ) ;
#760 = EDGE_CURVE ( 'NONE', #2148, #739, #368, .T. ) ;
#761 = CARTESIAN_POINT ( 'NONE',  ( 31.70834875401146036, 23.30127018922184590, -49.82050807568898421 ) ) ;
#762 = CARTESIAN_POINT ( 'NONE',  ( 76.15515222680285490, -90.50453814755927340, -29.93263681795061970 ) ) ;
#763 = LINE ( 'NONE', #93, #18 ) ;
#764 = VERTEX_POINT ( 'NONE', #1738 ) ;
#765 = ORIENTED_EDGE ( 'NONE', *, *, #1745, .T. ) ;
#766 = DIRECTION ( 'NONE',  ( -1.000000000000000000, 0.000000000000000000, 0.000000000000000000 ) ) ;
#767 = ORIENTED_EDGE ( 'NONE', *, *, #1408, .F. ) ;
#768 = CARTESIAN_POINT ( 'NONE',  ( 112.6811452033386587, 0.000000000000000000, -53.07084224863293542 ) ) ;
#769 = ORIENTED_EDGE ( 'NONE', *, *, #1513, .T. ) ;
#770 = CARTESIAN_POINT ( 'NONE',  ( 51.19392033916131624, -103.3012701892218672, -63.57050807568888473 ) ) ;
#771 = DIRECTION ( 'NONE',  ( 0.8660254037844380415, -0.000000000000000000, 0.5000000000000014433 ) ) ;
#772 = EDGE_CURVE ( 'NONE', #2092, #279, #1552, .T. ) ;
#773 = LINE ( 'NONE', #956, #1664 ) ;
#774 = DIRECTION ( 'NONE',  ( 0.5000000000000011102, 0.000000000000000000, -0.8660254037844379305 ) ) ;
#775 = EDGE_CURVE ( 'NONE', #2372, #2330, #1967, .T. ) ;
#776 = ORIENTED_EDGE ( 'NONE', *, *, #1253, .T. ) ;
#777 = ORIENTED_EDGE ( 'NONE', *, *, #1371, .F. ) ;
#778 = CARTESIAN_POINT ( 'NONE',  ( 69.92468245269445504, -66.15063509461094782, -36.01313972081450743 ) ) ;
#779 = ORIENTED_EDGE ( 'NONE', *, *, #1942, .F. ) ;
#780 = PLANE ( 'NONE',  #867 ) ;
#781 = UNCERTAINTY_MEASURE_WITH_UNIT (LENGTH_MEASURE( 1.000000000000000082E-05 ), #2582, 'distance_accuracy_value', 'NONE');
#782 = VERTEX_POINT ( 'NONE', #1579 ) ;
#783 = VECTOR ( 'NONE', #1489, 1000.000000000000000 ) ;
#784 = ORIENTED_EDGE ( 'NONE', *, *, #1729, .T. ) ;
#785 = VECTOR ( 'NONE', #2387, 1000.000000000000000 ) ;
#786 = VECTOR ( 'NONE', #837, 1000.000000000000114 ) ;
#787 = AXIS2_PLACEMENT_3D ( 'NONE', #1123, #929, #1957 ) ;
#788 = CARTESIAN_POINT ( 'NONE',  ( 80.88675134594802785, -17.24936490538906142, -45.00000000000002132 ) ) ;
#789 = VECTOR ( 'NONE', #2057, 1000.000000000000114 ) ;
#790 = EDGE_CURVE ( 'NONE', #2438, #2067, #1382, .T. ) ;
#791 = DIRECTION ( 'NONE',  ( -0.8660254037844379305, 0.000000000000000000, -0.5000000000000012212 ) ) ;
#792 = EDGE_LOOP ( 'NONE', ( #432, #540, #1065, #2175, #849, #290 ) ) ;
#793 = CARTESIAN_POINT ( 'NONE',  ( 76.15515222680285490, -90.50453814755927340, -29.93263681795061970 ) ) ;
#794 = VERTEX_POINT ( 'NONE', #921 ) ;
#795 = EDGE_CURVE ( 'NONE', #2103, #2357, #2367, .T. ) ;
#796 = DIRECTION ( 'NONE',  ( 0.5000000000000007772, 0.000000000000000000, -0.8660254037844382635 ) ) ;
#797 = ORIENTED_EDGE ( 'NONE', *, *, #906, .F. ) ;
#798 = VERTEX_POINT ( 'NONE', #542 ) ;
#799 = ADVANCED_FACE ( 'NONE', ( #1357 ), #759, .T. ) ;
#800 = EDGE_CURVE ( 'NONE', #876, #924, #567, .T. ) ;
#801 = DIRECTION ( 'NONE',  ( 0.5000000000000007772, 0.000000000000000000, -0.8660254037844382635 ) ) ;
#802 = CARTESIAN_POINT ( 'NONE',  ( 86.92468245269446925, -71.15063509461094782, -65.45800344948540328 ) ) ;
#803 = CARTESIAN_POINT ( 'NONE',  ( 122.6880529004163378, -36.56255410347060320, -6.243013912497801243 ) ) ;
#804 = VERTEX_POINT ( 'NONE', #2535 ) ;
#805 = CARTESIAN_POINT ( 'NONE',  ( 110.0000000000000142, 35.00000000000000000, -70.00000000000000000 ) ) ;
#806 = ORIENTED_EDGE ( 'NONE', *, *, #1387, .F. ) ;
#807 = ADVANCED_FACE ( 'NONE', ( #965 ), #2333, .F. ) ;
#808 = EDGE_LOOP ( 'NONE', ( #1193, #2550, #194, #1226 ) ) ;
#809 =( BOUNDED_CURVE ( )  B_SPLINE_CURVE ( 3, ( #1777, #980, #1215, #2418 ),
 .UNSPECIFIED., .F., .F. )
 B_SPLINE_CURVE_WITH_KNOTS ( ( 4, 4 ),
 ( 1.053729792658030906, 1.570796326794896558 ),
 .UNSPECIFIED. )
 CURVE ( )  GEOMETRIC_REPRESENTATION_ITEM ( )  RATIONAL_B_SPLINE_CURVE ( ( 1.000000000000000000, 0.9778440046739952374, 0.9778440046739952374, 1.000000000000000000 ) )
 REPRESENTATION_ITEM ( '' )  );
#810 = PLANE ( 'NONE',  #1590 ) ;
#811 = EDGE_CURVE ( 'NONE', #140, #1986, #1608, .T. ) ;
#812 = CARTESIAN_POINT ( 'NONE',  ( 65.91635220349661495, -103.3012701892218672, -55.07050807568897710 ) ) ;
#813 = LINE ( 'NONE', #219, #1000 ) ;
#814 = VERTEX_POINT ( 'NONE', #2620 ) ;
#815 = LINE ( 'NONE', #803, #2515 ) ;
#816 = CARTESIAN_POINT ( 'NONE',  ( 51.98366630131695842, -17.24936490538906142, -84.93838820721478555 ) ) ;
#817 = ORIENTED_EDGE ( 'NONE', *, *, #404, .F. ) ;
#818 = ORIENTED_EDGE ( 'NONE', *, *, #1378, .F. ) ;
#819 = EDGE_CURVE ( 'NONE', #814, #1874, #773, .T. ) ;
#820 = CARTESIAN_POINT ( 'NONE',  ( 136.5880529004163577, -36.56255410347060320, -30.31852013770517473 ) ) ;
#821 = VECTOR ( 'NONE', #1521, 1000.000000000000227 ) ;
#822 = CARTESIAN_POINT ( 'NONE',  ( 66.34936490538898113, -19.99999999999999289, -29.82050807568893802 ) ) ;
#823 = AXIS2_PLACEMENT_3D ( 'NONE', #1137, #107, #926 ) ;
#824 = AXIS2_PLACEMENT_3D ( 'NONE', #1746, #1514, #275 ) ;
#825 = DIRECTION ( 'NONE',  ( -0.8660254037844380415, 0.000000000000000000, -0.5000000000000011102 ) ) ;
#826 = VECTOR ( 'NONE', #520, 1000.000000000000000 ) ;
#827 = EDGE_CURVE ( 'NONE', #1251, #1824, #809, .T. ) ;
#828 = ORIENTED_EDGE ( 'NONE', *, *, #836, .F. ) ;
#829 = CARTESIAN_POINT ( 'NONE',  ( 67.72468245269445219, 20.55063509461093929, -32.20262794416299812 ) ) ;
#830 = CARTESIAN_POINT ( 'NONE',  ( 107.5765743813776822, 0.000000000000000000, -53.70856651003111182 ) ) ;
#831 = ORIENTED_EDGE ( 'NONE', *, *, #655, .T. ) ;
#832 = ORIENTED_EDGE ( 'NONE', *, *, #2541, .T. ) ;
#833 = CARTESIAN_POINT ( 'NONE',  ( 130.0000000000000000, 35.00000000000000000, -70.00000000000000000 ) ) ;
#834 = CARTESIAN_POINT ( 'NONE',  ( 12.49681574914715476, 6.869593345583482406E-14, -75.00000000000001421 ) ) ;
#835 = MANIFOLD_SOLID_BREP ( '\X2\7ec45408\X0\3', #1757 ) ;
#836 = EDGE_CURVE ( 'NONE', #258, #758, #1168, .T. ) ;
#837 = DIRECTION ( 'NONE',  ( 0.5000000000000011102, 0.000000000000000000, -0.8660254037844379305 ) ) ;
#838 = EDGE_CURVE ( 'NONE', #1470, #1862, #582, .T. ) ;
#839 = ORIENTED_EDGE ( 'NONE', *, *, #313, .F. ) ;
#840 = FACE_OUTER_BOUND ( 'NONE', #91, .T. ) ;
#841 = ORIENTED_EDGE ( 'NONE', *, *, #1173, .F. ) ;
#842 = FACE_OUTER_BOUND ( 'NONE', #1051, .T. ) ;
#843 = DIRECTION ( 'NONE',  ( 4.193443915056526365E-16, -1.000000000000000000, 2.421085973189493321E-16 ) ) ;
#844 = PLANE ( 'NONE',  #2606 ) ;
#845 = DIRECTION ( 'NONE',  ( 0.8660254037844381525, -0.000000000000000000, 0.5000000000000012212 ) ) ;
#846 = ORIENTED_EDGE ( 'NONE', *, *, #2512, .T. ) ;
#847 = ADVANCED_FACE ( 'NONE', ( #992, #549 ), #1570, .F. ) ;
#848 = DIRECTION ( 'NONE',  ( 0.000000000000000000, 1.000000000000000000, 0.000000000000000000 ) ) ;
#849 = ORIENTED_EDGE ( 'NONE', *, *, #2007, .F. ) ;
#850 = CARTESIAN_POINT ( 'NONE',  ( 68.04731569414271064, -113.6822481884063620, -32.76144511056234165 ) ) ;
#851 = ADVANCED_FACE ( 'NONE', ( #395 ), #1399, .T. ) ;
#852 = DIRECTION ( 'NONE',  ( 1.000000000000000000, -2.775557561562891351E-16, -0.000000000000000000 ) ) ;
#853 = ORIENTED_EDGE ( 'NONE', *, *, #636, .F. ) ;
#854 = CARTESIAN_POINT ( 'NONE',  ( 33.08366630131692432, -17.24936490538906142, -52.20262794416304075 ) ) ;
#855 = FACE_OUTER_BOUND ( 'NONE', #1713, .T. ) ;
#856 =( GEOMETRIC_REPRESENTATION_CONTEXT ( 3 ) GLOBAL_UNCERTAINTY_ASSIGNED_CONTEXT ( ( #374 ) ) GLOBAL_UNIT_ASSIGNED_CONTEXT ( ( #21, #2452, #669 ) ) REPRESENTATION_CONTEXT ( 'NONE', 'WORKASPACE' ) );
#857 = LINE ( 'NONE', #2288, #859 ) ;
#858 = CARTESIAN_POINT ( 'NONE',  ( 55.57903529111990792, -81.30127018922185300, -11.16574996951135645 ) ) ;
#859 = VECTOR ( 'NONE', #1653, 1000.000000000000114 ) ;
#860 = EDGE_LOOP ( 'NONE', ( #1135, #466, #941, #2015, #961, #1171 ) ) ;
#861 = AXIS2_PLACEMENT_3D ( 'NONE', #833, #1557, #1432 ) ;
#862 = LINE ( 'NONE', #1671, #1455 ) ;
#863 = ORIENTED_EDGE ( 'NONE', *, *, #1445, .F. ) ;
#864 = CARTESIAN_POINT ( 'NONE',  ( 73.17949192431116501, -99.94486109113255168, -31.65063509461107216 ) ) ;
#865 = VECTOR ( 'NONE', #130, 1000.000000000000000 ) ;
#866 = ADVANCED_FACE ( 'NONE', ( #1812 ), #2006, .F. ) ;
#867 = AXIS2_PLACEMENT_3D ( 'NONE', #2289, #465, #72 ) ;
#868 = DIRECTION ( 'NONE',  ( 0.000000000000000000, -1.000000000000000000, -0.000000000000000000 ) ) ;
#869 = ORIENTED_EDGE ( 'NONE', *, *, #760, .T. ) ;
#870 = DIRECTION ( 'NONE',  ( 0.8660254037844380415, 0.000000000000000000, 0.5000000000000011102 ) ) ;
#871 = ADVANCED_FACE ( 'NONE', ( #1362 ), #1969, .F. ) ;
#872 = VECTOR ( 'NONE', #1423, 1000.000000000000000 ) ;
#873 = CARTESIAN_POINT ( 'NONE',  ( 67.34936490538895271, 19.42617797022816006, -31.55255888325783786 ) ) ;
#874 = CARTESIAN_POINT ( 'NONE',  ( 66.34936490538898113, 23.30127018922184590, -29.82050807568893802 ) ) ;
#875 = CARTESIAN_POINT ( 'NONE',  ( 122.6880529004163378, -36.56255410347060320, -6.243013912497801243 ) ) ;
#876 = VERTEX_POINT ( 'NONE', #2168 ) ;
#877 = DIRECTION ( 'NONE',  ( -0.5000000000000012212, 0.000000000000000000, 0.8660254037844379305 ) ) ;
#878 = VERTEX_POINT ( 'NONE', #346 ) ;
#879 = CARTESIAN_POINT ( 'NONE',  ( 65.91635220349661495, -103.3012701892218672, -55.07050807568897710 ) ) ;
#880 = CARTESIAN_POINT ( 'NONE',  ( 110.0000000000000142, 0.000000000000000000, -75.00000000000001421 ) ) ;
#881 = PLANE ( 'NONE',  #1386 ) ;
#882 = ADVANCED_FACE ( 'NONE', ( #151 ), #970, .F. ) ;
#883 = PRODUCT_DEFINITION_CONTEXT ( 'detailed design', #2335, 'design' ) ;
#884 = ORIENTED_EDGE ( 'NONE', *, *, #1346, .F. ) ;
#885 = DIRECTION ( 'NONE',  ( 0.5000000000000009992, 0.000000000000000000, -0.8660254037844380415 ) ) ;
#886 = DIRECTION ( 'NONE',  ( 0.000000000000000000, 1.000000000000000000, 0.000000000000000000 ) ) ;
#887 = ADVANCED_FACE ( 'NONE', ( #1848 ), #610, .F. ) ;
#888 = CARTESIAN_POINT ( 'NONE',  ( 77.17468245269442662, -103.3012701892218672, -48.57050807568885631 ) ) ;
#889 = LINE ( 'NONE', #1692, #1670 ) ;
#890 = ORIENTED_EDGE ( 'NONE', *, *, #2488, .T. ) ;
#891 = DIRECTION ( 'NONE',  ( 0.5000000000000008882, 0.000000000000000000, -0.8660254037844382635 ) ) ;
#892 = CARTESIAN_POINT ( 'NONE',  ( 110.0000000000000142, -85.00000000000000000, -75.00000000000001421 ) ) ;
#893 = VERTEX_POINT ( 'NONE', #44 ) ;
#894 = DIRECTION ( 'NONE',  ( 1.000000000000000000, 0.000000000000000000, -0.000000000000000000 ) ) ;
#895 = DIRECTION ( 'NONE',  ( -3.851859888774471706E-32, -1.387778780781445676E-16, -1.000000000000000000 ) ) ;
#896 = DIRECTION ( 'NONE',  ( 0.000000000000000000, 1.000000000000000000, 0.000000000000000000 ) ) ;
#897 = ORIENTED_EDGE ( 'NONE', *, *, #2591, .F. ) ;
#898 = LINE ( 'NONE', #1701, #143 ) ;
#899 = ORIENTED_EDGE ( 'NONE', *, *, #2416, .F. ) ;
#900 = DIRECTION ( 'NONE',  ( 1.000000000000000000, -2.775557561562891844E-16, -0.000000000000000000 ) ) ;
#901 = DIRECTION ( 'NONE',  ( 0.000000000000000000, -0.000000000000000000, -1.000000000000000000 ) ) ;
#902 = EDGE_CURVE ( 'NONE', #1986, #2357, #1039, .T. ) ;
#903 = DIRECTION ( 'NONE',  ( 1.000000000000000000, 0.000000000000000000, -0.000000000000000000 ) ) ;
#904 = ORIENTED_EDGE ( 'NONE', *, *, #1978, .T. ) ;
#905 = VECTOR ( 'NONE', #1454, 999.9999999999998863 ) ;
#906 = EDGE_CURVE ( 'NONE', #660, #2625, #862, .T. ) ;
#907 = DIRECTION ( 'NONE',  ( 0.000000000000000000, 1.000000000000000000, 0.000000000000000000 ) ) ;
#908 = CARTESIAN_POINT ( 'NONE',  ( 110.0000000000000142, 0.000000000000000000, -75.00000000000001421 ) ) ;
#909 = VECTOR ( 'NONE', #2129, 1000.000000000000114 ) ;
#910 = ORIENTED_EDGE ( 'NONE', *, *, #2347, .F. ) ;
#911 = EDGE_CURVE ( 'NONE', #2322, #660, #813, .T. ) ;
#912 = VECTOR ( 'NONE', #1792, 1000.000000000000000 ) ;
#913 = CARTESIAN_POINT ( 'NONE',  ( 224.4999999999997726, 0.000000000000000000, 61.48780366869527825 ) ) ;
#914 = DIRECTION ( 'NONE',  ( 0.000000000000000000, 0.000000000000000000, 1.000000000000000000 ) ) ;
#915 = ORIENTED_EDGE ( 'NONE', *, *, #811, .T. ) ;
#916 = AXIS2_PLACEMENT_3D ( 'NONE', #620, #2268, #1435 ) ;
#917 = DIRECTION ( 'NONE',  ( 0.000000000000000000, 0.000000000000000000, 1.000000000000000000 ) ) ;
#918 = ORIENTED_EDGE ( 'NONE', *, *, #230, .F. ) ;
#919 = VECTOR ( 'NONE', #900, 1000.000000000000000 ) ;
#920 = DIRECTION ( 'NONE',  ( 0.8660254037844378194, 0.000000000000000000, 0.5000000000000014433 ) ) ;
#921 = CARTESIAN_POINT ( 'NONE',  ( 74.55480947161666450, -5.000000000000000000, -34.03275496308517489 ) ) ;
#922 = AXIS2_PLACEMENT_3D ( 'NONE', #125, #1571, #2555 ) ;
#923 = DIRECTION ( 'NONE',  ( 0.5000000000000012212, 0.000000000000000000, -0.8660254037844379305 ) ) ;
#924 = VERTEX_POINT ( 'NONE', #457 ) ;
#925 = PLANE ( 'NONE',  #1773 ) ;
#926 = DIRECTION ( 'NONE',  ( 0.8660254037844377084, 0.000000000000000000, 0.5000000000000015543 ) ) ;
#927 = ADVANCED_FACE ( 'NONE', ( #1225 ), #2243, .T. ) ;
#928 = ORIENTED_EDGE ( 'NONE', *, *, #1992, .T. ) ;
#929 = DIRECTION ( 'NONE',  ( 6.009258394948639083E-16, -1.000000000000000000, 3.469446951953626022E-16 ) ) ;
#930 = DIRECTION ( 'NONE',  ( 0.000000000000000000, -1.000000000000000000, 0.000000000000000000 ) ) ;
#931 = ADVANCED_FACE ( 'NONE', ( #2041 ), #1426, .F. ) ;
#932 = ORIENTED_EDGE ( 'NONE', *, *, #2501, .F. ) ;
#933 = DIRECTION ( 'NONE',  ( -0.5000000000000014433, 0.000000000000000000, 0.8660254037844379305 ) ) ;
#934 = ORIENTED_EDGE ( 'NONE', *, *, #2623, .T. ) ;
#935 = DIRECTION ( 'NONE',  ( 0.000000000000000000, 0.000000000000000000, 1.000000000000000000 ) ) ;
#936 = CARTESIAN_POINT ( 'NONE',  ( 52.28366630131694848, -71.15063509461094782, -85.45800344948546012 ) ) ;
#937 = DIRECTION ( 'NONE',  ( 0.8660254037844380415, 0.000000000000000000, 0.5000000000000011102 ) ) ;
#938 = VERTEX_POINT ( 'NONE', #659 ) ;
#939 = DIRECTION ( 'NONE',  ( 0.8660254037844379305, -0.000000000000000000, 0.5000000000000011102 ) ) ;
#940 = CARTESIAN_POINT ( 'NONE',  ( 226.9999999999997726, -134.8518645242728269, 57.15767664977309437 ) ) ;
#941 = ORIENTED_EDGE ( 'NONE', *, *, #681, .F. ) ;
#942 = ADVANCED_FACE ( 'NONE', ( #1858 ), #1619, .F. ) ;
#943 = CARTESIAN_POINT ( 'NONE',  ( 31.70834875401146036, -19.99999999999999289, -49.82050807568898421 ) ) ;
#944 = DIRECTION ( 'NONE',  ( 0.000000000000000000, 1.000000000000000000, 0.000000000000000000 ) ) ;
#945 = EDGE_LOOP ( 'NONE', ( #1561, #1088, #1935, #1597, #2190, #573, #1339, #1732, #334, #2602, #1669, #210, #1988, #1391, #1276, #273 ) ) ;
#946 = CARTESIAN_POINT ( 'NONE',  ( 66.34936490538898113, -30.00000000000002842, -29.82050807568893092 ) ) ;
#947 = EDGE_LOOP ( 'NONE', ( #1418, #561, #12, #988, #2528, #531 ) ) ;
#948 = EDGE_CURVE ( 'NONE', #1523, #1251, #629, .T. ) ;
#949 = DIRECTION ( 'NONE',  ( 0.000000000000000000, 0.000000000000000000, 1.000000000000000000 ) ) ;
#950 = CARTESIAN_POINT ( 'NONE',  ( 86.62468245269447209, 20.55063509461093929, -64.93838820721474292 ) ) ;
#951 = EDGE_CURVE ( 'NONE', #2235, #1439, #22, .T. ) ;
#952 = ORIENTED_EDGE ( 'NONE', *, *, #1583, .F. ) ;
#953 = CARTESIAN_POINT ( 'NONE',  ( 73.17949192431116501, -90.50453814755928761, -31.65063509461106506 ) ) ;
#954 = FACE_OUTER_BOUND ( 'NONE', #1625, .T. ) ;
#955 = ORIENTED_EDGE ( 'NONE', *, *, #1962, .T. ) ;
#956 = CARTESIAN_POINT ( 'NONE',  ( 118.4252154505347789, -90.80127018922182458, -49.75450174517009572 ) ) ;
#957 = LINE ( 'NONE', #1778, #1290 ) ;
#958 = ORIENTED_EDGE ( 'NONE', *, *, #233, .F. ) ;
#959 = LINE ( 'NONE', #127, #1120 ) ;
#960 = VECTOR ( 'NONE', #71, 1000.000000000000000 ) ;
#961 = ORIENTED_EDGE ( 'NONE', *, *, #475, .F. ) ;
#962 = AXIS2_PLACEMENT_3D ( 'NONE', #752, #1410, #1006 ) ;
#963 = CARTESIAN_POINT ( 'NONE',  ( 51.19392033916131624, -103.3012701892218672, -63.57050807568888473 ) ) ;
#964 = EDGE_CURVE ( 'NONE', #1955, #2244, #2454, .T. ) ;
#965 = FACE_OUTER_BOUND ( 'NONE', #616, .T. ) ;
#966 = AXIS2_PLACEMENT_3D ( 'NONE', #963, #2518, #1752 ) ;
#967 = VECTOR ( 'NONE', #981, 1000.000000000000114 ) ;
#968 = VECTOR ( 'NONE', #299, 1000.000000000000114 ) ;
#969 = CARTESIAN_POINT ( 'NONE',  ( 92.41913451708475691, -98.63040922659897092, -64.01783087862915522 ) ) ;
#970 = PLANE ( 'NONE',  #1074 ) ;
#971 = PLANE ( 'NONE',  #532 ) ;
#972 = ORIENTED_EDGE ( 'NONE', *, *, #819, .T. ) ;
#973 = DIRECTION ( 'NONE',  ( 0.5000000000000011102, 0.000000000000000000, -0.8660254037844380415 ) ) ;
#974 = ORIENTED_EDGE ( 'NONE', *, *, #547, .T. ) ;
#975 = LINE ( 'NONE', #768, #1843 ) ;
#976 = EDGE_LOOP ( 'NONE', ( #733, #114, #1639, #1512 ) ) ;
#977 = DIRECTION ( 'NONE',  ( 0.000000000000000000, 0.000000000000000000, -1.000000000000000000 ) ) ;
#978 = EDGE_CURVE ( 'NONE', #1142, #2000, #2048, .T. ) ;
#979 = CARTESIAN_POINT ( 'NONE',  ( 90.94684425455750443, -103.3012701892218672, -64.86785805802442439 ) ) ;
#980 = CARTESIAN_POINT ( 'NONE',  ( 88.20971980997791206, -110.5003793765713880, -65.36754236822889652 ) ) ;
#981 = DIRECTION ( 'NONE',  ( 0.8660254037844380415, 0.000000000000000000, 0.5000000000000011102 ) ) ;
#982 = EDGE_LOOP ( 'NONE', ( #987, #213 ) ) ;
#983 = EDGE_LOOP ( 'NONE', ( #2114, #1565, #1443, #955 ) ) ;
#984 = CARTESIAN_POINT ( 'NONE',  ( 86.92468245269446925, -71.15063509461094782, -65.45800344948540328 ) ) ;
#985 = ORIENTED_EDGE ( 'NONE', *, *, #911, .F. ) ;
#986 = CARTESIAN_POINT ( 'NONE',  ( 21.63434352870796573, -66.15063509461094782, 57.62818081025078953 ) ) ;
#987 = ORIENTED_EDGE ( 'NONE', *, *, #948, .T. ) ;
#988 = ORIENTED_EDGE ( 'NONE', *, *, #2002, .F. ) ;
#989 = EDGE_CURVE ( 'NONE', #1862, #501, #1869, .T. ) ;
#990 = CARTESIAN_POINT ( 'NONE',  ( 110.0000000000000142, -85.00000000000000000, -71.00000000000001421 ) ) ;
#991 = EDGE_CURVE ( 'NONE', #1302, #1144, #11, .T. ) ;
#992 = FACE_BOUND ( 'NONE', #1032, .T. ) ;
#993 = ADVANCED_FACE ( 'NONE', ( #1635 ), #2444, .T. ) ;
#994 = LINE ( 'NONE', #2433, #685 ) ;
#995 = EDGE_LOOP ( 'NONE', ( #1354, #348, #2406 ) ) ;
#996 = CARTESIAN_POINT ( 'NONE',  ( 40.69392033916128781, -103.3012701892218672, -45.38397459621568686 ) ) ;
#997 = ORIENTED_EDGE ( 'NONE', *, *, #1567, .T. ) ;
#998 = AXIS2_PLACEMENT_3D ( 'NONE', #1249, #1658, #2466 ) ;
#999 = EDGE_LOOP ( 'NONE', ( #884, #1803, #2186, #498 ) ) ;
#1000 = VECTOR ( 'NONE', #2481, 1000.000000000000114 ) ;
#1001 = LINE ( 'NONE', #603, #1333 ) ;
#1002 = AXIS2_PLACEMENT_3D ( 'NONE', #2339, #719, #1089 ) ;
#1003 = CARTESIAN_POINT ( 'NONE',  ( 89.83012701892215546, -90.50453814755924498, -60.49038105676658716 ) ) ;
#1004 = AXIS2_PLACEMENT_3D ( 'NONE', #289, #2511, #1474 ) ;
#1005 = ADVANCED_FACE ( 'NONE', ( #1246 ), #1260, .F. ) ;
#1006 = DIRECTION ( 'NONE',  ( -0.5000000000000014433, 0.000000000000000000, 0.8660254037844379305 ) ) ;
#1007 = VERTEX_POINT ( 'NONE', #244 ) ;
#1008 = CARTESIAN_POINT ( 'NONE',  ( 130.0000000000000000, -85.00000000000000000, -75.00000000000001421 ) ) ;
#1009 = ORIENTED_EDGE ( 'NONE', *, *, #228, .T. ) ;
#1010 = EDGE_CURVE ( 'NONE', #2523, #1640, #516, .T. ) ;
#1011 = CARTESIAN_POINT ( 'NONE',  ( 130.0000000000000000, 35.00000000000000000, -70.00000000000000000 ) ) ;
#1012 = ORIENTED_EDGE ( 'NONE', *, *, #1253, .F. ) ;
#1013 = ORIENTED_EDGE ( 'NONE', *, *, #591, .T. ) ;
#1014 = PRODUCT_CONTEXT ( 'NONE', #2110, 'mechanical' ) ;
#1015 = LINE ( 'NONE', #1348, #569 ) ;
#1016 = FACE_OUTER_BOUND ( 'NONE', #1094, .T. ) ;
#1017 = DIRECTION ( 'NONE',  ( 1.000000000000000000, 0.000000000000000000, 0.000000000000000000 ) ) ;
#1018 = ORIENTED_EDGE ( 'NONE', *, *, #367, .F. ) ;
#1019 = CARTESIAN_POINT ( 'NONE',  ( 89.83012701892215546, -5.000000000000000000, -60.49038105676662269 ) ) ;
#1020 = EDGE_CURVE ( 'NONE', #2493, #298, #705, .T. ) ;
#1021 = DIRECTION ( 'NONE',  ( 0.5000000000000011102, -0.000000000000000000, -0.8660254037844379305 ) ) ;
#1022 = ORIENTED_EDGE ( 'NONE', *, *, #2198, .F. ) ;
#1023 = ORIENTED_EDGE ( 'NONE', *, *, #1787, .T. ) ;
#1024 = EDGE_CURVE ( 'NONE', #1157, #2279, #1284, .T. ) ;
#1025 = LINE ( 'NONE', #1210, #1209 ) ;
#1026 = LINE ( 'NONE', #1831, #301 ) ;
#1027 = CARTESIAN_POINT ( 'NONE',  ( 130.0000000000000000, -128.3012701892218672, -75.00000000000001421 ) ) ;
#1028 = VERTEX_POINT ( 'NONE', #1496 ) ;
#1029 = DIRECTION ( 'NONE',  ( 0.5000000000000012212, 0.000000000000000000, -0.8660254037844380415 ) ) ;
#1030 = CARTESIAN_POINT ( 'NONE',  ( 136.3631225541691094, -17.24936490538906142, -20.57084224863302069 ) ) ;
#1031 = EDGE_LOOP ( 'NONE', ( #2424, #1537, #555, #1709 ) ) ;
#1032 = EDGE_LOOP ( 'NONE', ( #1819, #869, #2269, #1959 ) ) ;
#1033 = AXIS2_PLACEMENT_3D ( 'NONE', #1801, #2236, #1987 ) ;
#1034 = DIRECTION ( 'NONE',  ( -0.8660254037844379305, 0.000000000000000000, -0.5000000000000013323 ) ) ;
#1035 = ADVANCED_FACE ( 'NONE', ( #1896 ), #1272, .F. ) ;
#1036 = VECTOR ( 'NONE', #673, 1000.000000000000227 ) ;
#1037 = LINE ( 'NONE', #1047, #1446 ) ;
#1038 = VECTOR ( 'NONE', #1963, 1000.000000000000227 ) ;
#1039 = LINE ( 'NONE', #1050, #1283 ) ;
#1040 = AXIS2_PLACEMENT_3D ( 'NONE', #1238, #2044, #1851 ) ;
#1041 = ORIENTED_EDGE ( 'NONE', *, *, #1847, .F. ) ;
#1042 = DIRECTION ( 'NONE',  ( 0.8660254037844379305, 0.000000000000000000, 0.5000000000000014433 ) ) ;
#1043 = CARTESIAN_POINT ( 'NONE',  ( 31.70834875401146036, 23.30127018922184590, -49.82050807568898421 ) ) ;
#1044 = ORIENTED_EDGE ( 'NONE', *, *, #1992, .F. ) ;
#1045 = LINE ( 'NONE', #1853, #387 ) ;
#1046 = LINE ( 'NONE', #2073, #394 ) ;
#1047 = CARTESIAN_POINT ( 'NONE',  ( 49.36727446272737296, -50.00000000000000000, 56.59199869795408233 ) ) ;
#1048 = ORIENTED_EDGE ( 'NONE', *, *, #1095, .T. ) ;
#1049 = ADVANCED_FACE ( 'NONE', ( #1910 ), #76, .F. ) ;
#1050 = CARTESIAN_POINT ( 'NONE',  ( 51.98366630131695842, -17.24936490538906142, -84.93838820721478555 ) ) ;
#1051 = EDGE_LOOP ( 'NONE', ( #1933, #171, #1781, #1949, #2413, #2503 ) ) ;
#1052 = DIRECTION ( 'NONE',  ( 0.5000000000000011102, 0.000000000000000000, -0.8660254037844380415 ) ) ;
#1053 = DIRECTION ( 'NONE',  ( -0.8161262409927314554, 0.5778736529407393352, -2.004901983809549555E-17 ) ) ;
#1054 = ORIENTED_EDGE ( 'NONE', *, *, #619, .T. ) ;
#1055 = CYLINDRICAL_SURFACE ( 'NONE', #1415, 25.00000000000000355 ) ;
#1056 = LINE ( 'NONE', #2487, #2051 ) ;
#1057 = CARTESIAN_POINT ( 'NONE',  ( 110.0000000000000142, -85.00000000000000000, -75.00000000000001421 ) ) ;
#1058 = DIRECTION ( 'NONE',  ( 0.5000000000000011102, 0.000000000000000000, -0.8660254037844379305 ) ) ;
#1059 = ADVANCED_FACE ( 'NONE', ( #1105 ), #731, .F. ) ;
#1060 = ORIENTED_EDGE ( 'NONE', *, *, #2359, .F. ) ;
#1061 = CARTESIAN_POINT ( 'NONE',  ( 47.94310851549407460, 19.42617797022817427, 2.060063168748155427 ) ) ;
#1062 = EDGE_LOOP ( 'NONE', ( #2575, #2035, #585, #915 ) ) ;
#1063 = CARTESIAN_POINT ( 'NONE',  ( 74.55480947161666450, -5.000000000000000000, -34.03275496308517489 ) ) ;
#1064 = CARTESIAN_POINT ( 'NONE',  ( 53.35898384862242239, -19.99999999999996092, -87.32050807568884920 ) ) ;
#1065 = ORIENTED_EDGE ( 'NONE', *, *, #1800, .T. ) ;
#1066 = CARTESIAN_POINT ( 'NONE',  ( 52.28366630131694848, -32.15063509461094782, -85.45800344948546012 ) ) ;
#1067 = LINE ( 'NONE', #2104, #2477 ) ;
#1068 = VECTOR ( 'NONE', #2278, 1000.000000000000000 ) ;
#1069 = CARTESIAN_POINT ( 'NONE',  ( 84.42468245269446925, -37.15063509461094782, -61.12787643056320519 ) ) ;
#1070 = AXIS2_PLACEMENT_3D ( 'NONE', #2486, #1096, #53 ) ;
#1071 = CARTESIAN_POINT ( 'NONE',  ( 103.1563998407335134, -4.999999999999959144, -49.62029403116729753 ) ) ;
#1072 = VECTOR ( 'NONE', #41, 1000.000000000000000 ) ;
#1073 = VERTEX_POINT ( 'NONE', #62 ) ;
#1074 = AXIS2_PLACEMENT_3D ( 'NONE', #2054, #1471, #407 ) ;
#1075 = DIRECTION ( 'NONE',  ( 0.8660254037844380415, 0.000000000000000000, 0.5000000000000011102 ) ) ;
#1076 = ORIENTED_EDGE ( 'NONE', *, *, #1408, .T. ) ;
#1077 = CARTESIAN_POINT ( 'NONE',  ( 84.42468245269446925, -66.15063509461094782, -61.12787643056320519 ) ) ;
#1078 = CIRCLE ( 'NONE', #609, 20.99999999999998934 ) ;
#1079 = ADVANCED_FACE ( 'NONE', ( #2539 ), #1330, .T. ) ;
#1080 = VECTOR ( 'NONE', #474, 1000.000000000000227 ) ;
#1081 = LINE ( 'NONE', #2457, #1975 ) ;
#1082 = ORIENTED_EDGE ( 'NONE', *, *, #1411, .T. ) ;
#1083 = FACE_OUTER_BOUND ( 'NONE', #2200, .T. ) ;
#1084 = AXIS2_PLACEMENT_3D ( 'NONE', #1118, #2338, #1510 ) ;
#1085 = DIRECTION ( 'NONE',  ( 0.000000000000000000, -1.000000000000000000, 0.000000000000000000 ) ) ;
#1086 = CARTESIAN_POINT ( 'NONE',  ( 80.67949192431120764, -37.15063509461094782, -44.64101615137768420 ) ) ;
#1087 = FACE_OUTER_BOUND ( 'NONE', #504, .T. ) ;
#1088 = ORIENTED_EDGE ( 'NONE', *, *, #378, .F. ) ;
#1089 = DIRECTION ( 'NONE',  ( 0.8161262409927310113, -0.5778736529407398903, 0.000000000000000000 ) ) ;
#1090 = ORIENTED_EDGE ( 'NONE', *, *, #512, .F. ) ;
#1091 = CARTESIAN_POINT ( 'NONE',  ( 69.94684425455743337, -103.3012701892218672, -28.49479109907802510 ) ) ;
#1092 = CARTESIAN_POINT ( 'NONE',  ( 110.0000000000000142, -50.00000000000000000, -71.00000000000001421 ) ) ;
#1093 = FACE_OUTER_BOUND ( 'NONE', #450, .T. ) ;
#1094 = EDGE_LOOP ( 'NONE', ( #2096, #2571, #2008 ) ) ;
#1095 = EDGE_CURVE ( 'NONE', #1793, #2249, #2356, .T. ) ;
#1096 = DIRECTION ( 'NONE',  ( 0.8660254037844379305, 0.000000000000000000, 0.5000000000000011102 ) ) ;
#1097 = ORIENTED_EDGE ( 'NONE', *, *, #1891, .T. ) ;
#1098 = CARTESIAN_POINT ( 'NONE',  ( 260.0000000000000000, 0.000000000000000000, -50.00000000000000000 ) ) ;
#1099 = EDGE_CURVE ( 'NONE', #1886, #140, #2310, .T. ) ;
#1100 = CARTESIAN_POINT ( 'NONE',  ( 94.51923788646676883, -45.00000000000000711, -19.33012701892226914 ) ) ;
#1101 = FACE_BOUND ( 'NONE', #1062, .T. ) ;
#1102 = EDGE_CURVE ( 'NONE', #2244, #2485, #1941, .T. ) ;
#1103 = ORIENTED_EDGE ( 'NONE', *, *, #1631, .T. ) ;
#1104 = LINE ( 'NONE', #106, #2019 ) ;
#1105 = FACE_OUTER_BOUND ( 'NONE', #717, .T. ) ;
#1106 = ORIENTED_EDGE ( 'NONE', *, *, #1311, .F. ) ;
#1107 = CARTESIAN_POINT ( 'NONE',  ( 65.91635220349661495, -103.3012701892218672, -55.07050807568897710 ) ) ;
#1108 = LINE ( 'NONE', #1675, #1343 ) ;
#1109 = ORIENTED_EDGE ( 'NONE', *, *, #2004, .T. ) ;
#1110 = CARTESIAN_POINT ( 'NONE',  ( 9.845916068392579490, -37.15063509461094782, -45.00000000000000711 ) ) ;
#1111 = ORIENTED_EDGE ( 'NONE', *, *, #1149, .F. ) ;
#1112 = CARTESIAN_POINT ( 'NONE',  ( 9.845916068392579490, -17.24936490538906142, -45.00000000000000711 ) ) ;
#1113 = DIRECTION ( 'NONE',  ( 0.000000000000000000, 1.000000000000000000, 0.000000000000000000 ) ) ;
#1114 = EDGE_CURVE ( 'NONE', #96, #1164, #1540, .T. ) ;
#1115 = DIRECTION ( 'NONE',  ( 0.8660254037844380415, -0.000000000000000000, 0.5000000000000012212 ) ) ;
#1116 = ORIENTED_EDGE ( 'NONE', *, *, #587, .F. ) ;
#1117 = VECTOR ( 'NONE', #454, 1000.000000000000114 ) ;
#1118 = CARTESIAN_POINT ( 'NONE',  ( 101.8493649053892085, -134.8518645242728269, -91.30831174438417008 ) ) ;
#1119 = DIRECTION ( 'NONE',  ( 0.5000000000000011102, 0.000000000000000000, -0.8660254037844379305 ) ) ;
#1120 = VECTOR ( 'NONE', #917, 1000.000000000000000 ) ;
#1121 = ORIENTED_EDGE ( 'NONE', *, *, #2115, .F. ) ;
#1122 = VECTOR ( 'NONE', #1274, 1000.000000000000000 ) ;
#1123 = CARTESIAN_POINT ( 'NONE',  ( 55.57903529111990792, -81.30127018922185300, -11.16574996951135645 ) ) ;
#1124 = DIRECTION ( 'NONE',  ( -0.000000000000000000, 0.000000000000000000, -1.000000000000000000 ) ) ;
#1125 = ORIENTED_EDGE ( 'NONE', *, *, #1735, .T. ) ;
#1126 =( GEOMETRIC_REPRESENTATION_CONTEXT ( 3 ) GLOBAL_UNCERTAINTY_ASSIGNED_CONTEXT ( ( #781 ) ) GLOBAL_UNIT_ASSIGNED_CONTEXT ( ( #2582, #1190, #2219 ) ) REPRESENTATION_CONTEXT ( 'NONE', 'WORKASPACE' ) );
#1127 = CARTESIAN_POINT ( 'NONE',  ( 33.08366630131692432, -17.24936490538906142, -52.20262794416304075 ) ) ;
#1128 = ORIENTED_EDGE ( 'NONE', *, *, #1256, .F. ) ;
#1129 = AXIS2_PLACEMENT_3D ( 'NONE', #1522, #2106, #2336 ) ;
#1130 = DIRECTION ( 'NONE',  ( 0.8660254037844380415, -2.403703357979453168E-16, 0.5000000000000012212 ) ) ;
#1131 = CARTESIAN_POINT ( 'NONE',  ( 67.72468245269445219, -17.24936490538906142, -32.20262794416299812 ) ) ;
#1132 = VECTOR ( 'NONE', #276, 1000.000000000000114 ) ;
#1133 = CARTESIAN_POINT ( 'NONE',  ( 67.72468245269448062, -17.24936490538905787, -32.20262794416299101 ) ) ;
#1134 = ADVANCED_FACE ( 'NONE', ( #2292 ), #90, .F. ) ;
#1135 = ORIENTED_EDGE ( 'NONE', *, *, #1024, .F. ) ;
#1136 = DIRECTION ( 'NONE',  ( -1.000000000000000000, 2.775557561562891351E-16, 0.000000000000000000 ) ) ;
#1137 = CARTESIAN_POINT ( 'NONE',  ( 243.6506350946107773, 0.000000000000000000, 28.31793068761758647 ) ) ;
#1138 = EDGE_CURVE ( 'NONE', #2071, #1366, #2526, .T. ) ;
#1139 = ORIENTED_EDGE ( 'NONE', *, *, #772, .T. ) ;
#1140 = DIRECTION ( 'NONE',  ( 0.8660254037844380415, 0.000000000000000000, 0.5000000000000011102 ) ) ;
#1141 = DIRECTION ( 'NONE',  ( 0.000000000000000000, -1.000000000000000000, -0.000000000000000000 ) ) ;
#1142 = VERTEX_POINT ( 'NONE', #2492 ) ;
#1143 = DIRECTION ( 'NONE',  ( -0.8660254037844378194, 0.000000000000000000, -0.5000000000000015543 ) ) ;
#1144 = VERTEX_POINT ( 'NONE', #671 ) ;
#1145 = CARTESIAN_POINT ( 'NONE',  ( 130.0000000000000000, -4.999999999999962697, -20.57084224863302779 ) ) ;
#1146 = CARTESIAN_POINT ( 'NONE',  ( 47.94310851549407460, 19.42617797022817427, 2.060063168748155427 ) ) ;
#1147 = ORIENTED_EDGE ( 'NONE', *, *, #2246, .F. ) ;
#1148 = CARTESIAN_POINT ( 'NONE',  ( 55.57903529111990792, -81.30127018922185300, -11.16574996951135645 ) ) ;
#1149 = EDGE_CURVE ( 'NONE', #634, #2409, #467, .T. ) ;
#1150 = DIRECTION ( 'NONE',  ( 0.8137976813493749129, -0.3420201433256631063, 0.4698463103929563789 ) ) ;
#1151 = ORIENTED_EDGE ( 'NONE', *, *, #163, .F. ) ;
#1152 = EDGE_CURVE ( 'NONE', #2325, #284, #2506, .T. ) ;
#1153 = CARTESIAN_POINT ( 'NONE',  ( 100.0000000000000000, -65.00000000000000000, -60.39230484541324273 ) ) ;
#1154 = CARTESIAN_POINT ( 'NONE',  ( 99.82028009109610878, -90.80127018922182458, -60.49606618319761964 ) ) ;
#1155 = ORIENTED_EDGE ( 'NONE', *, *, #2541, .F. ) ;
#1156 = CARTESIAN_POINT ( 'NONE',  ( 61.69392033916133755, -103.3012701892218672, -81.75704155516208971 ) ) ;
#1157 = VERTEX_POINT ( 'NONE', #684 ) ;
#1158 = DIRECTION ( 'NONE',  ( 0.000000000000000000, 1.000000000000000000, -1.734723475976806848E-16 ) ) ;
#1159 = CARTESIAN_POINT ( 'NONE',  ( 130.0000000000000000, -4.999999999999935163, -20.57084224863302779 ) ) ;
#1160 = DIRECTION ( 'NONE',  ( 0.8660254037844381525, -0.000000000000000000, 0.5000000000000012212 ) ) ;
#1161 = VECTOR ( 'NONE', #291, 1000.000000000000000 ) ;
#1162 = SURFACE_STYLE_USAGE ( .BOTH. , #1177 ) ;
#1163 = CARTESIAN_POINT ( 'NONE',  ( 260.0000000000000000, -50.00000000000000000, -50.00000000000000000 ) ) ;
#1164 = VERTEX_POINT ( 'NONE', #286 ) ;
#1165 = DIRECTION ( 'NONE',  ( -0.5000000000000011102, 0.000000000000000000, 0.8660254037844380415 ) ) ;
#1166 = AXIS2_PLACEMENT_3D ( 'NONE', #623, #1437, #418 ) ;
#1167 = VERTEX_POINT ( 'NONE', #2324 ) ;
#1168 =( BOUNDED_CURVE ( )  B_SPLINE_CURVE ( 3, ( #762, #1763, #1995, #2398 ),
 .UNSPECIFIED., .F., .F. )
 B_SPLINE_CURVE_WITH_KNOTS ( ( 4, 4 ),
 ( 4.057125477670915359, 4.712388980384689674 ),
 .UNSPECIFIED. )
 CURVE ( )  GEOMETRIC_REPRESENTATION_ITEM ( )  RATIONAL_B_SPLINE_CURVE ( ( 1.000000000000000000, 0.9645380695248413350, 0.9645380695248413350, 1.000000000000000000 ) )
 REPRESENTATION_ITEM ( '' )  );
#1169 = AXIS2_PLACEMENT_3D ( 'NONE', #2233, #200, #1823 ) ;
#1170 = CARTESIAN_POINT ( 'NONE',  ( 84.42468245269446925, -66.15063509461094782, -61.12787643056320519 ) ) ;
#1171 = ORIENTED_EDGE ( 'NONE', *, *, #2334, .F. ) ;
#1172 = CARTESIAN_POINT ( 'NONE',  ( 72.55486918009189878, -103.3012701892218672, -22.37024505275043396 ) ) ;
#1173 = EDGE_CURVE ( 'NONE', #2058, #1305, #500, .T. ) ;
#1174 = AXIS2_PLACEMENT_3D ( 'NONE', #1098, #1690, #1490 ) ;
#1175 = AXIS2_PLACEMENT_3D ( 'NONE', #2165, #748, #1556 ) ;
#1176 = DIRECTION ( 'NONE',  ( 0.000000000000000000, 0.000000000000000000, -1.000000000000000000 ) ) ;
#1177 = SURFACE_SIDE_STYLE ('',( #360 ) ) ;
#1178 = CARTESIAN_POINT ( 'NONE',  ( 70.22468245269445219, -17.24936490538906142, -36.53275496308518910 ) ) ;
#1179 = ORIENTED_EDGE ( 'NONE', *, *, #2593, .T. ) ;
#1180 = ORIENTED_EDGE ( 'NONE', *, *, #1371, .T. ) ;
#1181 = CARTESIAN_POINT ( 'NONE',  ( 234.4999999999998295, -37.15063509461094782, 44.16729559300652852 ) ) ;
#1182 = EDGE_LOOP ( 'NONE', ( #305, #890 ) ) ;
#1183 = DIRECTION ( 'NONE',  ( 0.5000000000000012212, 0.000000000000000000, -0.8660254037844380415 ) ) ;
#1184 = EDGE_CURVE ( 'NONE', #2067, #1028, #1001, .T. ) ;
#1185 = ORIENTED_EDGE ( 'NONE', *, *, #123, .T. ) ;
#1186 = ORIENTED_EDGE ( 'NONE', *, *, #1856, .F. ) ;
#1187 = ADVANCED_FACE ( 'NONE', ( #377 ), #1223, .T. ) ;
#1188 = CARTESIAN_POINT ( 'NONE',  ( 66.34936490538898113, -134.8518645242728269, -29.82050807568893447 ) ) ;
#1189 = EDGE_CURVE ( 'NONE', #720, #1693, #2018, .T. ) ;
#1190 =( NAMED_UNIT ( * ) PLANE_ANGLE_UNIT ( ) SI_UNIT ( $, .RADIAN. ) );
#1191 = ORIENTED_EDGE ( 'NONE', *, *, #404, .T. ) ;
#1192 = CARTESIAN_POINT ( 'NONE',  ( 51.98366630131695842, -17.24936490538906142, -84.93838820721478555 ) ) ;
#1193 = ORIENTED_EDGE ( 'NONE', *, *, #187, .F. ) ;
#1194 = CARTESIAN_POINT ( 'NONE',  ( 100.0000000000000000, -65.00000000000000000, -75.00000000000001421 ) ) ;
#1195 = ORIENTED_EDGE ( 'NONE', *, *, #1268, .T. ) ;
#1196 = ORIENTED_EDGE ( 'NONE', *, *, #2467, .F. ) ;
#1197 = LINE ( 'NONE', #6, #392 ) ;
#1198 = EDGE_CURVE ( 'NONE', #893, #1999, #1025, .T. ) ;
#1199 = DIRECTION ( 'NONE',  ( 0.000000000000000000, -1.000000000000000000, 0.000000000000000000 ) ) ;
#1200 = DIRECTION ( 'NONE',  ( -0.5000000000000012212, 0.000000000000000000, 0.8660254037844380415 ) ) ;
#1201 = PRODUCT_DEFINITION_FORMATION_WITH_SPECIFIED_SOURCE ( '�', '', #2069, .NOT_KNOWN. ) ;
#1202 = ORIENTED_EDGE ( 'NONE', *, *, #1776, .T. ) ;
#1203 = LINE ( 'NONE', #1019, #1705 ) ;
#1204 = VERTEX_POINT ( 'NONE', #2214 ) ;
#1205 = CARTESIAN_POINT ( 'NONE',  ( 33.08366630131692432, 20.55063509461093929, -52.20262794416304075 ) ) ;
#1206 = ORIENTED_EDGE ( 'NONE', *, *, #505, .F. ) ;
#1207 = VECTOR ( 'NONE', #596, 1000.000000000000114 ) ;
#1208 = ORIENTED_EDGE ( 'NONE', *, *, #469, .F. ) ;
#1209 = VECTOR ( 'NONE', #2618, 1000.000000000000000 ) ;
#1210 = CARTESIAN_POINT ( 'NONE',  ( 67.72468245269445219, -17.24936490538906142, -32.20262794416299812 ) ) ;
#1211 = VECTOR ( 'NONE', #508, 1000.000000000000000 ) ;
#1212 = VECTOR ( 'NONE', #1403, 1000.000000000000114 ) ;
#1213 = CARTESIAN_POINT ( 'NONE',  ( 92.80578732141384535, -90.50453814755927340, -58.77238278010615602 ) ) ;
#1214 = AXIS2_PLACEMENT_3D ( 'NONE', #2417, #592, #2178 ) ;
#1215 = CARTESIAN_POINT ( 'NONE',  ( 89.79306542240345834, -106.9616492895757602, -65.53399257735395622 ) ) ;
#1216 = EDGE_CURVE ( 'NONE', #1261, #2546, #1616, .T. ) ;
#1217 = ORIENTED_EDGE ( 'NONE', *, *, #2260, .T. ) ;
#1218 = LINE ( 'NONE', #1825, #260 ) ;
#1219 = VERTEX_POINT ( 'NONE', #2229 ) ;
#1220 = DIRECTION ( 'NONE',  ( 0.8660254037844380415, 0.000000000000000000, 0.5000000000000011102 ) ) ;
#1221 = ORIENTED_EDGE ( 'NONE', *, *, #1138, .T. ) ;
#1222 = ORIENTED_EDGE ( 'NONE', *, *, #103, .F. ) ;
#1223 = PLANE ( 'NONE',  #1244 ) ;
#1224 = DIRECTION ( 'NONE',  ( -0.8660254037844380415, 0.000000000000000000, -0.5000000000000012212 ) ) ;
#1225 = FACE_OUTER_BOUND ( 'NONE', #26, .T. ) ;
#1226 = ORIENTED_EDGE ( 'NONE', *, *, #1555, .T. ) ;
#1227 = LINE ( 'NONE', #984, #785 ) ;
#1228 = ADVANCED_FACE ( 'NONE', ( #954 ), #1830, .F. ) ;
#1229 = CARTESIAN_POINT ( 'NONE',  ( 91.03051010872769666, -49.99999999999995737, -15.57084224863302246 ) ) ;
#1230 = EDGE_LOOP ( 'NONE', ( #2083, #710 ) ) ;
#1231 = ORIENTED_EDGE ( 'NONE', *, *, #163, .T. ) ;
#1232 = SHAPE_DEFINITION_REPRESENTATION ( #2012, #443 ) ;
#1233 = LINE ( 'NONE', #215, #2010 ) ;
#1234 = CARTESIAN_POINT ( 'NONE',  ( 38.69392033916128071, -103.3012701892218672, -41.91987298107792981 ) ) ;
#1235 = DIRECTION ( 'NONE',  ( 0.8660254037844381525, -0.000000000000000000, 0.5000000000000012212 ) ) ;
#1236 = ORIENTED_EDGE ( 'NONE', *, *, #2274, .T. ) ;
#1237 = DIRECTION ( 'NONE',  ( 0.5000000000000005551, 0.000000000000000000, -0.8660254037844382635 ) ) ;
#1238 = CARTESIAN_POINT ( 'NONE',  ( 32.78366630131693427, -71.15063509461094782, -51.68301270189237329 ) ) ;
#1239 = EDGE_LOOP ( 'NONE', ( #1358, #2463, #663, #43 ) ) ;
#1240 = LINE ( 'NONE', #1252, #2003 ) ;
#1241 = VECTOR ( 'NONE', #2558, 1000.000000000000114 ) ;
#1242 = DIRECTION ( 'NONE',  ( -0.8660254037844380415, 0.000000000000000000, -0.5000000000000011102 ) ) ;
#1243 = VECTOR ( 'NONE', #1478, 1000.000000000000000 ) ;
#1244 = AXIS2_PLACEMENT_3D ( 'NONE', #590, #1809, #2440 ) ;
#1245 = VECTOR ( 'NONE', #895, 1000.000000000000000 ) ;
#1246 = FACE_OUTER_BOUND ( 'NONE', #983, .T. ) ;
#1247 = VECTOR ( 'NONE', #944, 1000.000000000000000 ) ;
#1248 = ORIENTED_EDGE ( 'NONE', *, *, #2232, .T. ) ;
#1249 = CARTESIAN_POINT ( 'NONE',  ( 51.19392033916131624, -103.3012701892218672, -63.57050807568888473 ) ) ;
#1250 = CARTESIAN_POINT ( 'NONE',  ( 130.4649587758133862, -37.15063509461094782, -1.060194888847364236 ) ) ;
#1251 = VERTEX_POINT ( 'NONE', #617 ) ;
#1252 = CARTESIAN_POINT ( 'NONE',  ( 69.92468245269445504, -37.15063509461094782, -36.01313972081450743 ) ) ;
#1253 = EDGE_CURVE ( 'NONE', #2432, #1305, #19, .T. ) ;
#1254 = CARTESIAN_POINT ( 'NONE',  ( 31.70834875401140707, -49.99999999999994316, -15.57084224863302246 ) ) ;
#1255 = CARTESIAN_POINT ( 'NONE',  ( 56.79449572529695445, -153.3012701892218956, -31.46950090940534039 ) ) ;
#1256 = EDGE_CURVE ( 'NONE', #1886, #782, #414, .T. ) ;
#1257 = DIRECTION ( 'NONE',  ( 0.8660254037844380415, 0.000000000000000000, 0.5000000000000011102 ) ) ;
#1258 = ORIENTED_EDGE ( 'NONE', *, *, #1856, .T. ) ;
#1259 = EDGE_CURVE ( 'NONE', #1572, #2437, #1197, .T. ) ;
#1260 = PLANE ( 'NONE',  #434 ) ;
#1261 = VERTEX_POINT ( 'NONE', #1629 ) ;
#1262 = DIRECTION ( 'NONE',  ( 0.8660254037844380415, 0.000000000000000000, 0.5000000000000012212 ) ) ;
#1263 = CARTESIAN_POINT ( 'NONE',  ( 31.70834875401146036, -30.00000000000002842, -49.82050807568897710 ) ) ;
#1264 = ORIENTED_EDGE ( 'NONE', *, *, #406, .T. ) ;
#1265 = FACE_OUTER_BOUND ( 'NONE', #729, .T. ) ;
#1266 = DIRECTION ( 'NONE',  ( -9.629649721936187476E-33, -3.469446951953617270E-17, -1.000000000000000000 ) ) ;
#1267 = LINE ( 'NONE', #1467, #218 ) ;
#1268 = EDGE_CURVE ( 'NONE', #736, #798, #197, .T. ) ;
#1269 = LINE ( 'NONE', #858, #638 ) ;
#1270 = EDGE_CURVE ( 'NONE', #564, #1627, #1015, .T. ) ;
#1271 = ORIENTED_EDGE ( 'NONE', *, *, #2416, .T. ) ;
#1272 = PLANE ( 'NONE',  #647 ) ;
#1273 = VERTEX_POINT ( 'NONE', #2001 ) ;
#1274 = DIRECTION ( 'NONE',  ( 0.000000000000000000, -1.000000000000000000, 0.000000000000000000 ) ) ;
#1275 = DIRECTION ( 'NONE',  ( 0.5000000000000005551, 0.000000000000000000, -0.8660254037844382635 ) ) ;
#1276 = ORIENTED_EDGE ( 'NONE', *, *, #1024, .T. ) ;
#1277 = CARTESIAN_POINT ( 'NONE',  ( 28.04729426455498853, 6.437980863289867003E-14, -101.9342188706945507 ) ) ;
#1278 = CARTESIAN_POINT ( 'NONE',  ( 87.99999999999994316, -128.3012701892218672, -67.32050807568882078 ) ) ;
#1279 = CARTESIAN_POINT ( 'NONE',  ( 67.42468245269445504, -71.15063509461094782, -31.68301270189232710 ) ) ;
#1280 = CARTESIAN_POINT ( 'NONE',  ( 245.1506350946108341, 0.000000000000000000, 25.71985447626419585 ) ) ;
#1281 = VECTOR ( 'NONE', #1113, 1000.000000000000000 ) ;
#1282 = ORIENTED_EDGE ( 'NONE', *, *, #1956, .F. ) ;
#1283 = VECTOR ( 'NONE', #232, 1000.000000000000114 ) ;
#1284 = LINE ( 'NONE', #1743, #1762 ) ;
#1285 = EDGE_LOOP ( 'NONE', ( #2155, #1128, #362, #2345 ) ) ;
#1286 = LINE ( 'NONE', #2043, #2005 ) ;
#1287 = VECTOR ( 'NONE', #1665, 1000.000000000000000 ) ;
#1288 = EDGE_CURVE ( 'NONE', #1073, #878, #1233, .T. ) ;
#1289 = CARTESIAN_POINT ( 'NONE',  ( 53.35898384862242239, -30.00000000000002842, -87.32050807568884920 ) ) ;
#1290 = VECTOR ( 'NONE', #1528, 1000.000000000000000 ) ;
#1291 = DIRECTION ( 'NONE',  ( -0.5000000000000011102, 0.000000000000000000, 0.8660254037844380415 ) ) ;
#1292 = ORIENTED_EDGE ( 'NONE', *, *, #1573, .F. ) ;
#1293 = CARTESIAN_POINT ( 'NONE',  ( 49.02885682970018166, -81.30127018922186721, -39.82050807568896289 ) ) ;
#1294 = VECTOR ( 'NONE', #1822, 1000.000000000000000 ) ;
#1295 = CARTESIAN_POINT ( 'NONE',  ( 101.8493649053892085, 0.000000000000000000, -91.30831174438417008 ) ) ;
#1296 = ADVANCED_FACE ( 'NONE', ( #2570 ), #1759, .F. ) ;
#1297 = DIRECTION ( 'NONE',  ( 0.5000000000000011102, 0.000000000000000000, -0.8660254037844379305 ) ) ;
#1298 = DIRECTION ( 'NONE',  ( -1.000000000000000000, 2.775557561562891351E-16, 0.000000000000000000 ) ) ;
#1299 = ORIENTED_EDGE ( 'NONE', *, *, #1919, .F. ) ;
#1300 = DIRECTION ( 'NONE',  ( 0.8660254037844378194, 0.000000000000000000, 0.5000000000000015543 ) ) ;
#1301 = DIRECTION ( 'NONE',  ( 0.5000000000000011102, 0.000000000000000000, -0.8660254037844379305 ) ) ;
#1302 = VERTEX_POINT ( 'NONE', #1641 ) ;
#1303 = CARTESIAN_POINT ( 'NONE',  ( 31.70834875401146036, 23.30127018922184590, -49.82050807568898421 ) ) ;
#1304 = CARTESIAN_POINT ( 'NONE',  ( 67.42468245269445504, -32.15063509461094782, -31.68301270189232710 ) ) ;
#1305 = VERTEX_POINT ( 'NONE', #534 ) ;
#1306 = CARTESIAN_POINT ( 'NONE',  ( 86.62468245269452893, 0.000000000000000000, -64.93838820721472871 ) ) ;
#1307 = ORIENTED_EDGE ( 'NONE', *, *, #158, .F. ) ;
#1308 = ADVANCED_FACE ( 'NONE', ( #2153 ), #810, .T. ) ;
#1309 = FACE_OUTER_BOUND ( 'NONE', #2027, .T. ) ;
#1310 = CARTESIAN_POINT ( 'NONE',  ( 77.82813289567592108, -4.999999999999949374, -5.750448814660330754 ) ) ;
#1311 = EDGE_CURVE ( 'NONE', #2000, #1142, #356, .T. ) ;
#1312 = CARTESIAN_POINT ( 'NONE',  ( 53.35898384862242239, 23.30127018922184590, -87.32050807568884920 ) ) ;
#1313 = ORIENTED_EDGE ( 'NONE', *, *, #1946, .T. ) ;
#1314 = LINE ( 'NONE', #1148, #1845 ) ;
#1315 = DIRECTION ( 'NONE',  ( 0.000000000000000000, -1.000000000000000000, -0.000000000000000000 ) ) ;
#1316 = ORIENTED_EDGE ( 'NONE', *, *, #760, .F. ) ;
#1317 = LINE ( 'NONE', #1686, #223 ) ;
#1318 = LINE ( 'NONE', #323, #1672 ) ;
#1319 = ORIENTED_EDGE ( 'NONE', *, *, #419, .T. ) ;
#1320 = CARTESIAN_POINT ( 'NONE',  ( 136.3631225541691094, -17.24936490538906142, 1.652291233283260885 ) ) ;
#1321 = ORIENTED_EDGE ( 'NONE', *, *, #74, .F. ) ;
#1322 = CARTESIAN_POINT ( 'NONE',  ( 35.17418301345015408, -4.999999999999937828, -88.86984521650695967 ) ) ;
#1323 = ADVANCED_FACE ( 'NONE', ( #182 ), #1396, .F. ) ;
#1324 = DIRECTION ( 'NONE',  ( 0.8660254037844380415, 0.000000000000000000, 0.5000000000000011102 ) ) ;
#1325 = CIRCLE ( 'NONE', #1755, 24.99999999999999289 ) ;
#1326 = DIRECTION ( 'NONE',  ( 0.5000000000000011102, 0.000000000000000000, -0.8660254037844380415 ) ) ;
#1327 = ADVANCED_FACE ( 'NONE', ( #480 ), #2451, .F. ) ;
#1328 = ORIENTED_EDGE ( 'NONE', *, *, #108, .T. ) ;
#1329 = CARTESIAN_POINT ( 'NONE',  ( 83.11185349621335661, -81.30127018922183879, -58.85398997629042128 ) ) ;
#1330 = PLANE ( 'NONE',  #1002 ) ;
#1331 = AXIS2_PLACEMENT_3D ( 'NONE', #2163, #342, #977 ) ;
#1332 = ORIENTED_EDGE ( 'NONE', *, *, #1680, .T. ) ;
#1333 = VECTOR ( 'NONE', #1821, 1000.000000000000000 ) ;
#1334 = DIRECTION ( 'NONE',  ( 0.000000000000000000, 1.000000000000000000, 0.000000000000000000 ) ) ;
#1335 = LINE ( 'NONE', #2374, #826 ) ;
#1336 = ORIENTED_EDGE ( 'NONE', *, *, #2154, .T. ) ;
#1337 = VECTOR ( 'NONE', #1334, 1000.000000000000000 ) ;
#1338 = CARTESIAN_POINT ( 'NONE',  ( 94.51923788646676883, -5.000000000000004441, -19.33012701892226914 ) ) ;
#1339 = ORIENTED_EDGE ( 'NONE', *, *, #1384, .F. ) ;
#1340 = VECTOR ( 'NONE', #536, 1000.000000000000000 ) ;
#1341 = CARTESIAN_POINT ( 'NONE',  ( 112.6811452033386587, 0.000000000000000000, -53.07084224863293542 ) ) ;
#1342 = CARTESIAN_POINT ( 'NONE',  ( 88.75480947161668155, -37.15063509461094782, -58.62787643056319808 ) ) ;
#1343 = VECTOR ( 'NONE', #1913, 1000.000000000000000 ) ;
#1344 = EDGE_CURVE ( 'NONE', #2365, #2249, #1864, .T. ) ;
#1345 = ORIENTED_EDGE ( 'NONE', *, *, #2382, .T. ) ;
#1346 = EDGE_CURVE ( 'NONE', #195, #31, #2060, .T. ) ;
#1347 = CARTESIAN_POINT ( 'NONE',  ( 42.97408949086356245, -5.000000000000000000, 69.94868888593960321 ) ) ;
#1348 = CARTESIAN_POINT ( 'NONE',  ( 67.34936490538895271, 0.000000000000000000, -31.55255888325783786 ) ) ;
#1349 = ORIENTED_EDGE ( 'NONE', *, *, #1020, .T. ) ;
#1350 = DIRECTION ( 'NONE',  ( 1.000000000000000000, -0.000000000000000000, -0.000000000000000000 ) ) ;
#1351 = LINE ( 'NONE', #1932, #2017 ) ;
#1352 = EDGE_LOOP ( 'NONE', ( #383, #1313, #234, #2101 ) ) ;
#1353 = PLANE ( 'NONE',  #1835 ) ;
#1354 = ORIENTED_EDGE ( 'NONE', *, *, #1923, .F. ) ;
#1355 =( BOUNDED_CURVE ( )  B_SPLINE_CURVE ( 3, ( #1172, #1566, #2563, #99 ),
 .UNSPECIFIED., .F., .F. )
 B_SPLINE_CURVE_WITH_KNOTS ( ( 4, 4 ),
 ( 1.570796326794897224, 2.094395102393201036 ),
 .UNSPECIFIED. )
 CURVE ( )  GEOMETRIC_REPRESENTATION_ITEM ( )  RATIONAL_B_SPLINE_CURVE ( ( 1.000000000000000000, 0.9772838841927118381, 0.9772838841927118381, 1.000000000000000000 ) )
 REPRESENTATION_ITEM ( '' )  );
#1356 = DIRECTION ( 'NONE',  ( 0.5000000000000011102, 0.000000000000000000, -0.8660254037844380415 ) ) ;
#1357 = FACE_OUTER_BOUND ( 'NONE', #1285, .T. ) ;
#1358 = ORIENTED_EDGE ( 'NONE', *, *, #2623, .F. ) ;
#1359 = PLANE ( 'NONE',  #2441 ) ;
#1360 = EDGE_CURVE ( 'NONE', #1720, #517, #229, .T. ) ;
#1361 = ORIENTED_EDGE ( 'NONE', *, *, #423, .T. ) ;
#1362 = FACE_OUTER_BOUND ( 'NONE', #1870, .T. ) ;
#1363 = CARTESIAN_POINT ( 'NONE',  ( 70.67949192431116501, -73.30127018922186721, -77.32050807568884920 ) ) ;
#1364 = ORIENTED_EDGE ( 'NONE', *, *, #2050, .T. ) ;
#1365 = CARTESIAN_POINT ( 'NONE',  ( 101.8493649053892085, -134.8518645242728269, -91.30831174438417008 ) ) ;
#1366 = VERTEX_POINT ( 'NONE', #1892 ) ;
#1367 = DIRECTION ( 'NONE',  ( 0.000000000000000000, 1.000000000000000000, 0.000000000000000000 ) ) ;
#1368 = ORIENTED_EDGE ( 'NONE', *, *, #2004, .F. ) ;
#1369 = CARTESIAN_POINT ( 'NONE',  ( 220.6246824526943442, 0.000000000000000000, 18.20005055609152933 ) ) ;
#1370 = LINE ( 'NONE', #184, #2361 ) ;
#1371 = EDGE_CURVE ( 'NONE', #2071, #2249, #1877, .T. ) ;
#1372 = VECTOR ( 'NONE', #1587, 1000.000000000000114 ) ;
#1373 = LINE ( 'NONE', #2181, #1422 ) ;
#1374 = ORIENTED_EDGE ( 'NONE', *, *, #123, .F. ) ;
#1375 = CARTESIAN_POINT ( 'NONE',  ( 47.94310851549407460, 19.42617797022817427, 2.060063168748155427 ) ) ;
#1376 = VECTOR ( 'NONE', #1262, 999.9999999999998863 ) ;
#1377 = EDGE_LOOP ( 'NONE', ( #746, #246, #2146, #1696, #2158, #126, #897, #2368 ) ) ;
#1378 = EDGE_CURVE ( 'NONE', #1862, #2210, #2287, .T. ) ;
#1379 = VECTOR ( 'NONE', #825, 1000.000000000000114 ) ;
#1380 = DIRECTION ( 'NONE',  ( 0.000000000000000000, 0.000000000000000000, 1.000000000000000000 ) ) ;
#1381 = VERTEX_POINT ( 'NONE', #2262 ) ;
#1382 = LINE ( 'NONE', #1979, #2135 ) ;
#1383 = VECTOR ( 'NONE', #1679, 1000.000000000000114 ) ;
#1384 = EDGE_CURVE ( 'NONE', #1273, #720, #666, .T. ) ;
#1385 = ADVANCED_FACE ( 'NONE', ( #440 ), #69, .F. ) ;
#1386 = AXIS2_PLACEMENT_3D ( 'NONE', #1861, #2113, #2271 ) ;
#1387 = EDGE_CURVE ( 'NONE', #1470, #517, #1056, .T. ) ;
#1388 = LINE ( 'NONE', #2231, #2603 ) ;
#1389 = ORIENTED_EDGE ( 'NONE', *, *, #1923, .T. ) ;
#1390 = DIRECTION ( 'NONE',  ( -0.8660254037844380415, -4.842171946378971851E-16, -0.5000000000000012212 ) ) ;
#1391 = ORIENTED_EDGE ( 'NONE', *, *, #605, .F. ) ;
#1392 = CARTESIAN_POINT ( 'NONE',  ( 38.25852721543115820, -81.30127018922186721, -21.16574996951136356 ) ) ;
#1393 = ORIENTED_EDGE ( 'NONE', *, *, #1573, .T. ) ;
#1394 = ADVANCED_FACE ( 'NONE', ( #855 ), #452, .T. ) ;
#1395 = ORIENTED_EDGE ( 'NONE', *, *, #1680, .F. ) ;
#1396 = PLANE ( 'NONE',  #2352 ) ;
#1397 = EDGE_CURVE ( 'NONE', #417, #279, #1067, .T. ) ;
#1398 = CARTESIAN_POINT ( 'NONE',  ( 66.34936490538898113, 23.30127018922184590, -29.82050807568893802 ) ) ;
#1399 = PLANE ( 'NONE',  #2222 ) ;
#1400 = ORIENTED_EDGE ( 'NONE', *, *, #2246, .T. ) ;
#1401 = DIRECTION ( 'NONE',  ( 1.000000000000000000, -2.775557561562891844E-16, -0.000000000000000000 ) ) ;
#1402 = ORIENTED_EDGE ( 'NONE', *, *, #1149, .T. ) ;
#1403 = DIRECTION ( 'NONE',  ( -0.6704553245517361759, 0.6329714662133676395, -0.3870875621095639096 ) ) ;
#1404 = ORIENTED_EDGE ( 'NONE', *, *, #230, .T. ) ;
#1405 = VERTEX_POINT ( 'NONE', #2301 ) ;
#1406 = EDGE_CURVE ( 'NONE', #1627, #1427, #281, .T. ) ;
#1407 = DIRECTION ( 'NONE',  ( -0.5000000000000011102, 0.000000000000000000, 0.8660254037844379305 ) ) ;
#1408 = EDGE_CURVE ( 'NONE', #2196, #1874, #678, .T. ) ;
#1409 = DIRECTION ( 'NONE',  ( -1.000000000000000000, 0.000000000000000000, 0.000000000000000000 ) ) ;
#1410 = DIRECTION ( 'NONE',  ( 0.8660254037844379305, 0.000000000000000000, 0.5000000000000014433 ) ) ;
#1411 = EDGE_CURVE ( 'NONE', #51, #1204, #1046, .T. ) ;
#1412 = ORIENTED_EDGE ( 'NONE', *, *, #750, .F. ) ;
#1413 = CARTESIAN_POINT ( 'NONE',  ( 51.98366630131695842, 20.55063509461093929, -84.93838820721478555 ) ) ;
#1414 = ORIENTED_EDGE ( 'NONE', *, *, #2501, .T. ) ;
#1415 = AXIS2_PLACEMENT_3D ( 'NONE', #652, #306, #1562 ) ;
#1416 = DIRECTION ( 'NONE',  ( 0.5000000000000013323, 0.000000000000000000, -0.8660254037844379305 ) ) ;
#1417 = ORIENTED_EDGE ( 'NONE', *, *, #744, .T. ) ;
#1418 = ORIENTED_EDGE ( 'NONE', *, *, #1216, .F. ) ;
#1419 = VECTOR ( 'NONE', #300, 1000.000000000000000 ) ;
#1420 = DIRECTION ( 'NONE',  ( 0.5000000000000011102, -1.387778780781448634E-16, -0.8660254037844379305 ) ) ;
#1421 = VECTOR ( 'NONE', #734, 999.9999999999998863 ) ;
#1422 = VECTOR ( 'NONE', #361, 1000.000000000000000 ) ;
#1423 = DIRECTION ( 'NONE',  ( 0.000000000000000000, 1.000000000000000000, 0.000000000000000000 ) ) ;
#1424 = EDGE_CURVE ( 'NONE', #2148, #1673, #251, .T. ) ;
#1425 = AXIS2_PLACEMENT_3D ( 'NONE', #2020, #379, #162 ) ;
#1426 = PLANE ( 'NONE',  #1169 ) ;
#1427 = VERTEX_POINT ( 'NONE', #637 ) ;
#1428 = LINE ( 'NONE', #1610, #1876 ) ;
#1429 = CARTESIAN_POINT ( 'NONE',  ( 65.91635220349661495, -103.3012701892218672, -55.07050807568897710 ) ) ;
#1430 = ORIENTED_EDGE ( 'NONE', *, *, #1198, .F. ) ;
#1431 = ORIENTED_EDGE ( 'NONE', *, *, #2250, .F. ) ;
#1432 = DIRECTION ( 'NONE',  ( 1.000000000000000000, 0.000000000000000000, 0.000000000000000000 ) ) ;
#1433 = DIRECTION ( 'NONE',  ( -0.6704553245517352877, 0.6329714662133689718, -0.3870875621095634100 ) ) ;
#1434 = ADVANCED_FACE ( 'NONE', ( #2087 ), #266, .F. ) ;
#1435 = DIRECTION ( 'NONE',  ( -0.8161262409927313444, 0.5778736529407394462, 0.000000000000000000 ) ) ;
#1436 = ORIENTED_EDGE ( 'NONE', *, *, #255, .T. ) ;
#1437 = DIRECTION ( 'NONE',  ( -3.605555036969201199E-16, 1.000000000000000000, 6.245004513516519345E-16 ) ) ;
#1438 = DIRECTION ( 'NONE',  ( 0.5000000000000011102, 0.000000000000000000, -0.8660254037844379305 ) ) ;
#1439 = VERTEX_POINT ( 'NONE', #1904 ) ;
#1440 = VERTEX_POINT ( 'NONE', #84 ) ;
#1441 = CARTESIAN_POINT ( 'NONE',  ( 66.34936490538895271, -128.3012701892218672, -29.82050807568892381 ) ) ;
#1442 = CARTESIAN_POINT ( 'NONE',  ( 260.0000000000000000, 0.000000000000000000, -75.00000000000001421 ) ) ;
#1443 = ORIENTED_EDGE ( 'NONE', *, *, #199, .T. ) ;
#1444 = CARTESIAN_POINT ( 'NONE',  ( 68.14554272575806237, -110.5003793765713880, -30.61536824630109876 ) ) ;
#1445 = EDGE_CURVE ( 'NONE', #308, #876, #2378, .T. ) ;
#1446 = VECTOR ( 'NONE', #1058, 1000.000000000000114 ) ;
#1447 = LINE ( 'NONE', #236, #1132 ) ;
#1448 = ORIENTED_EDGE ( 'NONE', *, *, #951, .T. ) ;
#1449 = CARTESIAN_POINT ( 'NONE',  ( 31.70834875401146036, -73.30127018922186721, -49.82050807568897710 ) ) ;
#1450 = EDGE_CURVE ( 'NONE', #720, #642, #1703, .T. ) ;
#1451 = DIRECTION ( 'NONE',  ( 0.000000000000000000, 1.000000000000000000, 0.000000000000000000 ) ) ;
#1452 = CARTESIAN_POINT ( 'NONE',  ( 260.0000000000000000, 35.00000000000000000, 0.000000000000000000 ) ) ;
#1453 = AXIS2_PLACEMENT_3D ( 'NONE', #1146, #1937, #116 ) ;
#1454 = DIRECTION ( 'NONE',  ( 0.5000000000000012212, 7.211110073938385635E-16, -0.8660254037844380415 ) ) ;
#1455 = VECTOR ( 'NONE', #2281, 1000.000000000000114 ) ;
#1456 = ORIENTED_EDGE ( 'NONE', *, *, #579, .T. ) ;
#1457 = AXIS2_PLACEMENT_3D ( 'NONE', #628, #2275, #2049 ) ;
#1458 = DIRECTION ( 'NONE',  ( 0.000000000000000000, 0.000000000000000000, -1.000000000000000000 ) ) ;
#1459 = AXIS2_PLACEMENT_3D ( 'NONE', #1194, #179, #25 ) ;
#1460 = ORIENTED_EDGE ( 'NONE', *, *, #2512, .F. ) ;
#1461 = LINE ( 'NONE', #1063, #2468 ) ;
#1462 = FACE_OUTER_BOUND ( 'NONE', #1985, .T. ) ;
#1463 = ORIENTED_EDGE ( 'NONE', *, *, #800, .F. ) ;
#1464 = DIRECTION ( 'NONE',  ( -0.5000000000000012212, 0.000000000000000000, 0.8660254037844380415 ) ) ;
#1465 = DIRECTION ( 'NONE',  ( 0.6704553245517353988, -0.6329714662133686387, 0.3870875621095637986 ) ) ;
#1466 = EDGE_CURVE ( 'NONE', #1007, #4, #479, .T. ) ;
#1467 = CARTESIAN_POINT ( 'NONE',  ( 110.0000000000000142, 35.00000000000000000, -75.00000000000001421 ) ) ;
#1468 = LINE ( 'NONE', #1234, #1582 ) ;
#1469 = ADVANCED_FACE ( 'NONE', ( #352 ), #2561, .F. ) ;
#1470 = VERTEX_POINT ( 'NONE', #697 ) ;
#1471 = DIRECTION ( 'NONE',  ( 0.000000000000000000, 0.000000000000000000, -1.000000000000000000 ) ) ;
#1472 = ORIENTED_EDGE ( 'NONE', *, *, #1466, .T. ) ;
#1473 = DIRECTION ( 'NONE',  ( 1.000000000000000000, -2.775557561562891844E-16, 0.000000000000000000 ) ) ;
#1474 = DIRECTION ( 'NONE',  ( 1.000000000000000000, 0.000000000000000000, 0.000000000000000000 ) ) ;
#1475 = ORIENTED_EDGE ( 'NONE', *, *, #1344, .T. ) ;
#1476 = LINE ( 'NONE', #1277, #468 ) ;
#1477 = DIRECTION ( 'NONE',  ( 0.000000000000000000, 1.000000000000000000, -3.469446951953617270E-17 ) ) ;
#1478 = DIRECTION ( 'NONE',  ( 0.000000000000000000, -1.000000000000000000, 0.000000000000000000 ) ) ;
#1479 = EDGE_CURVE ( 'NONE', #381, #1886, #293, .T. ) ;
#1480 = FACE_OUTER_BOUND ( 'NONE', #1927, .T. ) ;
#1481 = VERTEX_POINT ( 'NONE', #142 ) ;
#1482 = EDGE_CURVE ( 'NONE', #814, #551, #741, .T. ) ;
#1483 = DIRECTION ( 'NONE',  ( -0.8660254037844378194, 0.000000000000000000, -0.5000000000000015543 ) ) ;
#1484 = EDGE_LOOP ( 'NONE', ( #324, #1768, #1430, #817 ) ) ;
#1485 = DIRECTION ( 'NONE',  ( -0.5000000000000011102, 0.000000000000000000, 0.8660254037844380415 ) ) ;
#1486 = PLANE ( 'NONE',  #2568 ) ;
#1487 = DIRECTION ( 'NONE',  ( -0.8660254037844380415, 0.000000000000000000, -0.5000000000000011102 ) ) ;
#1488 = ORIENTED_EDGE ( 'NONE', *, *, #836, .T. ) ;
#1489 = DIRECTION ( 'NONE',  ( 1.000000000000000000, 0.000000000000000000, 0.000000000000000000 ) ) ;
#1490 = DIRECTION ( 'NONE',  ( -0.000000000000000000, 0.000000000000000000, -1.000000000000000000 ) ) ;
#1491 = CARTESIAN_POINT ( 'NONE',  ( 130.0000000000000000, -4.999999999999959144, -70.00000000000000000 ) ) ;
#1492 = LINE ( 'NONE', #1794, #105 ) ;
#1493 = COLOUR_RGB ( '',0.7921568627450980005, 0.8196078431372548767, 0.9333333333333333481 ) ;
#1494 = ORIENTED_EDGE ( 'NONE', *, *, #1519, .T. ) ;
#1495 = CARTESIAN_POINT ( 'NONE',  ( 58.83622518457442396, -103.3012701892218672, -52.80736835487458336 ) ) ;
#1496 = CARTESIAN_POINT ( 'NONE',  ( 88.45480947161668439, -5.000000000000000000, -58.10826118829255194 ) ) ;
#1497 = ORIENTED_EDGE ( 'NONE', *, *, #529, .F. ) ;
#1498 = PLANE ( 'NONE',  #97 ) ;
#1499 = AXIS2_PLACEMENT_3D ( 'NONE', #2502, #1298, #2350 ) ;
#1500 = DIRECTION ( 'NONE',  ( 0.5000000000000007772, 0.000000000000000000, -0.8660254037844382635 ) ) ;
#1501 = VECTOR ( 'NONE', #1758, 1000.000000000000000 ) ;
#1502 = CARTESIAN_POINT ( 'NONE',  ( 260.0000000000000000, 0.000000000000000000, -50.00000000000000000 ) ) ;
#1503 = ORIENTED_EDGE ( 'NONE', *, *, #621, .F. ) ;
#1504 = CARTESIAN_POINT ( 'NONE',  ( 61.69392033916133755, -103.3012701892218672, -81.75704155516208971 ) ) ;
#1505 = ORIENTED_EDGE ( 'NONE', *, *, #991, .T. ) ;
#1506 = CARTESIAN_POINT ( 'NONE',  ( 86.99999999999991473, 19.42617797022816362, -65.58845726811996713 ) ) ;
#1507 = LINE ( 'NONE', #481, #738 ) ;
#1508 = DIRECTION ( 'NONE',  ( -0.5000000000000014433, 0.000000000000000000, 0.8660254037844379305 ) ) ;
#1509 = ORIENTED_EDGE ( 'NONE', *, *, #619, .F. ) ;
#1510 = DIRECTION ( 'NONE',  ( -0.5000000000000014433, 0.000000000000000000, 0.8660254037844379305 ) ) ;
#1511 = CARTESIAN_POINT ( 'NONE',  ( 69.92468245269445504, -66.15063509461094782, -36.01313972081450743 ) ) ;
#1512 = ORIENTED_EDGE ( 'NONE', *, *, #489, .F. ) ;
#1513 = EDGE_CURVE ( 'NONE', #51, #2438, #1551, .T. ) ;
#1514 = DIRECTION ( 'NONE',  ( 0.8660254037844379305, 0.000000000000000000, 0.5000000000000011102 ) ) ;
#1515 = CARTESIAN_POINT ( 'NONE',  ( 32.78366630131693427, -32.15063509461094782, -51.68301270189237329 ) ) ;
#1516 = ORIENTED_EDGE ( 'NONE', *, *, #2277, .F. ) ;
#1517 = PLANE ( 'NONE',  #1623 ) ;
#1518 = ORIENTED_EDGE ( 'NONE', *, *, #665, .F. ) ;
#1519 = EDGE_CURVE ( 'NONE', #798, #804, #2118, .T. ) ;
#1520 = CARTESIAN_POINT ( 'NONE',  ( 67.72468245269445219, -17.24936490538906142, -32.20262794416299812 ) ) ;
#1521 = DIRECTION ( 'NONE',  ( 0.5000000000000008882, 0.000000000000000000, -0.8660254037844380415 ) ) ;
#1522 = CARTESIAN_POINT ( 'NONE',  ( 65.91635220349661495, -103.3012701892218672, -55.07050807568897710 ) ) ;
#1523 = VERTEX_POINT ( 'NONE', #341 ) ;
#1524 = CARTESIAN_POINT ( 'NONE',  ( 125.2114406573402192, -90.50453814755928761, -1.609975487135843375 ) ) ;
#1525 = CARTESIAN_POINT ( 'NONE',  ( 67.72468245269445219, -17.24936490538906142, -32.20262794416299812 ) ) ;
#1526 = EDGE_LOOP ( 'NONE', ( #1748, #2390, #262, #1328, #974, #1180 ) ) ;
#1527 = CARTESIAN_POINT ( 'NONE',  ( 66.34936490538892429, -81.30127018922185300, -29.82050807568893802 ) ) ;
#1528 = DIRECTION ( 'NONE',  ( -1.000000000000000000, 4.625929269271481378E-15, 0.000000000000000000 ) ) ;
#1529 = EDGE_LOOP ( 'NONE', ( #1121, #2615, #1082, #1151 ) ) ;
#1530 = ADVANCED_FACE ( 'NONE', ( #115, #757 ), #541, .T. ) ;
#1531 = LINE ( 'NONE', #339, #2429 ) ;
#1532 = ORIENTED_EDGE ( 'NONE', *, *, #1424, .F. ) ;
#1533 = LINE ( 'NONE', #495, #2354 ) ;
#1534 = EDGE_CURVE ( 'NONE', #1439, #135, #2346, .T. ) ;
#1535 = CARTESIAN_POINT ( 'NONE',  ( 100.0000000000000000, -49.99999999999996447, -60.39230484541324273 ) ) ;
#1536 = CARTESIAN_POINT ( 'NONE',  ( 45.20226166743676544, 15.55530234913254972, 0.4776345032147292224 ) ) ;
#1537 = ORIENTED_EDGE ( 'NONE', *, *, #1739, .F. ) ;
#1538 = AXIS2_PLACEMENT_3D ( 'NONE', #422, #82, #1464 ) ;
#1539 = CARTESIAN_POINT ( 'NONE',  ( 144.9649587758133862, -66.15063509461094782, -26.17493159859606777 ) ) ;
#1540 = LINE ( 'NONE', #256, #1628 ) ;
#1541 = VECTOR ( 'NONE', #35, 1000.000000000000000 ) ;
#1542 = EDGE_LOOP ( 'NONE', ( #1882, #447, #513, #1813, #1859, #370, #645, #828 ) ) ;
#1543 = VECTOR ( 'NONE', #749, 1000.000000000000000 ) ;
#1544 = CARTESIAN_POINT ( 'NONE',  ( 67.42468245269445504, -71.15063509461094782, -31.68301270189232710 ) ) ;
#1545 = DIRECTION ( 'NONE',  ( -0.5000000000000011102, 0.000000000000000000, 0.8660254037844379305 ) ) ;
#1546 = ORIENTED_EDGE ( 'NONE', *, *, #1919, .T. ) ;
#1547 = VECTOR ( 'NONE', #40, 1000.000000000000000 ) ;
#1548 = DIRECTION ( 'NONE',  ( 0.000000000000000000, -1.000000000000000000, -0.000000000000000000 ) ) ;
#1549 = VERTEX_POINT ( 'NONE', #1170 ) ;
#1550 = VECTOR ( 'NONE', #2169, 1000.000000000000114 ) ;
#1551 = LINE ( 'NONE', #1112, #865 ) ;
#1552 = LINE ( 'NONE', #2548, #309 ) ;
#1553 = VECTOR ( 'NONE', #939, 1000.000000000000114 ) ;
#1554 = ORIENTED_EDGE ( 'NONE', *, *, #2192, .F. ) ;
#1555 = EDGE_CURVE ( 'NONE', #1916, #1167, #1078, .T. ) ;
#1556 = DIRECTION ( 'NONE',  ( 0.5000000000000011102, 0.000000000000000000, -0.8660254037844379305 ) ) ;
#1557 = DIRECTION ( 'NONE',  ( 0.000000000000000000, 0.000000000000000000, -1.000000000000000000 ) ) ;
#1558 = ORIENTED_EDGE ( 'NONE', *, *, #489, .T. ) ;
#1559 = DIRECTION ( 'NONE',  ( -0.5000000000000012212, 0.000000000000000000, 0.8660254037844379305 ) ) ;
#1560 = LINE ( 'NONE', #2384, #2307 ) ;
#1561 = ORIENTED_EDGE ( 'NONE', *, *, #317, .F. ) ;
#1562 = DIRECTION ( 'NONE',  ( -0.5000000000000012212, 0.000000000000000000, 0.8660254037844379305 ) ) ;
#1563 = ORIENTED_EDGE ( 'NONE', *, *, #2205, .T. ) ;
#1564 = CARTESIAN_POINT ( 'NONE',  ( 112.6811452033386871, -50.00000000000000000, -53.07084224863292121 ) ) ;
#1565 = ORIENTED_EDGE ( 'NONE', *, *, #2232, .F. ) ;
#1566 = CARTESIAN_POINT ( 'NONE',  ( 73.94616904495450171, -98.88735236914850191, -21.56697770124850067 ) ) ;
#1567 = EDGE_CURVE ( 'NONE', #2485, #1961, #1533, .T. ) ;
#1568 = CARTESIAN_POINT ( 'NONE',  ( 31.70834875401146036, -30.00000000000002842, -49.82050807568897710 ) ) ;
#1569 = ADVANCED_FACE ( 'NONE', ( #1309 ), #1936, .T. ) ;
#1570 = PLANE ( 'NONE',  #525 ) ;
#1571 = DIRECTION ( 'NONE',  ( -0.8660254037844379305, 0.000000000000000000, -0.5000000000000013323 ) ) ;
#1572 = VERTEX_POINT ( 'NONE', #1721 ) ;
#1573 = EDGE_CURVE ( 'NONE', #1961, #2523, #2131, .T. ) ;
#1574 = ORIENTED_EDGE ( 'NONE', *, *, #2629, .T. ) ;
#1575 = CARTESIAN_POINT ( 'NONE',  ( 123.5000000000001421, 0.000000000000000000, -128.8083117443841275 ) ) ;
#1576 = ORIENTED_EDGE ( 'NONE', *, *, #1929, .F. ) ;
#1577 = CARTESIAN_POINT ( 'NONE',  ( 74.25480947161663892, -37.15063509461094782, -33.51313972081450743 ) ) ;
#1578 = ORIENTED_EDGE ( 'NONE', *, *, #1581, .T. ) ;
#1579 = CARTESIAN_POINT ( 'NONE',  ( 67.72468245269445219, 20.55063509461093929, -32.20262794416299812 ) ) ;
#1580 = CARTESIAN_POINT ( 'NONE',  ( 49.02885682970018166, -73.30127018922186721, -39.82050807568896289 ) ) ;
#1581 = EDGE_CURVE ( 'NONE', #1999, #1793, #310, .T. ) ;
#1582 = VECTOR ( 'NONE', #1257, 1000.000000000000114 ) ;
#1583 = EDGE_CURVE ( 'NONE', #1028, #2546, #526, .T. ) ;
#1584 = CARTESIAN_POINT ( 'NONE',  ( 33.08366630131692432, -17.24936490538906142, -52.20262794416304075 ) ) ;
#1585 = VERTEX_POINT ( 'NONE', #1341 ) ;
#1586 = ORIENTED_EDGE ( 'NONE', *, *, #2565, .F. ) ;
#1587 = DIRECTION ( 'NONE',  ( 0.8660254037844380415, 0.000000000000000000, 0.5000000000000011102 ) ) ;
#1588 = VECTOR ( 'NONE', #267, 1000.000000000000114 ) ;
#1589 = ORIENTED_EDGE ( 'NONE', *, *, #378, .T. ) ;
#1590 = AXIS2_PLACEMENT_3D ( 'NONE', #2426, #1150, #1954 ) ;
#1591 = DIRECTION ( 'NONE',  ( 0.8660254037844380415, -0.000000000000000000, 0.5000000000000014433 ) ) ;
#1592 = EDGE_LOOP ( 'NONE', ( #321, #485 ) ) ;
#1593 = EDGE_LOOP ( 'NONE', ( #1661, #1292, #1054, #1646 ) ) ;
#1594 = VECTOR ( 'NONE', #1130, 999.9999999999998863 ) ;
#1595 = VECTOR ( 'NONE', #193, 1000.000000000000000 ) ;
#1596 = CARTESIAN_POINT ( 'NONE',  ( 130.0000000000000000, -50.00000000000000000, -71.00000000000001421 ) ) ;
#1597 = ORIENTED_EDGE ( 'NONE', *, *, #790, .F. ) ;
#1598 = DIRECTION ( 'NONE',  ( -0.6704553245517352877, 0.6329714662133689718, -0.3870875621095634100 ) ) ;
#1599 = ORIENTED_EDGE ( 'NONE', *, *, #681, .T. ) ;
#1600 = EDGE_CURVE ( 'NONE', #804, #1381, #1950, .T. ) ;
#1601 = CARTESIAN_POINT ( 'NONE',  ( 234.4999999999998295, -17.24936490538905787, 44.16729559300652852 ) ) ;
#1602 = ORIENTED_EDGE ( 'NONE', *, *, #1259, .T. ) ;
#1603 = ORIENTED_EDGE ( 'NONE', *, *, #141, .T. ) ;
#1604 = EDGE_CURVE ( 'NONE', #1585, #1947, #975, .T. ) ;
#1605 = CARTESIAN_POINT ( 'NONE',  ( 65.91635220349661495, -103.3012701892218672, -55.07050807568897710 ) ) ;
#1606 =( BOUNDED_CURVE ( )  B_SPLINE_CURVE ( 3, ( #2302, #698, #1255, #442 ),
 .UNSPECIFIED., .F., .F. )
 B_SPLINE_CURVE_WITH_KNOTS ( ( 4, 4 ),
 ( 4.712388980384689674, 7.853981633974483678 ),
 .UNSPECIFIED. )
 CURVE ( )  GEOMETRIC_REPRESENTATION_ITEM ( )  RATIONAL_B_SPLINE_CURVE ( ( 1.000000000000000000, 0.3333333333333330373, 0.3333333333333330373, 1.000000000000000000 ) )
 REPRESENTATION_ITEM ( '' )  );
#1607 = PLANE ( 'NONE',  #1425 ) ;
#1608 = LINE ( 'NONE', #1584, #10 ) ;
#1609 = VERTEX_POINT ( 'NONE', #1577 ) ;
#1610 = CARTESIAN_POINT ( 'NONE',  ( 31.70834875401143549, 1.646520875699976576E-14, -15.57084224863302424 ) ) ;
#1611 = ORIENTED_EDGE ( 'NONE', *, *, #2334, .T. ) ;
#1612 = DIRECTION ( 'NONE',  ( -0.5000000000000012212, 0.000000000000000000, 0.8660254037844380415 ) ) ;
#1613 = EDGE_CURVE ( 'NONE', #243, #2480, #1782, .T. ) ;
#1614 = EDGE_LOOP ( 'NONE', ( #492, #1676, #1013, #2513 ) ) ;
#1615 = ORIENTED_EDGE ( 'NONE', *, *, #1099, .F. ) ;
#1616 = LINE ( 'NONE', #820, #147 ) ;
#1617 = LINE ( 'NONE', #571, #1980 ) ;
#1618 = ADVANCED_FACE ( 'NONE', ( #2554 ), #79, .T. ) ;
#1619 = PLANE ( 'NONE',  #2566 ) ;
#1620 = AXIS2_PLACEMENT_3D ( 'NONE', #2201, #2450, #2617 ) ;
#1621 = EDGE_LOOP ( 'NONE', ( #682, #326, #626, #2315 ) ) ;
#1622 = DIRECTION ( 'NONE',  ( -0.8660254037844380415, 0.000000000000000000, -0.5000000000000011102 ) ) ;
#1623 = AXIS2_PLACEMENT_3D ( 'NONE', #1127, #2344, #1934 ) ;
#1624 = LINE ( 'NONE', #1392, #1632 ) ;
#1625 = EDGE_LOOP ( 'NONE', ( #118, #1236, #83, #910 ) ) ;
#1626 = VECTOR ( 'NONE', #1753, 1000.000000000000114 ) ;
#1627 = VERTEX_POINT ( 'NONE', #2112 ) ;
#1628 = VECTOR ( 'NONE', #1075, 1000.000000000000114 ) ;
#1629 = CARTESIAN_POINT ( 'NONE',  ( 97.86030546413704201, 0.000000000000000000, -52.67799554514895988 ) ) ;
#1630 = VECTOR ( 'NONE', #1242, 1000.000000000000114 ) ;
#1631 = EDGE_CURVE ( 'NONE', #2432, #1405, #1317, .T. ) ;
#1632 = VECTOR ( 'NONE', #1438, 1000.000000000000114 ) ;
#1633 = CIRCLE ( 'NONE', #483, 21.00000000000002842 ) ;
#1634 = EDGE_CURVE ( 'NONE', #2480, #308, #335, .T. ) ;
#1635 = FACE_OUTER_BOUND ( 'NONE', #1903, .T. ) ;
#1636 = ORIENTED_EDGE ( 'NONE', *, *, #512, .T. ) ;
#1637 = LINE ( 'NONE', #2446, #1376 ) ;
#1638 = LINE ( 'NONE', #830, #1212 ) ;
#1639 = ORIENTED_EDGE ( 'NONE', *, *, #1450, .T. ) ;
#1640 = VERTEX_POINT ( 'NONE', #880 ) ;
#1641 = CARTESIAN_POINT ( 'NONE',  ( 102.2311583591954900, -17.24936490538906142, -18.05380748265548263 ) ) ;
#1642 = CARTESIAN_POINT ( 'NONE',  ( 51.19392033916131624, -103.3012701892218672, -63.57050807568888473 ) ) ;
#1643 = EDGE_CURVE ( 'NONE', #1756, #1922, #1881, .T. ) ;
#1644 = DIRECTION ( 'NONE',  ( 1.000000000000000000, 0.000000000000000000, 0.000000000000000000 ) ) ;
#1645 = EDGE_CURVE ( 'NONE', #739, #2421, #2510, .T. ) ;
#1646 = ORIENTED_EDGE ( 'NONE', *, *, #103, .T. ) ;
#1647 = CARTESIAN_POINT ( 'NONE',  ( 68.79306542240333044, -106.9616492895757602, -29.16092561840741482 ) ) ;
#1648 = LINE ( 'NONE', #2070, #1080 ) ;
#1649 = EDGE_LOOP ( 'NONE', ( #2016, #437, #2317, #1790, #63, #1943, #1185, #1497, #588, #2028 ) ) ;
#1650 = DIRECTION ( 'NONE',  ( 0.8660254037844380415, 0.000000000000000000, 0.5000000000000011102 ) ) ;
#1651 = PRODUCT_DEFINITION ( '�', '', #1201, #883 ) ;
#1652 = CARTESIAN_POINT ( 'NONE',  ( 21.63434352870796573, -99.94486109113256589, 57.62818081025078953 ) ) ;
#1653 = DIRECTION ( 'NONE',  ( 0.8660254037844380415, 0.000000000000000000, 0.5000000000000011102 ) ) ;
#1654 = CARTESIAN_POINT ( 'NONE',  ( 70.67949192431116501, -81.30127018922186721, -77.32050807568884920 ) ) ;
#1655 = VERTEX_POINT ( 'NONE', #1930 ) ;
#1656 = CARTESIAN_POINT ( 'NONE',  ( 51.19392033916131624, -103.3012701892218672, -63.57050807568888473 ) ) ;
#1657 = VERTEX_POINT ( 'NONE', #2542 ) ;
#1658 = DIRECTION ( 'NONE',  ( -0.8660254037844380415, 0.000000000000000000, -0.5000000000000011102 ) ) ;
#1659 = EDGE_CURVE ( 'NONE', #2432, #1481, #1912, .T. ) ;
#1660 = CARTESIAN_POINT ( 'NONE',  ( 86.62468245269447209, -17.24936490538906142, -64.93838820721474292 ) ) ;
#1661 = ORIENTED_EDGE ( 'NONE', *, *, #1010, .F. ) ;
#1662 = CARTESIAN_POINT ( 'NONE',  ( 9.845916068392579490, -4.999999999999930722, -45.00000000000000711 ) ) ;
#1663 = AXIS2_PLACEMENT_3D ( 'NONE', #1662, #1890, #2472 ) ;
#1664 = VECTOR ( 'NONE', #791, 1000.000000000000114 ) ;
#1665 = DIRECTION ( 'NONE',  ( 3.544715883734087780E-16, -1.000000000000000000, 3.544715883734087780E-16 ) ) ;
#1666 = LINE ( 'NONE', #1491, #1243 ) ;
#1667 = CARTESIAN_POINT ( 'NONE',  ( 31.70834875401146036, -30.00000000000002842, -49.82050807568897710 ) ) ;
#1668 = VECTOR ( 'NONE', #424, 999.9999999999998863 ) ;
#1669 = ORIENTED_EDGE ( 'NONE', *, *, #2359, .T. ) ;
#1670 = VECTOR ( 'NONE', #2237, 1000.000000000000000 ) ;
#1671 = CARTESIAN_POINT ( 'NONE',  ( 38.25852721543115820, -81.30127018922186721, -21.16574996951136356 ) ) ;
#1672 = VECTOR ( 'NONE', #550, 999.9999999999998863 ) ;
#1673 = VERTEX_POINT ( 'NONE', #1544 ) ;
#1674 = FACE_OUTER_BOUND ( 'NONE', #2540, .T. ) ;
#1675 = CARTESIAN_POINT ( 'NONE',  ( 80.88675134594802785, -44.99999999999993605, -45.00000000000000711 ) ) ;
#1676 = ORIENTED_EDGE ( 'NONE', *, *, #70, .T. ) ;
#1677 = EDGE_CURVE ( 'NONE', #135, #77, #110, .T. ) ;
#1678 = DIRECTION ( 'NONE',  ( -0.8660254037844380415, 2.403703357979454154E-16, -0.5000000000000013323 ) ) ;
#1679 = DIRECTION ( 'NONE',  ( 0.8660254037844380415, 0.000000000000000000, 0.5000000000000011102 ) ) ;
#1680 = EDGE_CURVE ( 'NONE', #670, #2244, #674, .T. ) ;
#1681 = LINE ( 'NONE', #1310, #2564 ) ;
#1682 = ORIENTED_EDGE ( 'NONE', *, *, #1288, .F. ) ;
#1683 = CARTESIAN_POINT ( 'NONE',  ( 21.63434352870796573, -17.24936490538906142, 57.62818081025078953 ) ) ;
#1684 = ORIENTED_EDGE ( 'NONE', *, *, #591, .F. ) ;
#1685 = CARTESIAN_POINT ( 'NONE',  ( 12.49681574914712812, -49.99999999999993605, -75.00000000000001421 ) ) ;
#1686 = CARTESIAN_POINT ( 'NONE',  ( 111.1698729810777451, -5.000000000000000000, -48.16987298107780191 ) ) ;
#1687 = DIRECTION ( 'NONE',  ( 0.000000000000000000, 0.000000000000000000, 1.000000000000000000 ) ) ;
#1688 = ORIENTED_EDGE ( 'NONE', *, *, #1981, .F. ) ;
#1689 = DIRECTION ( 'NONE',  ( 0.000000000000000000, -1.000000000000000000, -0.000000000000000000 ) ) ;
#1690 = DIRECTION ( 'NONE',  ( 0.000000000000000000, -1.000000000000000000, -0.000000000000000000 ) ) ;
#1691 = LINE ( 'NONE', #874, #2430 ) ;
#1692 = CARTESIAN_POINT ( 'NONE',  ( 130.0000000000000000, -44.99999999999997158, -45.00000000000000711 ) ) ;
#1693 = VERTEX_POINT ( 'NONE', #708 ) ;
#1694 = LINE ( 'NONE', #515, #59 ) ;
#1695 = DIRECTION ( 'NONE',  ( 0.000000000000000000, 0.000000000000000000, 1.000000000000000000 ) ) ;
#1696 = ORIENTED_EDGE ( 'NONE', *, *, #2473, .T. ) ;
#1697 = CARTESIAN_POINT ( 'NONE',  ( 112.6811452033386871, -50.00000000000000000, -53.07084224863292121 ) ) ;
#1698 = CARTESIAN_POINT ( 'NONE',  ( 100.0000000000000000, -4.999999999999955591, -45.00000000000000711 ) ) ;
#1699 = FACE_BOUND ( 'NONE', #2445, .T. ) ;
#1700 = VERTEX_POINT ( 'NONE', #2295 ) ;
#1701 = CARTESIAN_POINT ( 'NONE',  ( 110.0000000000000142, 35.00000000000000000, -75.00000000000001421 ) ) ;
#1702 = VERTEX_POINT ( 'NONE', #1303 ) ;
#1703 = LINE ( 'NONE', #554, #186 ) ;
#1704 = CARTESIAN_POINT ( 'NONE',  ( 68.51968289687179947, 0.000000000000000000, 13.93995392683697965 ) ) ;
#1705 = VECTOR ( 'NONE', #574, 1000.000000000000000 ) ;
#1706 = DIRECTION ( 'NONE',  ( -0.5481693696114606773, -0.7741751242191251547, -0.3164857331066852075 ) ) ;
#1707 = ADVANCED_FACE ( 'NONE', ( #92 ), #1486, .F. ) ;
#1708 = AXIS2_PLACEMENT_3D ( 'NONE', #879, #433, #1052 ) ;
#1709 = ORIENTED_EDGE ( 'NONE', *, *, #2065, .T. ) ;
#1710 = VECTOR ( 'NONE', #2415, 1000.000000000000000 ) ;
#1711 = DIRECTION ( 'NONE',  ( -1.000000000000000000, 0.000000000000000000, 0.000000000000000000 ) ) ;
#1712 = CARTESIAN_POINT ( 'NONE',  ( 51.19392033916131624, -103.3012701892218672, -63.57050807568888473 ) ) ;
#1713 = EDGE_LOOP ( 'NONE', ( #372, #2254, #524, #2306 ) ) ;
#1714 = AXIS2_PLACEMENT_3D ( 'NONE', #2341, #519, #2326 ) ;
#1715 = DIRECTION ( 'NONE',  ( 0.8660254037844378194, 0.000000000000000000, 0.5000000000000014433 ) ) ;
#1716 = AXIS2_PLACEMENT_3D ( 'NONE', #2026, #1591, #1416 ) ;
#1717 = LINE ( 'NONE', #2574, #1247 ) ;
#1718 = ORIENTED_EDGE ( 'NONE', *, *, #1466, .F. ) ;
#1719 = PLANE ( 'NONE',  #9 ) ;
#1720 = VERTEX_POINT ( 'NONE', #1527 ) ;
#1721 = CARTESIAN_POINT ( 'NONE',  ( 92.80578732141384535, -90.50453814755927340, -58.77238278010615602 ) ) ;
#1722 = LINE ( 'NONE', #2150, #689 ) ;
#1723 = DIRECTION ( 'NONE',  ( 0.5000000000000011102, 0.000000000000000000, -0.8660254037844379305 ) ) ;
#1724 = VERTEX_POINT ( 'NONE', #124 ) ;
#1725 = LINE ( 'NONE', #718, #2095 ) ;
#1726 = EDGE_CURVE ( 'NONE', #2567, #538, #721, .T. ) ;
#1727 = DIRECTION ( 'NONE',  ( -0.5000000000000015543, 0.000000000000000000, 0.8660254037844378194 ) ) ;
#1728 = ORIENTED_EDGE ( 'NONE', *, *, #1800, .F. ) ;
#1729 = EDGE_CURVE ( 'NONE', #2330, #2372, #14, .T. ) ;
#1730 = DIRECTION ( 'NONE',  ( 0.000000000000000000, -0.000000000000000000, -1.000000000000000000 ) ) ;
#1731 = CYLINDRICAL_SURFACE ( 'NONE', #2052, 20.99999999999999645 ) ;
#1732 = ORIENTED_EDGE ( 'NONE', *, *, #1787, .F. ) ;
#1733 = LINE ( 'NONE', #2545, #2177 ) ;
#1734 = ORIENTED_EDGE ( 'NONE', *, *, #2580, .F. ) ;
#1735 = EDGE_CURVE ( 'NONE', #736, #1381, #2156, .T. ) ;
#1736 = DIRECTION ( 'NONE',  ( 0.5000000000000013323, 0.000000000000000000, -0.8660254037844379305 ) ) ;
#1737 = ADVANCED_FACE ( 'NONE', ( #502 ), #303, .T. ) ;
#1738 = CARTESIAN_POINT ( 'NONE',  ( 103.0000000000000142, -44.99999999999996447, -60.00000000000000711 ) ) ;
#1739 = EDGE_CURVE ( 'NONE', #1219, #417, #473, .T. ) ;
#1740 = CARTESIAN_POINT ( 'NONE',  ( 103.0000000000000142, -45.00000000000000711, -70.00000000000000000 ) ) ;
#1741 = EDGE_LOOP ( 'NONE', ( #2151, #1361, #831, #2419 ) ) ;
#1742 = CARTESIAN_POINT ( 'NONE',  ( 86.62468245269447209, -17.24936490538905787, -64.93838820721464344 ) ) ;
#1743 = CARTESIAN_POINT ( 'NONE',  ( 73.17949192431116501, -5.000000000000000000, -31.65063509461107216 ) ) ;
#1744 = ORIENTED_EDGE ( 'NONE', *, *, #1811, .F. ) ;
#1745 = EDGE_CURVE ( 'NONE', #375, #2092, #2099, .T. ) ;
#1746 = CARTESIAN_POINT ( 'NONE',  ( 51.19392033916131624, -103.3012701892218672, -63.57050807568888473 ) ) ;
#1747 = LINE ( 'NONE', #1363, #2439 ) ;
#1748 = ORIENTED_EDGE ( 'NONE', *, *, #1344, .F. ) ;
#1749 = PLANE ( 'NONE',  #354 ) ;
#1750 = VERTEX_POINT ( 'NONE', #1092 ) ;
#1751 = ADVANCED_FACE ( 'NONE', ( #1899 ), #2521, .T. ) ;
#1752 = DIRECTION ( 'NONE',  ( 0.5000000000000011102, 0.000000000000000000, -0.8660254037844380415 ) ) ;
#1753 = DIRECTION ( 'NONE',  ( 0.8660254037844380415, 0.000000000000000000, 0.5000000000000011102 ) ) ;
#1754 = ADVANCED_FACE ( 'NONE', ( #511 ), #1920, .F. ) ;
#1755 = AXIS2_PLACEMENT_3D ( 'NONE', #1642, #845, #1846 ) ;
#1756 = VERTEX_POINT ( 'NONE', #283 ) ;
#1757 = CLOSED_SHELL ( 'NONE', ( #1228, #1134, #1618, #2173, #1707, #851, #707, #67, #2312, #1754, #2037, #2206, #1434, #927, #931, #871, #294, #196, #866, #1059, #882, #1308, #86, #2062, #2427, #425, #2331, #337, #2557, #847, #2119, #686, #1993, #1187, #1774, #543, #807, #280, #799, #54, #161, #245, #7, #544, #129, #704, #1771, #2022, #2167, #1844, #1737, #1394, #2627, #1079, #2280, #1841, #1035, #1049, #1385, #203, #1469, #1751, #2021, #2443, #1323, #2351, #1327, #1530, #2453, #2076, #242, #993, #1296, #1785, #608, #558, #1005, #887, #1905, #2397, #942, #1569 ) ) ;
#1758 = DIRECTION ( 'NONE',  ( -0.8660254037844379305, 0.000000000000000000, -0.5000000000000013323 ) ) ;
#1759 = PLANE ( 'NONE',  #861 ) ;
#1760 = VECTOR ( 'NONE', #584, 1000.000000000000000 ) ;
#1761 = EDGE_LOOP ( 'NONE', ( #1374, #2622, #61, #2375 ) ) ;
#1762 = VECTOR ( 'NONE', #272, 1000.000000000000000 ) ;
#1763 = CARTESIAN_POINT ( 'NONE',  ( 73.56465479889985204, -94.20800488404960049, -28.14166696730104889 ) ) ;
#1764 = DIRECTION ( 'NONE',  ( 0.000000000000000000, -0.000000000000000000, -1.000000000000000000 ) ) ;
#1765 = VERTEX_POINT ( 'NONE', #2536 ) ;
#1766 = CIRCLE ( 'NONE', #2091, 21.00000000000007816 ) ;
#1767 = DIRECTION ( 'NONE',  ( 0.8660254037844380415, 0.000000000000000000, 0.5000000000000011102 ) ) ;
#1768 = ORIENTED_EDGE ( 'NONE', *, *, #351, .T. ) ;
#1769 = VECTOR ( 'NONE', #1508, 999.9999999999998863 ) ;
#1770 = DIRECTION ( 'NONE',  ( 0.2961981327260188035, 0.9396926207859103153, 0.1710100716628317752 ) ) ;
#1771 = ADVANCED_FACE ( 'NONE', ( #680, #484 ), #565, .F. ) ;
#1772 = CARTESIAN_POINT ( 'NONE',  ( 61.58622518457443107, -103.3012701892218672, -57.57050807568899131 ) ) ;
#1773 = AXIS2_PLACEMENT_3D ( 'NONE', #2323, #1711, #1810 ) ;
#1774 = ADVANCED_FACE ( 'NONE', ( #117, #1101 ), #2304, .F. ) ;
#1775 = CARTESIAN_POINT ( 'NONE',  ( 93.06156399553690051, -94.20800488404960049, -61.91130428643317885 ) ) ;
#1776 = EDGE_CURVE ( 'NONE', #2437, #2279, #1766, .T. ) ;
#1777 = CARTESIAN_POINT ( 'NONE',  ( 86.30204921124601469, -113.6822481884063194, -64.37957104081540649 ) ) ;
#1778 = CARTESIAN_POINT ( 'NONE',  ( 100.0000000000000000, -44.99999999999999289, -60.00000000000000711 ) ) ;
#1779 = ORIENTED_EDGE ( 'NONE', *, *, #1962, .F. ) ;
#1780 = FACE_OUTER_BOUND ( 'NONE', #2328, .T. ) ;
#1781 = ORIENTED_EDGE ( 'NONE', *, *, #172, .T. ) ;
#1782 = LINE ( 'NONE', #2588, #1972 ) ;
#1783 = ORIENTED_EDGE ( 'NONE', *, *, #70, .F. ) ;
#1784 = FACE_OUTER_BOUND ( 'NONE', #672, .T. ) ;
#1785 = ADVANCED_FACE ( 'NONE', ( #87 ), #314, .F. ) ;
#1786 = DIRECTION ( 'NONE',  ( 0.000000000000000000, -1.000000000000000000, -0.000000000000000000 ) ) ;
#1787 = EDGE_CURVE ( 'NONE', #2343, #1273, #296, .T. ) ;
#1788 = CARTESIAN_POINT ( 'NONE',  ( 91.03051010872769666, -49.99999999999998579, -15.57084224863301181 ) ) ;
#1789 = LINE ( 'NONE', #2595, #2358 ) ;
#1790 = ORIENTED_EDGE ( 'NONE', *, *, #2192, .T. ) ;
#1791 = ORIENTED_EDGE ( 'NONE', *, *, #2599, .F. ) ;
#1792 = DIRECTION ( 'NONE',  ( 0.8660254037844378194, 0.000000000000000000, 0.5000000000000015543 ) ) ;
#1793 = VERTEX_POINT ( 'NONE', #1133 ) ;
#1794 = CARTESIAN_POINT ( 'NONE',  ( 86.62468245269444367, -17.24936490538906142, -64.93838820721475713 ) ) ;
#1795 = ORIENTED_EDGE ( 'NONE', *, *, #2402, .T. ) ;
#1796 = EDGE_LOOP ( 'NONE', ( #2401, #109, #1321, #2053 ) ) ;
#1797 = CARTESIAN_POINT ( 'NONE',  ( 77.17468245269445504, -103.3012701892218672, -48.57050807568885631 ) ) ;
#1798 = EDGE_CURVE ( 'NONE', #660, #2386, #2183, .T. ) ;
#1799 = DIRECTION ( 'NONE',  ( 0.8660254037844380415, -1.602468905319643663E-16, 0.5000000000000009992 ) ) ;
#1800 = EDGE_CURVE ( 'NONE', #2235, #754, #1492, .T. ) ;
#1801 = CARTESIAN_POINT ( 'NONE',  ( 21.63434352870796573, -5.000000000000000000, 57.62818081025078953 ) ) ;
#1802 = AXIS2_PLACEMENT_3D ( 'NONE', #1772, #144, #727 ) ;
#1803 = ORIENTED_EDGE ( 'NONE', *, *, #2098, .F. ) ;
#1804 = AXIS2_PLACEMENT_3D ( 'NONE', #1656, #1235, #1832 ) ;
#1805 = DIRECTION ( 'NONE',  ( 0.8660254037844380415, 0.000000000000000000, 0.5000000000000011102 ) ) ;
#1806 = ORIENTED_EDGE ( 'NONE', *, *, #1406, .F. ) ;
#1807 = ORIENTED_EDGE ( 'NONE', *, *, #593, .T. ) ;
#1808 = VECTOR ( 'NONE', #1367, 1000.000000000000000 ) ;
#1809 = DIRECTION ( 'NONE',  ( -0.5000000000000011102, 0.000000000000000000, 0.8660254037844380415 ) ) ;
#1810 = DIRECTION ( 'NONE',  ( 0.000000000000000000, 0.000000000000000000, -1.000000000000000000 ) ) ;
#1811 = EDGE_CURVE ( 'NONE', #2365, #1999, #700, .T. ) ;
#1812 = FACE_OUTER_BOUND ( 'NONE', #2064, .T. ) ;
#1813 = ORIENTED_EDGE ( 'NONE', *, *, #2407, .F. ) ;
#1814 = CARTESIAN_POINT ( 'NONE',  ( 31.70834875401146036, -19.99999999999999289, -49.82050807568898421 ) ) ;
#1815 = ORIENTED_EDGE ( 'NONE', *, *, #1604, .T. ) ;
#1816 = EDGE_CURVE ( 'NONE', #736, #551, #2189, .T. ) ;
#1817 = CARTESIAN_POINT ( 'NONE',  ( 63.16635220349661495, -103.3012701892218672, -50.30736835487456915 ) ) ;
#1818 = ORIENTED_EDGE ( 'NONE', *, *, #1613, .F. ) ;
#1819 = ORIENTED_EDGE ( 'NONE', *, *, #141, .F. ) ;
#1820 = APPLICATION_PROTOCOL_DEFINITION ( 'draft international standard', 'automotive_design', 1998, #2335 ) ;
#1821 = DIRECTION ( 'NONE',  ( 0.000000000000000000, 1.000000000000000000, 0.000000000000000000 ) ) ;
#1822 = DIRECTION ( 'NONE',  ( 0.000000000000000000, -1.000000000000000000, 0.000000000000000000 ) ) ;
#1823 = DIRECTION ( 'NONE',  ( -0.5000000000000011102, 0.000000000000000000, 0.8660254037844379305 ) ) ;
#1824 = VERTEX_POINT ( 'NONE', #497 ) ;
#1825 = CARTESIAN_POINT ( 'NONE',  ( 67.72468245269445219, -17.24936490538906142, -32.20262794416299812 ) ) ;
#1826 = LINE ( 'NONE', #624, #58 ) ;
#1827 = EDGE_LOOP ( 'NONE', ( #2036, #1109, #17, #657 ) ) ;
#1828 = EDGE_CURVE ( 'NONE', #2170, #1947, #728, .T. ) ;
#1829 = ORIENTED_EDGE ( 'NONE', *, *, #33, .T. ) ;
#1830 = CYLINDRICAL_SURFACE ( 'NONE', #740, 5.499999999999997335 ) ;
#1831 = CARTESIAN_POINT ( 'NONE',  ( 84.12468245269447209, -17.24936490538906142, -60.60826118829256615 ) ) ;
#1832 = DIRECTION ( 'NONE',  ( 0.5000000000000009992, 0.000000000000000000, -0.8660254037844380415 ) ) ;
#1833 = VERTEX_POINT ( 'NONE', #1740 ) ;
#1834 = CARTESIAN_POINT ( 'NONE',  ( 45.25674929564232940, -81.30127018922186721, -53.28702617508732686 ) ) ;
#1835 = AXIS2_PLACEMENT_3D ( 'NONE', #2611, #1390, #2597 ) ;
#1836 = LINE ( 'NONE', #204, #2478 ) ;
#1837 = ORIENTED_EDGE ( 'NONE', *, *, #636, .T. ) ;
#1838 = VECTOR ( 'NONE', #2061, 1000.000000000000114 ) ;
#1839 = ORIENTED_EDGE ( 'NONE', *, *, #1397, .F. ) ;
#1840 = AXIS2_PLACEMENT_3D ( 'NONE', #134, #2371, #580 ) ;
#1841 = ADVANCED_FACE ( 'NONE', ( #1087 ), #2549, .F. ) ;
#1842 = DIRECTION ( 'NONE',  ( -0.8660254037844379305, 0.000000000000000000, -0.5000000000000011102 ) ) ;
#1843 = VECTOR ( 'NONE', #2389, 1000.000000000000000 ) ;
#1844 = ADVANCED_FACE ( 'NONE', ( #2600 ), #780, .T. ) ;
#1845 = VECTOR ( 'NONE', #2525, 1000.000000000000114 ) ;
#1846 = DIRECTION ( 'NONE',  ( 0.5000000000000011102, 0.000000000000000000, -0.8660254037844380415 ) ) ;
#1847 = EDGE_CURVE ( 'NONE', #138, #924, #889, .T. ) ;
#1848 = FACE_OUTER_BOUND ( 'NONE', #165, .T. ) ;
#1849 = ORIENTED_EDGE ( 'NONE', *, *, #2593, .F. ) ;
#1850 = LINE ( 'NONE', #1898, #1122 ) ;
#1851 = DIRECTION ( 'NONE',  ( 0.000000000000000000, 0.000000000000000000, 1.000000000000000000 ) ) ;
#1852 = EDGE_LOOP ( 'NONE', ( #128, #1395, #1509, #2516 ) ) ;
#1853 = CARTESIAN_POINT ( 'NONE',  ( 137.2356230114426978, 0.000000000000000000, -120.8780461012404714 ) ) ;
#1854 = DIRECTION ( 'NONE',  ( -0.8660254037844379305, 0.000000000000000000, -0.5000000000000012212 ) ) ;
#1855 = LINE ( 'NONE', #875, #732 ) ;
#1856 = EDGE_CURVE ( 'NONE', #2537, #122, #15, .T. ) ;
#1857 = ORIENTED_EDGE ( 'NONE', *, *, #187, .T. ) ;
#1858 = FACE_OUTER_BOUND ( 'NONE', #1239, .T. ) ;
#1859 = ORIENTED_EDGE ( 'NONE', *, *, #827, .F. ) ;
#1860 = CARTESIAN_POINT ( 'NONE',  ( 101.8493649053892085, -134.8518645242728269, -91.30831174438417008 ) ) ;
#1861 = CARTESIAN_POINT ( 'NONE',  ( 61.58622518457443107, -103.3012701892218672, -57.57050807568899131 ) ) ;
#1862 = VERTEX_POINT ( 'NONE', #1229 ) ;
#1863 = DIRECTION ( 'NONE',  ( 0.000000000000000000, -1.000000000000000000, 0.000000000000000000 ) ) ;
#1864 = LINE ( 'NONE', #654, #1547 ) ;
#1865 = DIRECTION ( 'NONE',  ( 0.5000000000000013323, -1.387778780781449373E-16, -0.8660254037844378194 ) ) ;
#1866 = LINE ( 'NONE', #2479, #1068 ) ;
#1867 = VERTEX_POINT ( 'NONE', #2422 ) ;
#1868 = EDGE_CURVE ( 'NONE', #2210, #231, #2447, .T. ) ;
#1869 = LINE ( 'NONE', #2431, #2434 ) ;
#1870 = EDGE_LOOP ( 'NONE', ( #507, #2470, #972, #767, #1307, #1022, #1684, #1147, #397, #2107, #615, #237, #2507, #724, #214, #1971 ) ) ;
#1871 = CARTESIAN_POINT ( 'NONE',  ( 88.00000000000000000, -30.00000000000002842, -67.32050807568880657 ) ) ;
#1872 = EDGE_CURVE ( 'NONE', #2170, #1702, #2225, .T. ) ;
#1873 = CARTESIAN_POINT ( 'NONE',  ( 84.12468245269447209, -17.24936490538906142, -60.60826118829256615 ) ) ;
#1874 = VERTEX_POINT ( 'NONE', #586 ) ;
#1875 = CARTESIAN_POINT ( 'NONE',  ( 21.27418301345013063, -4.999999999999934275, -64.79433899129959684 ) ) ;
#1876 = VECTOR ( 'NONE', #1401, 1000.000000000000000 ) ;
#1877 = LINE ( 'NONE', #2251, #1630 ) ;
#1878 = LINE ( 'NONE', #1100, #1281 ) ;
#1879 = VECTOR ( 'NONE', #1119, 1000.000000000000114 ) ;
#1880 = CARTESIAN_POINT ( 'NONE',  ( 243.6506350946107489, -45.00000000000000711, 28.31793068761757937 ) ) ;
#1881 = CIRCLE ( 'NONE', #2305, 5.499999999999997335 ) ;
#1882 = ORIENTED_EDGE ( 'NONE', *, *, #475, .T. ) ;
#1883 = VECTOR ( 'NONE', #1612, 999.9999999999998863 ) ;
#1884 = DIRECTION ( 'NONE',  ( 0.8660254037844379305, 0.000000000000000000, 0.5000000000000011102 ) ) ;
#1885 = VECTOR ( 'NONE', #1199, 1000.000000000000000 ) ;
#1886 = VERTEX_POINT ( 'NONE', #1205 ) ;
#1887 = CARTESIAN_POINT ( 'NONE',  ( 91.03051010872769666, 1.405366099591444311E-21, -15.57084224863302424 ) ) ;
#1888 = CARTESIAN_POINT ( 'NONE',  ( 136.3631225541691094, -17.24936490538906142, 1.652291233283260885 ) ) ;
#1889 = ORIENTED_EDGE ( 'NONE', *, *, #2425, .T. ) ;
#1890 = DIRECTION ( 'NONE',  ( 2.775557561562891351E-16, 1.000000000000000000, 0.000000000000000000 ) ) ;
#1891 = EDGE_CURVE ( 'NONE', #77, #1439, #1638, .T. ) ;
#1892 = CARTESIAN_POINT ( 'NONE',  ( 80.67949192431117922, -17.24936490538905787, -44.64101615137767709 ) ) ;
#1893 = DIRECTION ( 'NONE',  ( 0.8660254037844380415, -0.000000000000000000, 0.5000000000000012212 ) ) ;
#1894 = ORIENTED_EDGE ( 'NONE', *, *, #811, .F. ) ;
#1895 = DIRECTION ( 'NONE',  ( 0.8660254037844379305, 0.000000000000000000, 0.5000000000000011102 ) ) ;
#1896 = FACE_OUTER_BOUND ( 'NONE', #860, .T. ) ;
#1897 = ORIENTED_EDGE ( 'NONE', *, *, #2161, .F. ) ;
#1898 = CARTESIAN_POINT ( 'NONE',  ( 74.25480947161663892, -5.000000000000000000, -33.51313972081449322 ) ) ;
#1899 = FACE_OUTER_BOUND ( 'NONE', #1761, .T. ) ;
#1900 = CARTESIAN_POINT ( 'NONE',  ( 88.45480947161668439, -17.24936490538906142, -58.10826118829254483 ) ) ;
#1901 = EDGE_LOOP ( 'NONE', ( #1012, #1103, #176, #66, #329, #1586 ) ) ;
#1902 = CARTESIAN_POINT ( 'NONE',  ( 100.0000000000000000, -4.999999999999957367, -60.00000000000000711 ) ) ;
#1903 = EDGE_LOOP ( 'NONE', ( #1319, #832, #2531 ) ) ;
#1904 = CARTESIAN_POINT ( 'NONE',  ( 86.99999999999991473, 19.42617797022817427, -65.58845726811996713 ) ) ;
#1905 = ADVANCED_FACE ( 'NONE', ( #2211 ), #2436, .F. ) ;
#1906 = DIRECTION ( 'NONE',  ( 0.8660254037844380415, 0.000000000000000000, 0.5000000000000011102 ) ) ;
#1907 = DIRECTION ( 'NONE',  ( -0.5000000000000012212, 0.000000000000000000, 0.8660254037844380415 ) ) ;
#1908 = ORIENTED_EDGE ( 'NONE', *, *, #456, .F. ) ;
#1909 = LINE ( 'NONE', #344, #400 ) ;
#1910 = FACE_OUTER_BOUND ( 'NONE', #1901, .T. ) ;
#1911 = ORIENTED_EDGE ( 'NONE', *, *, #902, .F. ) ;
#1912 = LINE ( 'NONE', #1698, #1245 ) ;
#1913 = DIRECTION ( 'NONE',  ( 0.000000000000000000, -1.000000000000000000, 0.000000000000000000 ) ) ;
#1914 = ORIENTED_EDGE ( 'NONE', *, *, #2309, .F. ) ;
#1915 = LINE ( 'NONE', #1110, #1965 ) ;
#1916 = VERTEX_POINT ( 'NONE', #1998 ) ;
#1917 = CARTESIAN_POINT ( 'NONE',  ( 31.70634875401145791, -4.999999999999935163, -20.57084224863302779 ) ) ;
#1918 = LINE ( 'NONE', #1369, #2395 ) ;
#1919 = EDGE_CURVE ( 'NONE', #1167, #1916, #2524, .T. ) ;
#1920 = PLANE ( 'NONE',  #1499 ) ;
#1921 = VECTOR ( 'NONE', #1297, 1000.000000000000114 ) ;
#1922 = VERTEX_POINT ( 'NONE', #1817 ) ;
#1923 = EDGE_CURVE ( 'NONE', #2584, #1144, #411, .T. ) ;
#1924 = VECTOR ( 'NONE', #848, 1000.000000000000000 ) ;
#1925 = DIRECTION ( 'NONE',  ( 0.5000000000000012212, 0.000000000000000000, -0.8660254037844380415 ) ) ;
#1926 = CARTESIAN_POINT ( 'NONE',  ( 38.25852721543115820, -73.30127018922186721, -21.16574996951136356 ) ) ;
#1927 = EDGE_LOOP ( 'NONE', ( #2544, #1044, #2267, #1349, #461, #797 ) ) ;
#1928 = VECTOR ( 'NONE', #843, 1000.000000000000000 ) ;
#1929 = EDGE_CURVE ( 'NONE', #1366, #51, #2014, .T. ) ;
#1930 = CARTESIAN_POINT ( 'NONE',  ( 95.23556515832795810, -5.000000000000000000, -20.57084224863301003 ) ) ;
#1931 = AXIS2_PLACEMENT_3D ( 'NONE', #1250, #2082, #1687 ) ;
#1932 = CARTESIAN_POINT ( 'NONE',  ( 110.0000000000000142, -85.00000000000000000, -71.00000000000001421 ) ) ;
#1933 = ORIENTED_EDGE ( 'NONE', *, *, #39, .F. ) ;
#1934 = DIRECTION ( 'NONE',  ( 0.000000000000000000, 0.000000000000000000, 1.000000000000000000 ) ) ;
#1935 = ORIENTED_EDGE ( 'NONE', *, *, #1184, .F. ) ;
#1936 = PLANE ( 'NONE',  #2522 ) ;
#1937 = DIRECTION ( 'NONE',  ( -0.5481693696114606773, -0.7741751242191251547, -0.3164857331066852075 ) ) ;
#1938 = CARTESIAN_POINT ( 'NONE',  ( 101.8493649053892085, 0.000000000000000000, -91.30831174438417008 ) ) ;
#1939 = EDGE_LOOP ( 'NONE', ( #470, #1155, #1505 ) ) ;
#1940 = CARTESIAN_POINT ( 'NONE',  ( 74.25480947161666734, -66.15063509461094782, -33.51313972081450743 ) ) ;
#1941 = LINE ( 'NONE', #2078, #2303 ) ;
#1942 = EDGE_CURVE ( 'NONE', #1142, #1916, #614, .T. ) ;
#1943 = ORIENTED_EDGE ( 'NONE', *, *, #714, .F. ) ;
#1944 = CARTESIAN_POINT ( 'NONE',  ( 100.0000000000000000, -4.999999999999959144, -70.00000000000000000 ) ) ;
#1945 = DIRECTION ( 'NONE',  ( 0.000000000000000000, 1.000000000000000000, 0.000000000000000000 ) ) ;
#1946 = EDGE_CURVE ( 'NONE', #1922, #1756, #699, .T. ) ;
#1947 = VERTEX_POINT ( 'NONE', #576 ) ;
#1948 = DIRECTION ( 'NONE',  ( 0.000000000000000000, 0.000000000000000000, 1.000000000000000000 ) ) ;
#1949 = ORIENTED_EDGE ( 'NONE', *, *, #514, .T. ) ;
#1950 = LINE ( 'NONE', #2149, #435 ) ;
#1951 = DIRECTION ( 'NONE',  ( -0.5000000000000011102, 0.000000000000000000, 0.8660254037844380415 ) ) ;
#1952 = ORIENTED_EDGE ( 'NONE', *, *, #1600, .F. ) ;
#1953 = DIRECTION ( 'NONE',  ( -2.775557561562891351E-16, -1.000000000000000000, 0.000000000000000000 ) ) ;
#1954 = DIRECTION ( 'NONE',  ( -0.5000000000000012212, 0.000000000000000000, 0.8660254037844380415 ) ) ;
#1955 = VERTEX_POINT ( 'NONE', #2404 ) ;
#1956 = EDGE_CURVE ( 'NONE', #2485, #2128, #384, .T. ) ;
#1957 = DIRECTION ( 'NONE',  ( -1.000000000000000000, -6.009258394948639083E-16, 0.000000000000000000 ) ) ;
#1958 = CARTESIAN_POINT ( 'NONE',  ( 130.0000000000000000, -50.00000000000000000, -15.57084224863302424 ) ) ;
#1959 = ORIENTED_EDGE ( 'NONE', *, *, #509, .F. ) ;
#1960 = FACE_OUTER_BOUND ( 'NONE', #34, .T. ) ;
#1961 = VERTEX_POINT ( 'NONE', #805 ) ;
#1962 = EDGE_CURVE ( 'NONE', #2011, #2482, #599, .T. ) ;
#1963 = DIRECTION ( 'NONE',  ( -0.5000000000000008882, 0.000000000000000000, 0.8660254037844380415 ) ) ;
#1964 = DIRECTION ( 'NONE',  ( 0.000000000000000000, -1.000000000000000000, 1.734723475976806848E-16 ) ) ;
#1965 = VECTOR ( 'NONE', #766, 1000.000000000000000 ) ;
#1966 = FACE_OUTER_BOUND ( 'NONE', #2136, .T. ) ;
#1967 = CIRCLE ( 'NONE', #1802, 5.499999999999997335 ) ;
#1968 = VECTOR ( 'NONE', #320, 1000.000000000000000 ) ;
#1969 = PLANE ( 'NONE',  #263 ) ;
#1970 = PLANE ( 'NONE',  #227 ) ;
#1971 = ORIENTED_EDGE ( 'NONE', *, *, #1735, .F. ) ;
#1972 = VECTOR ( 'NONE', #1730, 1000.000000000000000 ) ;
#1973 = DIRECTION ( 'NONE',  ( -0.8660254037844380415, 0.000000000000000000, -0.5000000000000011102 ) ) ;
#1974 = ORIENTED_EDGE ( 'NONE', *, *, #989, .F. ) ;
#1975 = VECTOR ( 'NONE', #1053, 1000.000000000000227 ) ;
#1976 = CARTESIAN_POINT ( 'NONE',  ( 61.58622518457440265, -103.3012701892218672, -57.57050807568896289 ) ) ;
#1977 = ORIENTED_EDGE ( 'NONE', *, *, #2318, .T. ) ;
#1978 = EDGE_CURVE ( 'NONE', #4, #1440, #1836, .T. ) ;
#1979 = CARTESIAN_POINT ( 'NONE',  ( 21.63434352870796573, -17.24936490538906142, 57.62818081025078953 ) ) ;
#1980 = VECTOR ( 'NONE', #581, 1000.000000000000000 ) ;
#1981 = EDGE_CURVE ( 'NONE', #195, #2235, #1826, .T. ) ;
#1982 = CARTESIAN_POINT ( 'NONE',  ( 130.0000000000000000, -128.3022701892218436, -20.57084224863302779 ) ) ;
#1983 = DIRECTION ( 'NONE',  ( 0.2961981327260186370, 0.9396926207859103153, 0.1710100716628320805 ) ) ;
#1984 = CARTESIAN_POINT ( 'NONE',  ( 31.70834875401146036, -19.99999999999999289, -49.82050807568898421 ) ) ;
#1985 = EDGE_LOOP ( 'NONE', ( #2363, #385, #1231, #1264, #1336, #1, #2612 ) ) ;
#1986 = VERTEX_POINT ( 'NONE', #816 ) ;
#1987 = DIRECTION ( 'NONE',  ( 0.5000000000000011102, 0.000000000000000000, -0.8660254037844379305 ) ) ;
#1988 = ORIENTED_EDGE ( 'NONE', *, *, #547, .F. ) ;
#1989 = DIRECTION ( 'NONE',  ( 0.8660254037844379305, 0.000000000000000000, 0.5000000000000011102 ) ) ;
#1990 = ORIENTED_EDGE ( 'NONE', *, *, #1519, .F. ) ;
#1991 = ORIENTED_EDGE ( 'NONE', *, *, #2187, .T. ) ;
#1992 = EDGE_CURVE ( 'NONE', #73, #2386, #1624, .T. ) ;
#1993 = ADVANCED_FACE ( 'NONE', ( #2247 ), #420, .T. ) ;
#1994 = DIRECTION ( 'NONE',  ( 0.8660254037844380415, 0.000000000000000000, 0.5000000000000011102 ) ) ;
#1995 = CARTESIAN_POINT ( 'NONE',  ( 71.41913451708460059, -98.63040922659897092, -27.64476391968262448 ) ) ;
#1996 = DIRECTION ( 'NONE',  ( 0.000000000000000000, 0.000000000000000000, 1.000000000000000000 ) ) ;
#1997 = ORIENTED_EDGE ( 'NONE', *, *, #1387, .T. ) ;
#1998 = CARTESIAN_POINT ( 'NONE',  ( 51.08622518457438133, -103.3012701892218672, -39.38397459621577212 ) ) ;
#1999 = VERTEX_POINT ( 'NONE', #2197 ) ;
#2000 = VERTEX_POINT ( 'NONE', #2257 ) ;
#2001 = CARTESIAN_POINT ( 'NONE',  ( 88.75480947161668155, -66.15063509461094782, -58.62787643056319808 ) ) ;
#2002 = EDGE_CURVE ( 'NONE', #2067, #2103, #1447, .T. ) ;
#2003 = VECTOR ( 'NONE', #2047, 1000.000000000000227 ) ;
#2004 = EDGE_CURVE ( 'NONE', #538, #1164, #2296, .T. ) ;
#2005 = VECTOR ( 'NONE', #47, 1000.000000000000000 ) ;
#2006 = PLANE ( 'NONE',  #962 ) ;
#2007 = EDGE_CURVE ( 'NONE', #1986, #381, #633, .T. ) ;
#2008 = ORIENTED_EDGE ( 'NONE', *, *, #1360, .F. ) ;
#2009 = CARTESIAN_POINT ( 'NONE',  ( 70.67949192431116501, -73.30127018922186721, -77.32050807568884920 ) ) ;
#2010 = VECTOR ( 'NONE', #1420, 1000.000000000000114 ) ;
#2011 = VERTEX_POINT ( 'NONE', #691 ) ;
#2012 = PRODUCT_DEFINITION_SHAPE ( 'NONE', 'NONE',  #1651 ) ;
#2013 = VECTOR ( 'NONE', #935, 1000.000000000000000 ) ;
#2014 = LINE ( 'NONE', #1601, #268 ) ;
#2015 = ORIENTED_EDGE ( 'NONE', *, *, #2382, .F. ) ;
#2016 = ORIENTED_EDGE ( 'NONE', *, *, #255, .F. ) ;
#2017 = VECTOR ( 'NONE', #560, 1000.000000000000000 ) ;
#2018 = LINE ( 'NONE', #2029, #100 ) ;
#2019 = VECTOR ( 'NONE', #1300, 1000.000000000000000 ) ;
#2020 = CARTESIAN_POINT ( 'NONE',  ( 24.68612925938862190, -128.3012701892218672, 42.34233287089818276 ) ) ;
#2021 = ADVANCED_FACE ( 'NONE', ( #1462 ), #436, .F. ) ;
#2022 = ADVANCED_FACE ( 'NONE', ( #1699, #1093 ), #881, .T. ) ;
#2023 = CARTESIAN_POINT ( 'NONE',  ( 77.17468245269432714, -113.6822481884063620, -48.57050807568894868 ) ) ;
#2024 = ORIENTED_EDGE ( 'NONE', *, *, #1677, .T. ) ;
#2025 = FACE_OUTER_BOUND ( 'NONE', #792, .T. ) ;
#2026 = CARTESIAN_POINT ( 'NONE',  ( 61.58622518457440265, -103.3012701892218672, -57.57050807568896289 ) ) ;
#2027 = EDGE_LOOP ( 'NONE', ( #2449, #2601, #1436 ) ) ;
#2028 = ORIENTED_EDGE ( 'NONE', *, *, #351, .F. ) ;
#2029 = CARTESIAN_POINT ( 'NONE',  ( 21.63434352870796573, -37.15063509461094782, 57.62818081025078953 ) ) ;
#2030 = CARTESIAN_POINT ( 'NONE',  ( 76.41635220349662916, -103.3012701892218672, -73.25704155516214655 ) ) ;
#2031 = CARTESIAN_POINT ( 'NONE',  ( 260.0000000000000000, 0.000000000000000000, -60.00000000000000711 ) ) ;
#2032 = LINE ( 'NONE', #1375, #643 ) ;
#2033 = EDGE_CURVE ( 'NONE', #1724, #1219, #449, .T. ) ;
#2034 = DIRECTION ( 'NONE',  ( 0.000000000000000000, -1.000000000000000000, -0.000000000000000000 ) ) ;
#2035 = ORIENTED_EDGE ( 'NONE', *, *, #1479, .T. ) ;
#2036 = ORIENTED_EDGE ( 'NONE', *, *, #621, .T. ) ;
#2037 = ADVANCED_FACE ( 'NONE', ( #840 ), #261, .F. ) ;
#2038 = CARTESIAN_POINT ( 'NONE',  ( 100.0000000000000284, -50.00000000000000000, -50.00000000000000000 ) ) ;
#2039 = EDGE_CURVE ( 'NONE', #2584, #938, #1081, .T. ) ;
#2040 = DIRECTION ( 'NONE',  ( 1.000000000000000000, -2.775557561562891844E-16, 0.000000000000000000 ) ) ;
#2041 = FACE_OUTER_BOUND ( 'NONE', #583, .T. ) ;
#2042 = ORIENTED_EDGE ( 'NONE', *, *, #1634, .F. ) ;
#2043 = CARTESIAN_POINT ( 'NONE',  ( 130.0000000000000000, 0.000000000000000000, -70.00000000000000000 ) ) ;
#2044 = DIRECTION ( 'NONE',  ( 0.000000000000000000, 1.000000000000000000, 0.000000000000000000 ) ) ;
#2045 = ORIENTED_EDGE ( 'NONE', *, *, #2033, .T. ) ;
#2046 = CIRCLE ( 'NONE', #2349, 20.99999999999998934 ) ;
#2047 = DIRECTION ( 'NONE',  ( -0.5000000000000005551, 0.000000000000000000, 0.8660254037844382635 ) ) ;
#2048 = CIRCLE ( 'NONE', #1804, 21.00000000000000355 ) ;
#2049 = DIRECTION ( 'NONE',  ( -1.000000000000000000, -6.009258394948639083E-16, 0.000000000000000000 ) ) ;
#2050 = EDGE_CURVE ( 'NONE', #284, #1549, #1648, .T. ) ;
#2051 = VECTOR ( 'NONE', #1854, 1000.000000000000114 ) ;
#2052 = AXIS2_PLACEMENT_3D ( 'NONE', #2530, #2327, #347 ) ;
#2053 = ORIENTED_EDGE ( 'NONE', *, *, #1745, .F. ) ;
#2054 = CARTESIAN_POINT ( 'NONE',  ( 9.845916068392579490, -44.99999999999993605, -45.00000000000000711 ) ) ;
#2055 = ORIENTED_EDGE ( 'NONE', *, *, #605, .T. ) ;
#2056 = LINE ( 'NONE', #1685, #355 ) ;
#2057 = DIRECTION ( 'NONE',  ( 0.5000000000000011102, 0.000000000000000000, -0.8660254037844380415 ) ) ;
#2058 = VERTEX_POINT ( 'NONE', #2496 ) ;
#2059 = CARTESIAN_POINT ( 'NONE',  ( 67.42468245269445504, -71.15063509461094782, -31.68301270189232710 ) ) ;
#2060 = LINE ( 'NONE', #1295, #1668 ) ;
#2061 = DIRECTION ( 'NONE',  ( 0.5000000000000011102, 0.000000000000000000, -0.8660254037844379305 ) ) ;
#2062 = ADVANCED_FACE ( 'NONE', ( #36 ), #2284, .F. ) ;
#2063 = DIRECTION ( 'NONE',  ( 0.5000000000000011102, 0.000000000000000000, -0.8660254037844379305 ) ) ;
#2064 = EDGE_LOOP ( 'NONE', ( #701, #168, #1744, #1475 ) ) ;
#2065 = EDGE_CURVE ( 'NONE', #1724, #2448, #2314, .T. ) ;
#2066 = DIRECTION ( 'NONE',  ( 1.000000000000000000, 0.000000000000000000, 0.000000000000000000 ) ) ;
#2067 = VERTEX_POINT ( 'NONE', #1900 ) ;
#2068 = LINE ( 'NONE', #274, #2133 ) ;
#2069 = PRODUCT ( 'l1', 'l1', '', ( #1014 ) ) ;
#2070 = CARTESIAN_POINT ( 'NONE',  ( 69.92468245269445504, -66.15063509461094782, -36.01313972081450743 ) ) ;
#2071 = VERTEX_POINT ( 'NONE', #491 ) ;
#2072 = PLANE ( 'NONE',  #1538 ) ;
#2073 = CARTESIAN_POINT ( 'NONE',  ( 80.05771365940067597, -44.99999999999993605, -45.00000000000000711 ) ) ;
#2074 = LINE ( 'NONE', #1279, #960 ) ;
#2075 = CARTESIAN_POINT ( 'NONE',  ( 38.25852721543115820, -73.30127018922186721, -21.16574996951136356 ) ) ;
#2076 = ADVANCED_FACE ( 'NONE', ( #65 ), #662, .F. ) ;
#2077 = ORIENTED_EDGE ( 'NONE', *, *, #345, .F. ) ;
#2078 = CARTESIAN_POINT ( 'NONE',  ( 130.0000000000000000, 35.00000000000000000, -75.00000000000001421 ) ) ;
#2079 = EDGE_CURVE ( 'NONE', #1833, #138, #2100, .T. ) ;
#2080 = ORIENTED_EDGE ( 'NONE', *, *, #1978, .F. ) ;
#2081 = CARTESIAN_POINT ( 'NONE',  ( 31.70834875401146036, -73.30127018922186721, -49.82050807568897710 ) ) ;
#2082 = DIRECTION ( 'NONE',  ( 0.000000000000000000, 1.000000000000000000, 0.000000000000000000 ) ) ;
#2083 = ORIENTED_EDGE ( 'NONE', *, *, #1643, .F. ) ;
#2084 = LINE ( 'NONE', #1902, #783 ) ;
#2085 = VECTOR ( 'NONE', #664, 1000.000000000000227 ) ;
#2086 = VECTOR ( 'NONE', #631, 1000.000000000000000 ) ;
#2087 = FACE_OUTER_BOUND ( 'NONE', #1377, .T. ) ;
#2088 = DIRECTION ( 'NONE',  ( 0.5000000000000013323, 0.000000000000000000, -0.8660254037844379305 ) ) ;
#2089 = VECTOR ( 'NONE', #1315, 1000.000000000000000 ) ;
#2090 = DIRECTION ( 'NONE',  ( -0.8161262409927313444, 0.5778736529407394462, 0.000000000000000000 ) ) ;
#2091 = AXIS2_PLACEMENT_3D ( 'NONE', #2121, #1893, #923 ) ;
#2092 = VERTEX_POINT ( 'NONE', #1064 ) ;
#2093 = VECTOR ( 'NONE', #675, 1000.000000000000114 ) ;
#2094 = DIRECTION ( 'NONE',  ( -0.8660254037844378194, 0.000000000000000000, -0.5000000000000015543 ) ) ;
#2095 = VECTOR ( 'NONE', #2308, 1000.000000000000000 ) ;
#2096 = ORIENTED_EDGE ( 'NONE', *, *, #2290, .T. ) ;
#2097 = DIRECTION ( 'NONE',  ( 0.2961981327260195251, 0.9396926207859100932, 0.1710100716628325801 ) ) ;
#2098 = EDGE_CURVE ( 'NONE', #2357, #195, #50, .T. ) ;
#2099 = LINE ( 'NONE', #943, #1421 ) ;
#2100 = LINE ( 'NONE', #248, #318 ) ;
#2101 = ORIENTED_EDGE ( 'NONE', *, *, #775, .F. ) ;
#2102 = CARTESIAN_POINT ( 'NONE',  ( 53.35898384862242239, -19.99999999999996092, -87.32050807568884920 ) ) ;
#2103 = VERTEX_POINT ( 'NONE', #1873 ) ;
#2104 = CARTESIAN_POINT ( 'NONE',  ( 88.00000000000000000, -134.8518645242728269, -67.32050807568882078 ) ) ;
#2105 = LINE ( 'NONE', #282, #2259 ) ;
#2106 = DIRECTION ( 'NONE',  ( -0.8660254037844379305, 0.000000000000000000, -0.5000000000000014433 ) ) ;
#2107 = ORIENTED_EDGE ( 'NONE', *, *, #1397, .T. ) ;
#2108 = CARTESIAN_POINT ( 'NONE',  ( 53.91700333348670426, -81.30127018922186721, -48.28702617508732686 ) ) ;
#2109 = CARTESIAN_POINT ( 'NONE',  ( 234.4999999999998295, -134.8518645242728269, 44.16729559300652852 ) ) ;
#2110 = APPLICATION_CONTEXT ( 'automotive_design' ) ;
#2111 = ORIENTED_EDGE ( 'NONE', *, *, #989, .T. ) ;
#2112 = CARTESIAN_POINT ( 'NONE',  ( 67.34936490538895271, 19.42617797022817072, -31.55255888325783786 ) ) ;
#2113 = DIRECTION ( 'NONE',  ( -0.8660254037844379305, 0.000000000000000000, -0.5000000000000014433 ) ) ;
#2114 = ORIENTED_EDGE ( 'NONE', *, *, #579, .F. ) ;
#2115 = EDGE_CURVE ( 'NONE', #2438, #1693, #1108, .T. ) ;
#2116 = CARTESIAN_POINT ( 'NONE',  ( 40.69392033916128781, -103.3012701892218672, -45.38397459621568686 ) ) ;
#2117 = ORIENTED_EDGE ( 'NONE', *, *, #800, .T. ) ;
#2118 = LINE ( 'NONE', #2366, #1808 ) ;
#2119 = ADVANCED_FACE ( 'NONE', ( #2484 ), #1970, .F. ) ;
#2120 = CARTESIAN_POINT ( 'NONE',  ( 65.79134542052464951, -81.30127018922186721, -68.85398997629046391 ) ) ;
#2121 = CARTESIAN_POINT ( 'NONE',  ( 81.50480947161666734, -103.3012701892218672, -46.07050807568884920 ) ) ;
#2122 = VERTEX_POINT ( 'NONE', #2583 ) ;
#2123 = LINE ( 'NONE', #319, #1501 ) ;
#2124 = CARTESIAN_POINT ( 'NONE',  ( 100.0000000000000000, -44.99999999999996447, -45.00000000000000000 ) ) ;
#2125 = ORIENTED_EDGE ( 'NONE', *, *, #2290, .F. ) ;
#2126 = DIRECTION ( 'NONE',  ( 0.8660254037844380415, -0.000000000000000000, 0.5000000000000014433 ) ) ;
#2127 = CARTESIAN_POINT ( 'NONE',  ( 130.4649587758133862, -37.15063509461094782, -1.060194888847364236 ) ) ;
#2128 = VERTEX_POINT ( 'NONE', #753 ) ;
#2129 = DIRECTION ( 'NONE',  ( 0.2961981327260195807, 0.9396926207859100932, 0.1710100716628323858 ) ) ;
#2130 = ORIENTED_EDGE ( 'NONE', *, *, #2407, .T. ) ;
#2131 = LINE ( 'NONE', #713, #2142 ) ;
#2132 = CYLINDRICAL_SURFACE ( 'NONE', #146, 20.99999999999999645 ) ;
#2133 = VECTOR ( 'NONE', #1485, 1000.000000000000114 ) ;
#2134 = DIRECTION ( 'NONE',  ( 0.000000000000000000, 1.000000000000000000, 0.000000000000000000 ) ) ;
#2135 = VECTOR ( 'NONE', #2391, 1000.000000000000114 ) ;
#2136 = EDGE_LOOP ( 'NONE', ( #94, #918, #1779, #1574, #386, #2589, #2405, #366 ) ) ;
#2137 = EDGE_CURVE ( 'NONE', #1144, #938, #1335, .T. ) ;
#2138 = VECTOR ( 'NONE', #446, 999.9999999999998863 ) ;
#2139 = CARTESIAN_POINT ( 'NONE',  ( 68.66635220349662916, -103.3012701892218672, -59.83364779650338505 ) ) ;
#2140 = DIRECTION ( 'NONE',  ( 0.5000000000000008882, 0.000000000000000000, -0.8660254037844380415 ) ) ;
#2141 = ORIENTED_EDGE ( 'NONE', *, *, #174, .F. ) ;
#2142 = VECTOR ( 'NONE', #327, 1000.000000000000000 ) ;
#2143 = CARTESIAN_POINT ( 'NONE',  ( 32.78366630131693427, -32.15063509461094782, -51.68301270189237329 ) ) ;
#2144 = VECTOR ( 'NONE', #1021, 1000.000000000000114 ) ;
#2145 = FACE_OUTER_BOUND ( 'NONE', #1352, .T. ) ;
#2146 = ORIENTED_EDGE ( 'NONE', *, *, #345, .T. ) ;
#2147 = LINE ( 'NONE', #737, #217 ) ;
#2148 = VERTEX_POINT ( 'NONE', #709 ) ;
#2149 = CARTESIAN_POINT ( 'NONE',  ( 100.0000000000000000, 0.000000000000000000, -75.00000000000001421 ) ) ;
#2150 = CARTESIAN_POINT ( 'NONE',  ( 52.28366630131694848, -71.15063509461094782, -85.45800344948546012 ) ) ;
#2151 = ORIENTED_EDGE ( 'NONE', *, *, #2203, .F. ) ;
#2152 = PLANE ( 'NONE',  #2230 ) ;
#2153 = FACE_OUTER_BOUND ( 'NONE', #2272, .T. ) ;
#2154 = EDGE_CURVE ( 'NONE', #566, #1609, #1560, .T. ) ;
#2155 = ORIENTED_EDGE ( 'NONE', *, *, #505, .T. ) ;
#2156 = LINE ( 'NONE', #1153, #1337 ) ;
#2157 = CARTESIAN_POINT ( 'NONE',  ( 53.35898384862242239, 23.30127018922184590, -87.32050807568884920 ) ) ;
#2158 = ORIENTED_EDGE ( 'NONE', *, *, #456, .T. ) ;
#2159 = CARTESIAN_POINT ( 'NONE',  ( 130.0000000000000000, -45.00000000000001421, -70.00000000000000000 ) ) ;
#2160 = ORIENTED_EDGE ( 'NONE', *, *, #1198, .T. ) ;
#2161 = EDGE_CURVE ( 'NONE', #764, #1833, #763, .T. ) ;
#2162 = CARTESIAN_POINT ( 'NONE',  ( 33.08366630131692432, 20.55063509461093929, -52.20262794416304075 ) ) ;
#2163 = CARTESIAN_POINT ( 'NONE',  ( 33.08366630131692432, 20.55063509461093929, -52.20262794416304075 ) ) ;
#2164 = ORIENTED_EDGE ( 'NONE', *, *, #1847, .T. ) ;
#2165 = CARTESIAN_POINT ( 'NONE',  ( 47.94310851549407460, 23.30127018922184590, 2.060063168748155427 ) ) ;
#2166 = EDGE_LOOP ( 'NONE', ( #350, #1076, #1271 ) ) ;
#2167 = ADVANCED_FACE ( 'NONE', ( #2145 ), #503, .F. ) ;
#2168 = CARTESIAN_POINT ( 'NONE',  ( 130.0000000000000000, -4.999999999999961808, -20.57084224863302779 ) ) ;
#2169 = DIRECTION ( 'NONE',  ( -0.8660254037844379305, 0.000000000000000000, -0.5000000000000011102 ) ) ;
#2170 = VERTEX_POINT ( 'NONE', #2157 ) ;
#2171 = CARTESIAN_POINT ( 'NONE',  ( 130.0000000000000000, -85.00000000000000000, -71.00000000000001421 ) ) ;
#2172 = ORIENTED_EDGE ( 'NONE', *, *, #1726, .T. ) ;
#2173 = ADVANCED_FACE ( 'NONE', ( #153 ), #1731, .F. ) ;
#2174 = DIRECTION ( 'NONE',  ( -0.8660254037844379305, 0.000000000000000000, -0.5000000000000011102 ) ) ;
#2175 = ORIENTED_EDGE ( 'NONE', *, *, #2504, .F. ) ;
#2176 = DIRECTION ( 'NONE',  ( -0.8660254037844380415, 0.000000000000000000, -0.5000000000000012212 ) ) ;
#2177 = VECTOR ( 'NONE', #1948, 1000.000000000000000 ) ;
#2178 = DIRECTION ( 'NONE',  ( -0.8660254037844379305, 0.000000000000000000, -0.5000000000000011102 ) ) ;
#2179 = AXIS2_PLACEMENT_3D ( 'NONE', #202, #612, #1996 ) ;
#2180 = VECTOR ( 'NONE', #2140, 1000.000000000000227 ) ;
#2181 = CARTESIAN_POINT ( 'NONE',  ( 53.35898384862242239, -30.00000000000002842, -87.32050807568884920 ) ) ;
#2182 = ORIENTED_EDGE ( 'NONE', *, *, #30, .T. ) ;
#2183 = CIRCLE ( 'NONE', #2613, 24.99999999999999289 ) ;
#2184 = ORIENTED_EDGE ( 'NONE', *, *, #2629, .F. ) ;
#2185 = DIRECTION ( 'NONE',  ( 0.5000000000000011102, 0.000000000000000000, -0.8660254037844379305 ) ) ;
#2186 = ORIENTED_EDGE ( 'NONE', *, *, #795, .F. ) ;
#2187 = EDGE_CURVE ( 'NONE', #634, #2455, #1717, .T. ) ;
#2188 = VECTOR ( 'NONE', #2034, 1000.000000000000000 ) ;
#2189 = LINE ( 'NONE', #270, #611 ) ;
#2190 = ORIENTED_EDGE ( 'NONE', *, *, #2115, .T. ) ;
#2191 = DIRECTION ( 'NONE',  ( -0.5000000000000012212, 0.000000000000000000, 0.8660254037844379305 ) ) ;
#2192 = EDGE_CURVE ( 'NONE', #135, #195, #1318, .T. ) ;
#2193 = DIRECTION ( 'NONE',  ( 0.000000000000000000, 0.000000000000000000, -1.000000000000000000 ) ) ;
#2194 = ORIENTED_EDGE ( 'NONE', *, *, #2079, .T. ) ;
#2195 = FACE_OUTER_BOUND ( 'NONE', #945, .T. ) ;
#2196 = VERTEX_POINT ( 'NONE', #336 ) ;
#2197 = CARTESIAN_POINT ( 'NONE',  ( 67.72468245269448062, 0.000000000000000000, -32.20262794416299101 ) ) ;
#2198 = EDGE_CURVE ( 'NONE', #298, #2625, #1747, .T. ) ;
#2199 = EDGE_LOOP ( 'NONE', ( #1558, #476, #2533, #1364 ) ) ;
#2200 = EDGE_LOOP ( 'NONE', ( #277, #458, #2626, #445, #1914, #1009, #2055, #756, #2226, #952, #1589, #595, #302, #2182 ) ) ;
#2201 = CARTESIAN_POINT ( 'NONE',  ( 0.000000000000000000, 0.000000000000000000, 0.000000000000000000 ) ) ;
#2202 = CARTESIAN_POINT ( 'NONE',  ( 33.08366630131692432, 20.55063509461093929, -52.20262794416304075 ) ) ;
#2203 = EDGE_CURVE ( 'NONE', #1609, #2325, #2543, .T. ) ;
#2204 = CARTESIAN_POINT ( 'NONE',  ( 100.0000000000000000, -4.999999999999957367, -54.61880215351699519 ) ) ;
#2205 = EDGE_CURVE ( 'NONE', #814, #1440, #598, .T. ) ;
#2206 = ADVANCED_FACE ( 'NONE', ( #137 ), #971, .T. ) ;
#2207 = DIRECTION ( 'NONE',  ( 0.8660254037844380415, 0.000000000000000000, 0.5000000000000012212 ) ) ;
#2208 = EDGE_LOOP ( 'NONE', ( #340, #205, #2130, #1602, #1202, #1611, #1488, #316 ) ) ;
#2209 = PLANE ( 'NONE',  #2393 ) ;
#2210 = VERTEX_POINT ( 'NONE', #1958 ) ;
#2211 = FACE_OUTER_BOUND ( 'NONE', #601, .T. ) ;
#2212 = VERTEX_POINT ( 'NONE', #537 ) ;
#2213 = EDGE_LOOP ( 'NONE', ( #863, #166, #2164, #1463 ) ) ;
#2214 = CARTESIAN_POINT ( 'NONE',  ( 80.05771365940067597, -37.15063509461094782, -45.00000000000001421 ) ) ;
#2215 = AXIS2_PLACEMENT_3D ( 'NONE', #1667, #2252, #444 ) ;
#2216 = CARTESIAN_POINT ( 'NONE',  ( 110.0000000000000142, -50.00000000000000000, -75.00000000000001421 ) ) ;
#2217 = VECTOR ( 'NONE', #2261, 1000.000000000000000 ) ;
#2218 = VECTOR ( 'NONE', #496, 1000.000000000000114 ) ;
#2219 =( NAMED_UNIT ( * ) SI_UNIT ( $, .STERADIAN. ) SOLID_ANGLE_UNIT ( ) );
#2220 = ORIENTED_EDGE ( 'NONE', *, *, #668, .F. ) ;
#2221 = CARTESIAN_POINT ( 'NONE',  ( 130.0000000000000000, -4.999999999999963585, -70.00000000000000000 ) ) ;
#2222 = AXIS2_PLACEMENT_3D ( 'NONE', #380, #2207, #1200 ) ;
#2223 = ORIENTED_EDGE ( 'NONE', *, *, #1872, .T. ) ;
#2224 = VECTOR ( 'NONE', #1350, 1000.000000000000000 ) ;
#2225 = LINE ( 'NONE', #1043, #1883 ) ;
#2226 = ORIENTED_EDGE ( 'NONE', *, *, #658, .T. ) ;
#2227 = ORIENTED_EDGE ( 'NONE', *, *, #389, .T. ) ;
#2228 = AXIS2_PLACEMENT_3D ( 'NONE', #1429, #2614, #796 ) ;
#2229 = CARTESIAN_POINT ( 'NONE',  ( 53.35898384862242239, -30.00000000000002842, -87.32050807568884920 ) ) ;
#2230 = AXIS2_PLACEMENT_3D ( 'NONE', #2355, #1953, #1136 ) ;
#2231 = CARTESIAN_POINT ( 'NONE',  ( 51.98366630131695842, 20.55063509461093929, -84.93838820721478555 ) ) ;
#2232 = EDGE_CURVE ( 'NONE', #2409, #1750, #1351, .T. ) ;
#2233 = CARTESIAN_POINT ( 'NONE',  ( 42.97408949086356245, -45.00000000000000711, 69.94868888593960321 ) ) ;
#2234 = EDGE_CURVE ( 'NONE', #764, #2058, #957, .T. ) ;
#2235 = VERTEX_POINT ( 'NONE', #111 ) ;
#2236 = DIRECTION ( 'NONE',  ( -0.8660254037844380415, 0.000000000000000000, -0.5000000000000012212 ) ) ;
#2237 = DIRECTION ( 'NONE',  ( 0.000000000000000000, 0.000000000000000000, 1.000000000000000000 ) ) ;
#2238 = ORIENTED_EDGE ( 'NONE', *, *, #1411, .F. ) ;
#2239 = ORIENTED_EDGE ( 'NONE', *, *, #819, .F. ) ;
#2240 = APPLICATION_PROTOCOL_DEFINITION ( 'draft international standard', 'automotive_design', 1998, #2110 ) ;
#2241 = DIRECTION ( 'NONE',  ( 0.000000000000000000, 0.000000000000000000, 1.000000000000000000 ) ) ;
#2242 = CARTESIAN_POINT ( 'NONE',  ( 103.6843690588922726, -17.24936490538906142, -20.57084224863302069 ) ) ;
#2243 = PLANE ( 'NONE',  #693 ) ;
#2244 = VERTEX_POINT ( 'NONE', #2342 ) ;
#2245 = LINE ( 'NONE', #2456, #641 ) ;
#2246 = EDGE_CURVE ( 'NONE', #1219, #2122, #1373, .T. ) ;
#2247 = FACE_OUTER_BOUND ( 'NONE', #2491, .T. ) ;
#2248 = ORIENTED_EDGE ( 'NONE', *, *, #2608, .F. ) ;
#2249 = VERTEX_POINT ( 'NONE', #1178 ) ;
#2250 = EDGE_CURVE ( 'NONE', #375, #1765, #164, .T. ) ;
#2251 = CARTESIAN_POINT ( 'NONE',  ( 136.3631225541691094, -17.24936490538906142, 1.652291233283260885 ) ) ;
#2252 = DIRECTION ( 'NONE',  ( 0.000000000000000000, 1.000000000000000000, 0.000000000000000000 ) ) ;
#2253 = DIRECTION ( 'NONE',  ( -6.009258394948618129E-17, 1.000000000000000000, -3.469446951953617270E-17 ) ) ;
#2254 = ORIENTED_EDGE ( 'NONE', *, *, #906, .T. ) ;
#2255 = PLANE ( 'NONE',  #998 ) ;
#2256 = AXIS2_PLACEMENT_3D ( 'NONE', #1365, #522, #933 ) ;
#2257 = CARTESIAN_POINT ( 'NONE',  ( 61.69392033916133755, -103.3012701892218672, -81.75704155516208971 ) ) ;
#2258 = EDGE_LOOP ( 'NONE', ( #2379, #1688, #1554, #132 ) ) ;
#2259 = VECTOR ( 'NONE', #1906, 1000.000000000000114 ) ;
#2260 = EDGE_CURVE ( 'NONE', #501, #1585, #1789, .T. ) ;
#2261 = DIRECTION ( 'NONE',  ( 0.000000000000000000, 1.000000000000000000, 0.000000000000000000 ) ) ;
#2262 = CARTESIAN_POINT ( 'NONE',  ( 100.0000000000000000, 0.000000000000000000, -60.39230484541324273 ) ) ;
#2263 = DIRECTION ( 'NONE',  ( 0.000000000000000000, 1.000000000000000000, 0.000000000000000000 ) ) ;
#2264 = AXIS2_PLACEMENT_3D ( 'NONE', #56, #1266, #1477 ) ;
#2265 = VECTOR ( 'NONE', #2469, 1000.000000000000000 ) ;
#2266 = LINE ( 'NONE', #834, #2392 ) ;
#2267 = ORIENTED_EDGE ( 'NONE', *, *, #2402, .F. ) ;
#2268 = DIRECTION ( 'NONE',  ( -0.5481693696114606773, -0.7741751242191251547, -0.3164857331066852075 ) ) ;
#2269 = ORIENTED_EDGE ( 'NONE', *, *, #725, .T. ) ;
#2270 = DIRECTION ( 'NONE',  ( -0.6704553245517346216, 0.6329714662133695269, -0.3870875621095634656 ) ) ;
#2271 = DIRECTION ( 'NONE',  ( 0.5000000000000013323, 0.000000000000000000, -0.8660254037844378194 ) ) ;
#2272 = EDGE_LOOP ( 'NONE', ( #156, #402, #1849, #2385, #1412, #1116 ) ) ;
#2273 = CARTESIAN_POINT ( 'NONE',  ( 84.12468245269447209, 0.000000000000000000, -60.60826118829256615 ) ) ;
#2274 = EDGE_CURVE ( 'NONE', #1922, #2372, #2123, .T. ) ;
#2275 = DIRECTION ( 'NONE',  ( 6.009258394948639083E-16, -1.000000000000000000, 3.469446951953626022E-16 ) ) ;
#2276 = DIRECTION ( 'NONE',  ( -0.5000000000000012212, 0.000000000000000000, 0.8660254037844380415 ) ) ;
#2277 = EDGE_CURVE ( 'NONE', #1657, #517, #150, .T. ) ;
#2278 = DIRECTION ( 'NONE',  ( 0.000000000000000000, 1.000000000000000000, 0.000000000000000000 ) ) ;
#2279 = VERTEX_POINT ( 'NONE', #953 ) ;
#2280 = ADVANCED_FACE ( 'NONE', ( #2538 ), #499, .T. ) ;
#2281 = DIRECTION ( 'NONE',  ( 0.5000000000000011102, 0.000000000000000000, -0.8660254037844379305 ) ) ;
#2282 = ORIENTED_EDGE ( 'NONE', *, *, #1424, .T. ) ;
#2283 = FACE_OUTER_BOUND ( 'NONE', #225, .T. ) ;
#2284 = PLANE ( 'NONE',  #192 ) ;
#2285 = ORIENTED_EDGE ( 'NONE', *, *, #2250, .T. ) ;
#2286 = LINE ( 'NONE', #451, #602 ) ;
#2287 = LINE ( 'NONE', #1254, #919 ) ;
#2288 = CARTESIAN_POINT ( 'NONE',  ( 53.35898384862242239, -73.30127018922186721, -87.32050807568886341 ) ) ;
#2289 = CARTESIAN_POINT ( 'NONE',  ( 24.68612925938862190, -128.3012701892218672, 42.34233287089818276 ) ) ;
#2290 = EDGE_CURVE ( 'NONE', #1720, #1657, #1314, .T. ) ;
#2291 = ORIENTED_EDGE ( 'NONE', *, *, #1868, .T. ) ;
#2292 = FACE_OUTER_BOUND ( 'NONE', #104, .T. ) ;
#2293 = ORIENTED_EDGE ( 'NONE', *, *, #20, .T. ) ;
#2294 = PLANE ( 'NONE',  #568 ) ;
#2295 = CARTESIAN_POINT ( 'NONE',  ( 72.55486918009189878, -103.3012701892218672, -22.37024505275043396 ) ) ;
#2296 = LINE ( 'NONE', #1304, #572 ) ;
#2297 = ORIENTED_EDGE ( 'NONE', *, *, #655, .F. ) ;
#2298 = LINE ( 'NONE', #2059, #2085 ) ;
#2299 = VECTOR ( 'NONE', #1767, 1000.000000000000114 ) ;
#2300 = AXIS2_PLACEMENT_3D ( 'NONE', #2380, #556, #594 ) ;
#2301 = CARTESIAN_POINT ( 'NONE',  ( 89.83012701892215546, -5.000000000000000000, -60.49038105676662269 ) ) ;
#2302 = CARTESIAN_POINT ( 'NONE',  ( 97.55486918009195563, -103.3012701892218672, -65.67151524197232959 ) ) ;
#2303 = VECTOR ( 'NONE', #121, 1000.000000000000000 ) ;
#2304 = PLANE ( 'NONE',  #265 ) ;
#2305 = AXIS2_PLACEMENT_3D ( 'NONE', #1107, #2126, #1500 ) ;
#2306 = ORIENTED_EDGE ( 'NONE', *, *, #2527, .F. ) ;
#2307 = VECTOR ( 'NONE', #1545, 1000.000000000000114 ) ;
#2308 = DIRECTION ( 'NONE',  ( 1.000000000000000000, -2.775557561562891351E-16, 0.000000000000000000 ) ) ;
#2309 = EDGE_CURVE ( 'NONE', #189, #1655, #2551, .T. ) ;
#2310 = LINE ( 'NONE', #487, #1968 ) ;
#2311 = ORIENTED_EDGE ( 'NONE', *, *, #651, .F. ) ;
#2312 = ADVANCED_FACE ( 'NONE', ( #119 ), #2152, .F. ) ;
#2313 = DIRECTION ( 'NONE',  ( 0.8660254037844380415, 0.000000000000000000, 0.5000000000000011102 ) ) ;
#2314 = LINE ( 'NONE', #460, #2093 ) ;
#2315 = ORIENTED_EDGE ( 'NONE', *, *, #1645, .T. ) ;
#2316 = DIRECTION ( 'NONE',  ( -0.000000000000000000, 0.000000000000000000, -1.000000000000000000 ) ) ;
#2317 = ORIENTED_EDGE ( 'NONE', *, *, #1677, .F. ) ;
#2318 = EDGE_CURVE ( 'NONE', #1655, #876, #1725, .T. ) ;
#2319 = DIRECTION ( 'NONE',  ( 0.8660254037844380415, -0.000000000000000000, 0.5000000000000014433 ) ) ;
#2320 = CARTESIAN_POINT ( 'NONE',  ( 130.4649587758133862, -66.15063509461094782, -1.060194888847364236 ) ) ;
#2321 = CARTESIAN_POINT ( 'NONE',  ( 110.0000000000000142, 35.00000000000000000, -75.00000000000001421 ) ) ;
#2322 = VERTEX_POINT ( 'NONE', #1329 ) ;
#2323 = CARTESIAN_POINT ( 'NONE',  ( 103.0000000000000142, -4.999999999999957367, -60.00000000000000711 ) ) ;
#2324 = CARTESIAN_POINT ( 'NONE',  ( 72.08622518457444528, -103.3012701892218672, -75.75704155516216076 ) ) ;
#2325 = VERTEX_POINT ( 'NONE', #683 ) ;
#2326 = DIRECTION ( 'NONE',  ( 0.5000000000000007772, 0.000000000000000000, -0.8660254037844382635 ) ) ;
#2327 = DIRECTION ( 'NONE',  ( 0.8660254037844379305, 0.000000000000000000, 0.5000000000000011102 ) ) ;
#2328 = EDGE_LOOP ( 'NONE', ( #1389, #37, #271 ) ) ;
#2329 = FACE_BOUND ( 'NONE', #2199, .T. ) ;
#2330 = VERTEX_POINT ( 'NONE', #703 ) ;
#2331 = ADVANCED_FACE ( 'NONE', ( #546 ), #486, .F. ) ;
#2332 = CARTESIAN_POINT ( 'NONE',  ( 225.4999999999997726, 0.000000000000000000, 59.75575286112640327 ) ) ;
#2333 = PLANE ( 'NONE',  #2300 ) ;
#2334 = EDGE_CURVE ( 'NONE', #2279, #258, #133, .T. ) ;
#2335 = APPLICATION_CONTEXT ( 'automotive_design' ) ;
#2336 = DIRECTION ( 'NONE',  ( 0.5000000000000013323, 0.000000000000000000, -0.8660254037844378194 ) ) ;
#2337 = VERTEX_POINT ( 'NONE', #331 ) ;
#2338 = DIRECTION ( 'NONE',  ( 0.8660254037844379305, 0.000000000000000000, 0.5000000000000014433 ) ) ;
#2339 = CARTESIAN_POINT ( 'NONE',  ( 72.62425371883283276, 0.000000000000000000, 16.30972899580406832 ) ) ;
#2340 = ORIENTED_EDGE ( 'NONE', *, *, #174, .T. ) ;
#2341 = CARTESIAN_POINT ( 'NONE',  ( 61.58622518457443107, -103.3012701892218672, -57.57050807568899131 ) ) ;
#2342 = CARTESIAN_POINT ( 'NONE',  ( 130.0000000000000000, 35.00000000000000000, -75.00000000000001421 ) ) ;
#2343 = VERTEX_POINT ( 'NONE', #1940 ) ;
#2344 = DIRECTION ( 'NONE',  ( 0.000000000000000000, 1.000000000000000000, 0.000000000000000000 ) ) ;
#2345 = ORIENTED_EDGE ( 'NONE', *, *, #2504, .T. ) ;
#2346 = LINE ( 'NONE', #1506, #648 ) ;
#2347 = EDGE_CURVE ( 'NONE', #1756, #2330, #533, .T. ) ;
#2348 = LINE ( 'NONE', #328, #1626 ) ;
#2349 = AXIS2_PLACEMENT_3D ( 'NONE', #888, #679, #2088 ) ;
#2350 = DIRECTION ( 'NONE',  ( 2.775557561562891351E-16, 1.000000000000000000, 0.000000000000000000 ) ) ;
#2351 = ADVANCED_FACE ( 'NONE', ( #2370 ), #1359, .F. ) ;
#2352 = AXIS2_PLACEMENT_3D ( 'NONE', #405, #2499, #2475 ) ;
#2353 = EDGE_LOOP ( 'NONE', ( #2297, #1023, #5, #494 ) ) ;
#2354 = VECTOR ( 'NONE', #157, 1000.000000000000000 ) ;
#2355 = CARTESIAN_POINT ( 'NONE',  ( 9.845916068392579490, -44.99999999999993605, -45.00000000000000711 ) ) ;
#2356 = LINE ( 'NONE', #1525, #2180 ) ;
#2357 = VERTEX_POINT ( 'NONE', #1742 ) ;
#2358 = VECTOR ( 'NONE', #774, 1000.000000000000114 ) ;
#2359 = EDGE_CURVE ( 'NONE', #566, #1366, #1909, .T. ) ;
#2360 = CARTESIAN_POINT ( 'NONE',  ( 130.0000000000000000, 35.00000000000000000, -75.00000000000001421 ) ) ;
#2361 = VECTOR ( 'NONE', #1786, 1000.000000000000000 ) ;
#2362 = CARTESIAN_POINT ( 'NONE',  ( 97.55486918009195563, -103.3012701892218672, -65.67151524197232959 ) ) ;
#2363 = ORIENTED_EDGE ( 'NONE', *, *, #1450, .F. ) ;
#2364 = CARTESIAN_POINT ( 'NONE',  ( 103.0000000000000142, -4.999999999999956479, -60.00000000000000711 ) ) ;
#2365 = VERTEX_POINT ( 'NONE', #75 ) ;
#2366 = CARTESIAN_POINT ( 'NONE',  ( 100.0000000000000000, -65.00000000000000000, -75.00000000000001421 ) ) ;
#2367 = LINE ( 'NONE', #1131, #821 ) ;
#2368 = ORIENTED_EDGE ( 'NONE', *, *, #1600, .T. ) ;
#2369 = EDGE_CURVE ( 'NONE', #1273, #1549, #1694, .T. ) ;
#2370 = FACE_OUTER_BOUND ( 'NONE', #976, .T. ) ;
#2371 = DIRECTION ( 'NONE',  ( 0.8660254037844381525, -0.000000000000000000, 0.5000000000000012212 ) ) ;
#2372 = VERTEX_POINT ( 'NONE', #1495 ) ;
#2373 = DIRECTION ( 'NONE',  ( -0.8660254037844379305, 0.000000000000000000, -0.5000000000000012212 ) ) ;
#2374 = CARTESIAN_POINT ( 'NONE',  ( 97.87152626010517054, -17.24936490538906497, -20.57084224863302069 ) ) ;
#2375 = ORIENTED_EDGE ( 'NONE', *, *, #297, .T. ) ;
#2376 = PLANE ( 'NONE',  #2256 ) ;
#2377 = EDGE_LOOP ( 'NONE', ( #2117, #1208, #535, #1977 ) ) ;
#2378 = LINE ( 'NONE', #1145, #2013 ) ;
#2379 = ORIENTED_EDGE ( 'NONE', *, *, #951, .F. ) ;
#2380 = CARTESIAN_POINT ( 'NONE',  ( 31.70834875401146036, 23.30127018922184590, -49.82050807568898421 ) ) ;
#2381 = PLANE ( 'NONE',  #269 ) ;
#2382 = EDGE_CURVE ( 'NONE', #1073, #2537, #1104, .T. ) ;
#2383 = FILL_AREA_STYLE ('',( #175 ) ) ;
#2384 = CARTESIAN_POINT ( 'NONE',  ( 21.63434352870796573, -37.15063509461094782, 57.62818081025078953 ) ) ;
#2385 = ORIENTED_EDGE ( 'NONE', *, *, #838, .F. ) ;
#2386 = VERTEX_POINT ( 'NONE', #2108 ) ;
#2387 = DIRECTION ( 'NONE',  ( 0.000000000000000000, 1.000000000000000000, 0.000000000000000000 ) ) ;
#2388 = ORIENTED_EDGE ( 'NONE', *, *, #2002, .T. ) ;
#2389 = DIRECTION ( 'NONE',  ( -0.6704553245517349547, 0.6329714662133694159, -0.3870875621095632435 ) ) ;
#2390 = ORIENTED_EDGE ( 'NONE', *, *, #529, .T. ) ;
#2391 = DIRECTION ( 'NONE',  ( 0.5000000000000011102, 0.000000000000000000, -0.8660254037844379305 ) ) ;
#2392 = VECTOR ( 'NONE', #2040, 1000.000000000000000 ) ;
#2393 = AXIS2_PLACEMENT_3D ( 'NONE', #1192, #2400, #1622 ) ;
#2394 = LINE ( 'NONE', #2592, #152 ) ;
#2395 = VECTOR ( 'NONE', #2176, 999.9999999999998863 ) ;
#2396 = VECTOR ( 'NONE', #1301, 1000.000000000000114 ) ;
#2397 = ADVANCED_FACE ( 'NONE', ( #285 ), #925, .F. ) ;
#2398 = CARTESIAN_POINT ( 'NONE',  ( 69.94684425455743337, -103.3012701892218672, -28.49479109907802510 ) ) ;
#2399 = AXIS2_PLACEMENT_3D ( 'NONE', #1652, #239, #463 ) ;
#2400 = DIRECTION ( 'NONE',  ( -0.5000000000000011102, 0.000000000000000000, 0.8660254037844380415 ) ) ;
#2401 = ORIENTED_EDGE ( 'NONE', *, *, #2425, .F. ) ;
#2402 = EDGE_CURVE ( 'NONE', #2493, #73, #369, .T. ) ;
#2403 = AXIS2_PLACEMENT_3D ( 'NONE', #1888, #1291, #1487 ) ;
#2404 = CARTESIAN_POINT ( 'NONE',  ( 130.0000000000000000, -85.00000000000000000, -75.00000000000001421 ) ) ;
#2405 = ORIENTED_EDGE ( 'NONE', *, *, #1956, .T. ) ;
#2406 = ORIENTED_EDGE ( 'NONE', *, *, #2137, .F. ) ;
#2407 = EDGE_CURVE ( 'NONE', #1824, #1572, #330, .T. ) ;
#2408 = DIRECTION ( 'NONE',  ( 0.8660254037844380415, 0.000000000000000000, 0.5000000000000011102 ) ) ;
#2409 = VERTEX_POINT ( 'NONE', #990 ) ;
#2410 = CARTESIAN_POINT ( 'NONE',  ( 66.34936490538892429, -81.30127018922185300, -29.82050807568894157 ) ) ;
#2411 = ORIENTED_EDGE ( 'NONE', *, *, #1659, .F. ) ;
#2412 = CARTESIAN_POINT ( 'NONE',  ( 42.97408949086356245, -45.00000000000000711, 69.94868888593960321 ) ) ;
#2413 = ORIENTED_EDGE ( 'NONE', *, *, #625, .F. ) ;
#2414 = ORIENTED_EDGE ( 'NONE', *, *, #651, .T. ) ;
#2415 = DIRECTION ( 'NONE',  ( -2.775557561562891351E-16, -1.000000000000000000, -1.602468905319643416E-16 ) ) ;
#2416 = EDGE_CURVE ( 'NONE', #1874, #2322, #613, .T. ) ;
#2417 = CARTESIAN_POINT ( 'NONE',  ( 130.4649587758133862, -66.15063509461094782, -1.060194888847364236 ) ) ;
#2418 = CARTESIAN_POINT ( 'NONE',  ( 90.94684425455750443, -103.3012701892218672, -64.86785805802442439 ) ) ;
#2419 = ORIENTED_EDGE ( 'NONE', *, *, #1152, .F. ) ;
#2420 = CARTESIAN_POINT ( 'NONE',  ( 21.63434352870796573, -5.000000000000000000, 57.62818081025078953 ) ) ;
#2421 = VERTEX_POINT ( 'NONE', #802 ) ;
#2422 = CARTESIAN_POINT ( 'NONE',  ( 89.25639984073346511, -4.999999999999950262, -25.54478780595993115 ) ) ;
#2423 = EDGE_LOOP ( 'NONE', ( #853, #23, #1206, #1728 ) ) ;
#2424 = ORIENTED_EDGE ( 'NONE', *, *, #233, .T. ) ;
#2425 = EDGE_CURVE ( 'NONE', #1702, #375, #1370, .T. ) ;
#2426 = CARTESIAN_POINT ( 'NONE',  ( 49.36727446272737296, -50.00000000000000000, 56.59199869795408233 ) ) ;
#2427 = ADVANCED_FACE ( 'NONE', ( #1016 ), #1607, .T. ) ;
#2428 = CARTESIAN_POINT ( 'NONE',  ( 49.02885682970018166, -73.30127018922186721, -39.82050807568896289 ) ) ;
#2429 = VECTOR ( 'NONE', #552, 1000.000000000000000 ) ;
#2430 = VECTOR ( 'NONE', #2276, 999.9999999999998863 ) ;
#2431 = CARTESIAN_POINT ( 'NONE',  ( 91.03051010872763982, -134.8518645242728269, -15.57084224863302602 ) ) ;
#2432 = VERTEX_POINT ( 'NONE', #2204 ) ;
#2433 = CARTESIAN_POINT ( 'NONE',  ( 87.92593928676667758, 0.000000000000000000, -19.67266812516900032 ) ) ;
#2434 = VECTOR ( 'NONE', #2253, 1000.000000000000000 ) ;
#2435 = VECTOR ( 'NONE', #2529, 1000.000000000000114 ) ;
#2436 = PLANE ( 'NONE',  #1459 ) ;
#2437 = VERTEX_POINT ( 'NONE', #1003 ) ;
#2438 = VERTEX_POINT ( 'NONE', #788 ) ;
#2439 = VECTOR ( 'NONE', #930, 1000.000000000000000 ) ;
#2440 = DIRECTION ( 'NONE',  ( -0.8660254037844380415, 0.000000000000000000, -0.5000000000000011102 ) ) ;
#2441 = AXIS2_PLACEMENT_3D ( 'NONE', #1539, #1925, #1895 ) ;
#2442 = DIRECTION ( 'NONE',  ( 0.5000000000000011102, 0.000000000000000000, -0.8660254037844379305 ) ) ;
#2443 = ADVANCED_FACE ( 'NONE', ( #2619 ), #149, .F. ) ;
#2444 = PLANE ( 'NONE',  #916 ) ;
#2445 = EDGE_LOOP ( 'NONE', ( #784, #412 ) ) ;
#2446 = CARTESIAN_POINT ( 'NONE',  ( 206.7246824526943101, 0.000000000000000000, 42.27555678129889571 ) ) ;
#2447 = LINE ( 'NONE', #373, #396 ) ;
#2448 = VERTEX_POINT ( 'NONE', #557 ) ;
#2449 = ORIENTED_EDGE ( 'NONE', *, *, #1270, .T. ) ;
#2450 = DIRECTION ( 'NONE',  ( 0.000000000000000000, 0.000000000000000000, 1.000000000000000000 ) ) ;
#2451 = PLANE ( 'NONE',  #2264 ) ;
#2452 =( NAMED_UNIT ( * ) PLANE_ANGLE_UNIT ( ) SI_UNIT ( $, .RADIAN. ) );
#2453 = ADVANCED_FACE ( 'NONE', ( #1966, #198 ), #2381, .F. ) ;
#2454 = LINE ( 'NONE', #1027, #1924 ) ;
#2455 = VERTEX_POINT ( 'NONE', #2216 ) ;
#2456 = CARTESIAN_POINT ( 'NONE',  ( 91.03051010872769666, -7.152267374425296922E-15, -15.57084224863301891 ) ) ;
#2457 = CARTESIAN_POINT ( 'NONE',  ( 49.26039052305036847, 21.28656459225767605, -20.57084224863302424 ) ) ;
#2458 = ORIENTED_EDGE ( 'NONE', *, *, #1256, .T. ) ;
#2459 = DIRECTION ( 'NONE',  ( -0.5000000000000011102, 0.000000000000000000, 0.8660254037844380415 ) ) ;
#2460 = CARTESIAN_POINT ( 'NONE',  ( 88.75480947161668155, -5.000000000000000000, -58.62787643056319808 ) ) ;
#2461 = CARTESIAN_POINT ( 'NONE',  ( 21.63434352870796573, -5.000000000000000000, 57.62818081025078953 ) ) ;
#2462 = LINE ( 'NONE', #1880, #1117 ) ;
#2463 = ORIENTED_EDGE ( 'NONE', *, *, #2234, .F. ) ;
#2464 = CARTESIAN_POINT ( 'NONE',  ( 130.0000000000000000, -85.00000000000000000, -71.00000000000001421 ) ) ;
#2465 = VERTEX_POINT ( 'NONE', #1398 ) ;
#2466 = DIRECTION ( 'NONE',  ( 0.5000000000000011102, 0.000000000000000000, -0.8660254037844380415 ) ) ;
#2467 = EDGE_CURVE ( 'NONE', #1724, #488, #391, .T. ) ;
#2468 = VECTOR ( 'NONE', #78, 1000.000000000000000 ) ;
#2469 = DIRECTION ( 'NONE',  ( 0.000000000000000000, 1.000000000000000000, 0.000000000000000000 ) ) ;
#2470 = ORIENTED_EDGE ( 'NONE', *, *, #1482, .F. ) ;
#2471 = VECTOR ( 'NONE', #1695, 1000.000000000000000 ) ;
#2472 = DIRECTION ( 'NONE',  ( 1.000000000000000000, -2.775557561562891351E-16, 0.000000000000000000 ) ) ;
#2473 = EDGE_CURVE ( 'NONE', #231, #2128, #2394, .T. ) ;
#2474 = MECHANICAL_DESIGN_GEOMETRIC_PRESENTATION_REPRESENTATION (  '', ( #2607 ), #1126 ) ;
#2475 = DIRECTION ( 'NONE',  ( -0.000000000000000000, 0.000000000000000000, -1.000000000000000000 ) ) ;
#2476 = LINE ( 'NONE', #2461, #1588 ) ;
#2477 = VECTOR ( 'NONE', #886, 1000.000000000000000 ) ;
#2478 = VECTOR ( 'NONE', #1220, 1000.000000000000114 ) ;
#2479 = CARTESIAN_POINT ( 'NONE',  ( 100.0000000000000000, -4.999999999999957367, -60.00000000000000711 ) ) ;
#2480 = VERTEX_POINT ( 'NONE', #2581 ) ;
#2481 = DIRECTION ( 'NONE',  ( -0.8660254037844380415, -0.000000000000000000, -0.5000000000000011102 ) ) ;
#2482 = VERTEX_POINT ( 'NONE', #1596 ) ;
#2483 = LINE ( 'NONE', #864, #604 ) ;
#2484 = FACE_OUTER_BOUND ( 'NONE', #722, .T. ) ;
#2485 = VERTEX_POINT ( 'NONE', #2630 ) ;
#2486 = CARTESIAN_POINT ( 'NONE',  ( 51.19392033916131624, -103.3012701892218672, -63.57050807568888473 ) ) ;
#2487 = CARTESIAN_POINT ( 'NONE',  ( 96.77458035592378849, -90.80127018922175353, -12.25450174517022184 ) ) ;
#2488 = EDGE_CURVE ( 'NONE', #2559, #2212, #1633, .T. ) ;
#2489 = PLANE ( 'NONE',  #430 ) ;
#2490 = EDGE_CURVE ( 'NONE', #122, #1655, #1617, .T. ) ;
#2491 = EDGE_LOOP ( 'NONE', ( #1829, #2553, #1316, #2282 ) ) ;
#2492 = CARTESIAN_POINT ( 'NONE',  ( 40.69392033916128781, -103.3012701892218672, -45.38397459621568686 ) ) ;
#2493 = VERTEX_POINT ( 'NONE', #2428 ) ;
#2494 = DIRECTION ( 'NONE',  ( -0.5000000000000014433, 0.000000000000000000, 0.8660254037844379305 ) ) ;
#2495 = DIRECTION ( 'NONE',  ( 0.8660254037844379305, 0.000000000000000000, 0.5000000000000011102 ) ) ;
#2496 = CARTESIAN_POINT ( 'NONE',  ( 100.0000000000000000, -44.99999999999996447, -60.00000000000000711 ) ) ;
#2497 = ORIENTED_EDGE ( 'NONE', *, *, #313, .T. ) ;
#2498 = LINE ( 'NONE', #1875, #429 ) ;
#2499 = DIRECTION ( 'NONE',  ( 0.000000000000000000, -1.000000000000000000, -0.000000000000000000 ) ) ;
#2500 = LINE ( 'NONE', #2320, #2218 ) ;
#2501 = EDGE_CURVE ( 'NONE', #2448, #1765, #606, .T. ) ;
#2502 = CARTESIAN_POINT ( 'NONE',  ( 100.0000000000000000, 4.440892098500626162E-14, 0.000000000000000000 ) ) ;
#2503 = ORIENTED_EDGE ( 'NONE', *, *, #827, .T. ) ;
#2504 = EDGE_CURVE ( 'NONE', #381, #754, #1388, .T. ) ;
#2505 = DIRECTION ( 'NONE',  ( -0.8660254037844379305, 0.000000000000000000, -0.5000000000000011102 ) ) ;
#2506 = LINE ( 'NONE', #1511, #2089 ) ;
#2507 = ORIENTED_EDGE ( 'NONE', *, *, #1828, .T. ) ;
#2508 = FACE_OUTER_BOUND ( 'NONE', #2577, .T. ) ;
#2509 = VECTOR ( 'NONE', #2408, 1000.000000000000114 ) ;
#2510 = LINE ( 'NONE', #690, #743 ) ;
#2511 = DIRECTION ( 'NONE',  ( 0.000000000000000000, 0.000000000000000000, -1.000000000000000000 ) ) ;
#2512 = EDGE_CURVE ( 'NONE', #1702, #2465, #173, .T. ) ;
#2513 = ORIENTED_EDGE ( 'NONE', *, *, #1020, .F. ) ;
#2514 = DIRECTION ( 'NONE',  ( -0.8660254037844380415, 2.403703357979453168E-16, -0.5000000000000012212 ) ) ;
#2515 = VECTOR ( 'NONE', #1598, 1000.000000000000227 ) ;
#2516 = ORIENTED_EDGE ( 'NONE', *, *, #1567, .F. ) ;
#2517 = VECTOR ( 'NONE', #1237, 1000.000000000000227 ) ;
#2518 = DIRECTION ( 'NONE',  ( 0.8660254037844381525, -0.000000000000000000, 0.5000000000000012212 ) ) ;
#2519 = CARTESIAN_POINT ( 'NONE',  ( 47.94310851549407460, 19.42617797022817427, 2.060063168748155427 ) ) ;
#2520 = VECTOR ( 'NONE', #332, 1000.000000000000114 ) ;
#2521 = PLANE ( 'NONE',  #148 ) ;
#2522 = AXIS2_PLACEMENT_3D ( 'NONE', #2332, #98, #920 ) ;
#2523 = VERTEX_POINT ( 'NONE', #640 ) ;
#2524 = CIRCLE ( 'NONE', #1716, 20.99999999999998934 ) ;
#2525 = DIRECTION ( 'NONE',  ( 0.5000000000000011102, 0.000000000000000000, -0.8660254037844379305 ) ) ;
#2526 = LINE ( 'NONE', #1683, #2396 ) ;
#2527 = EDGE_CURVE ( 'NONE', #2322, #2196, #1269, .T. ) ;
#2528 = ORIENTED_EDGE ( 'NONE', *, *, #1184, .T. ) ;
#2529 = DIRECTION ( 'NONE',  ( 0.8660254037844380415, 0.000000000000000000, 0.5000000000000011102 ) ) ;
#2530 = CARTESIAN_POINT ( 'NONE',  ( 51.19392033916131624, -103.3012701892218672, -63.57050807568888473 ) ) ;
#2531 = ORIENTED_EDGE ( 'NONE', *, *, #2039, .F. ) ;
#2532 = CARTESIAN_POINT ( 'NONE',  ( 33.08366630131692432, -17.24936490538906142, -52.20262794416309760 ) ) ;
#2533 = ORIENTED_EDGE ( 'NONE', *, *, #1152, .T. ) ;
#2534 = DIRECTION ( 'NONE',  ( -4.814824860968089085E-32, -1.734723475976806848E-16, -1.000000000000000000 ) ) ;
#2535 = CARTESIAN_POINT ( 'NONE',  ( 100.0000000000000000, 0.000000000000000000, -75.00000000000001421 ) ) ;
#2536 = CARTESIAN_POINT ( 'NONE',  ( 66.34936490538898113, -19.99999999999996092, -29.82050807568893447 ) ) ;
#2537 = VERTEX_POINT ( 'NONE', #618 ) ;
#2538 = FACE_OUTER_BOUND ( 'NONE', #2423, .T. ) ;
#2539 = FACE_OUTER_BOUND ( 'NONE', #220, .T. ) ;
#2540 = EDGE_LOOP ( 'NONE', ( #751, #1839, #958, #1414 ) ) ;
#2541 = EDGE_CURVE ( 'NONE', #1302, #938, #1855, .T. ) ;
#2542 = CARTESIAN_POINT ( 'NONE',  ( 71.23751140917545399, -81.30127018922183879, -38.28702617508733397 ) ) ;
#2543 = LINE ( 'NONE', #2127, #1550 ) ;
#2544 = ORIENTED_EDGE ( 'NONE', *, *, #1798, .T. ) ;
#2545 = CARTESIAN_POINT ( 'NONE',  ( 130.0000000000000000, -50.00000000000000000, -50.00000000000000000 ) ) ;
#2546 = VERTEX_POINT ( 'NONE', #1071 ) ;
#2547 = CARTESIAN_POINT ( 'NONE',  ( 150.2631225541691151, -17.24936490538906142, -22.42321499192411594 ) ) ;
#2548 = CARTESIAN_POINT ( 'NONE',  ( 53.35898384862242239, -19.99999999999996092, -87.32050807568884920 ) ) ;
#2549 = PLANE ( 'NONE',  #359 ) ;
#2550 = ORIENTED_EDGE ( 'NONE', *, *, #978, .F. ) ;
#2551 = LINE ( 'NONE', #1347, #968 ) ;
#2552 = DIRECTION ( 'NONE',  ( -0.5000000000000015543, 0.000000000000000000, 0.8660254037844378194 ) ) ;
#2553 = ORIENTED_EDGE ( 'NONE', *, *, #1645, .F. ) ;
#2554 = FACE_OUTER_BOUND ( 'NONE', #553, .T. ) ;
#2555 = DIRECTION ( 'NONE',  ( 0.5000000000000007772, 0.000000000000000000, -0.8660254037844382635 ) ) ;
#2556 = ORIENTED_EDGE ( 'NONE', *, *, #333, .F. ) ;
#2557 = ADVANCED_FACE ( 'NONE', ( #42 ), #208, .T. ) ;
#2558 = DIRECTION ( 'NONE',  ( 0.8660254037844380415, 0.000000000000000000, 0.5000000000000011102 ) ) ;
#2559 = VERTEX_POINT ( 'NONE', #2030 ) ;
#2560 = AXIS2_PLACEMENT_3D ( 'NONE', #2075, #1224, #2063 ) ;
#2561 = PLANE ( 'NONE',  #528 ) ;
#2562 = EDGE_CURVE ( 'NONE', #2103, #31, #1026, .T. ) ;
#2563 = CARTESIAN_POINT ( 'NONE',  ( 75.86126451421398542, -94.62383515162210301, -21.78043363442880676 ) ) ;
#2564 = VECTOR ( 'NONE', #1865, 1000.000000000000227 ) ;
#2565 = EDGE_CURVE ( 'NONE', #1305, #878, #2462, .T. ) ;
#2566 = AXIS2_PLACEMENT_3D ( 'NONE', #2031, #644, #1644 ) ;
#2567 = VERTEX_POINT ( 'NONE', #415 ) ;
#2568 = AXIS2_PLACEMENT_3D ( 'NONE', #913, #322, #1715 ) ;
#2569 = DIRECTION ( 'NONE',  ( 0.8660254037844381525, -0.000000000000000000, 0.5000000000000012212 ) ) ;
#2570 = FACE_OUTER_BOUND ( 'NONE', #408, .T. ) ;
#2571 = ORIENTED_EDGE ( 'NONE', *, *, #2277, .T. ) ;
#2572 = CARTESIAN_POINT ( 'NONE',  ( 67.20834875401158115, 2.926374607352154036E-14, -111.3083117443841701 ) ) ;
#2573 = VECTOR ( 'NONE', #730, 1000.000000000000000 ) ;
#2574 = CARTESIAN_POINT ( 'NONE',  ( 110.0000000000000142, -85.00000000000000000, -75.00000000000001421 ) ) ;
#2575 = ORIENTED_EDGE ( 'NONE', *, *, #2007, .T. ) ;
#2576 = CARTESIAN_POINT ( 'NONE',  ( 32.78366630131693427, -71.15063509461094782, -51.68301270189237329 ) ) ;
#2577 = EDGE_LOOP ( 'NONE', ( #2141, #627, #1402, #1248 ) ) ;
#2578 = DIRECTION ( 'NONE',  ( 0.000000000000000000, -1.000000000000000000, 0.000000000000000000 ) ) ;
#2579 = CARTESIAN_POINT ( 'NONE',  ( 32.78366630131693427, -71.15063509461094782, -51.68301270189237329 ) ) ;
#2580 = EDGE_CURVE ( 'NONE', #1765, #279, #216, .T. ) ;
#2581 = CARTESIAN_POINT ( 'NONE',  ( 103.0000000000000142, -4.999999999999960032, -70.00000000000000000 ) ) ;
#2582 =( LENGTH_UNIT ( ) NAMED_UNIT ( * ) SI_UNIT ( .MILLI., .METRE. ) );
#2583 = CARTESIAN_POINT ( 'NONE',  ( 53.35898384862242239, -73.30127018922186721, -87.32050807568886341 ) ) ;
#2584 = VERTEX_POINT ( 'NONE', #2242 ) ;
#2585 = ORIENTED_EDGE ( 'NONE', *, *, #469, .T. ) ;
#2586 = CARTESIAN_POINT ( 'NONE',  ( 136.3631225541691094, -17.24936490538906142, 1.652291233283260885 ) ) ;
#2587 = EDGE_LOOP ( 'NONE', ( #112, #1818, #1807, #589 ) ) ;
#2588 = CARTESIAN_POINT ( 'NONE',  ( 103.0000000000000142, -4.999999999999957367, -60.00000000000000711 ) ) ;
#2589 = ORIENTED_EDGE ( 'NONE', *, *, #1102, .T. ) ;
#2590 = CARTESIAN_POINT ( 'NONE',  ( 69.94684425455743337, -103.3012701892218672, -28.49479109907802510 ) ) ;
#2591 = EDGE_CURVE ( 'NONE', #804, #1640, #2266, .T. ) ;
#2592 = CARTESIAN_POINT ( 'NONE',  ( 130.0000000000000000, 0.000000000000000000, -20.57084224863302779 ) ) ;
#2593 = EDGE_CURVE ( 'NONE', #1862, #551, #1037, .T. ) ;
#2594 = PRESENTATION_STYLE_ASSIGNMENT (( #1162 ) ) ;
#2595 = CARTESIAN_POINT ( 'NONE',  ( 72.62425371883283276, 0.000000000000000000, 16.30972899580406832 ) ) ;
#2596 = EDGE_LOOP ( 'NONE', ( #1532, #1603, #2172, #1503 ) ) ;
#2597 = DIRECTION ( 'NONE',  ( 0.5000000000000011102, 0.000000000000000000, -0.8660254037844379305 ) ) ;
#2598 = ORIENTED_EDGE ( 'NONE', *, *, #2467, .T. ) ;
#2599 = EDGE_CURVE ( 'NONE', #1007, #1700, #1468, .T. ) ;
#2600 = FACE_OUTER_BOUND ( 'NONE', #982, .T. ) ;
#2601 = ORIENTED_EDGE ( 'NONE', *, *, #1406, .T. ) ;
#2602 = ORIENTED_EDGE ( 'NONE', *, *, #2154, .F. ) ;
#2603 = VECTOR ( 'NONE', #1994, 1000.000000000000114 ) ;
#2604 = VECTOR ( 'NONE', #973, 1000.000000000000114 ) ;
#2605 = DIRECTION ( 'NONE',  ( 0.5000000000000008882, 0.000000000000000000, -0.8660254037844382635 ) ) ;
#2606 = AXIS2_PLACEMENT_3D ( 'NONE', #2579, #1951, #527 ) ;
#2607 = STYLED_ITEM ( 'NONE', ( #2594 ), #835 ) ;
#2608 = EDGE_CURVE ( 'NONE', #4, #1007, #1325, .T. ) ;
#2609 = DIRECTION ( 'NONE',  ( -0.5000000000000009992, 0.000000000000000000, 0.8660254037844380415 ) ) ;
#2610 = VECTOR ( 'NONE', #1451, 1000.000000000000000 ) ;
#2611 = CARTESIAN_POINT ( 'NONE',  ( 24.68612925938862190, -128.3012701892218672, 42.34233287089818276 ) ) ;
#2612 = ORIENTED_EDGE ( 'NONE', *, *, #120, .F. ) ;
#2613 = AXIS2_PLACEMENT_3D ( 'NONE', #716, #1115, #1326 ) ;
#2614 = DIRECTION ( 'NONE',  ( 0.8660254037844380415, -0.000000000000000000, 0.5000000000000014433 ) ) ;
#2615 = ORIENTED_EDGE ( 'NONE', *, *, #1513, .F. ) ;
#2616 = ORIENTED_EDGE ( 'NONE', *, *, #838, .T. ) ;
#2617 = DIRECTION ( 'NONE',  ( 1.000000000000000000, 0.000000000000000000, 0.000000000000000000 ) ) ;
#2618 = DIRECTION ( 'NONE',  ( 0.000000000000000000, -1.000000000000000000, -0.000000000000000000 ) ) ;
#2619 = FACE_OUTER_BOUND ( 'NONE', #1741, .T. ) ;
#2620 = CARTESIAN_POINT ( 'NONE',  ( 99.82028009109610878, -90.80127018922182458, -60.49606618319761964 ) ) ;
#2621 = LINE ( 'NONE', #1834, #1372 ) ;
#2622 = ORIENTED_EDGE ( 'NONE', *, *, #1216, .T. ) ;
#2623 = EDGE_CURVE ( 'NONE', #2058, #1481, #1866, .T. ) ;
#2624 = DIRECTION ( 'NONE',  ( -0.8660254037844378194, 0.000000000000000000, -0.5000000000000015543 ) ) ;
#2625 = VERTEX_POINT ( 'NONE', #1654 ) ;
#2626 = ORIENTED_EDGE ( 'NONE', *, *, #1445, .T. ) ;
#2627 = ADVANCED_FACE ( 'NONE', ( #1480 ), #428, .T. ) ;
#2628 = DIRECTION ( 'NONE',  ( 0.000000000000000000, 1.000000000000000000, 0.000000000000000000 ) ) ;
#2629 = EDGE_CURVE ( 'NONE', #2011, #1955, #241, .T. ) ;
#2630 = CARTESIAN_POINT ( 'NONE',  ( 130.0000000000000000, 35.00000000000000000, -70.00000000000000000 ) ) ;
#2631 = DIRECTION ( 'NONE',  ( 0.000000000000000000, 0.000000000000000000, -1.000000000000000000 ) ) ;
ENDSEC;
END-ISO-10303-21;
