ISO-10303-21;
HEADER;
FILE_DESCRIPTION (( 'STEP AP214' ),
    '1' );
FILE_NAME ('out.STEP',
    '2026-07-19T09:19:15',
    ( '' ),
    ( '' ),
    'SwSTEP 2.0',
    'SolidWorks 2025',
    '' );
FILE_SCHEMA (( 'AUTOMOTIVE_DESIGN' ));
ENDSEC;

DATA;
#1 = ORIENTED_EDGE ( 'NONE', *, *, #1243, .T. ) ;
#2 = FACE_OUTER_BOUND ( 'NONE', #3004, .T. ) ;
#3 = FACE_OUTER_BOUND ( 'NONE', #1288, .T. ) ;
#4 = DIRECTION ( 'NONE',  ( 0.000000000000000000, 0.000000000000000000, -1.000000000000000000 ) ) ;
#5 = VERTEX_POINT ( 'NONE', #3130 ) ;
#6 = CARTESIAN_POINT ( 'NONE',  ( 189.7535207775812012, -103.3012701892218672, -52.57050807568897710 ) ) ;
#7 = EDGE_CURVE ( 'NONE', #1630, #3141, #234, .T. ) ;
#8 = VECTOR ( 'NONE', #637, 1000.000000000000227 ) ;
#9 = DIRECTION ( 'NONE',  ( 0.5000000000000014433, 0.000000000000000000, 0.8660254037844379305 ) ) ;
#10 = ORIENTED_EDGE ( 'NONE', *, *, #442, .F. ) ;
#11 = AXIS2_PLACEMENT_3D ( 'NONE', #1664, #882, #317 ) ;
#12 = DIRECTION ( 'NONE',  ( 1.000000000000000000, 0.000000000000000000, -0.000000000000000000 ) ) ;
#13 = CARTESIAN_POINT ( 'NONE',  ( 164.7644348416720561, -5.000000000000000000, -20.57084224863301003 ) ) ;
#14 = EDGE_LOOP ( 'NONE', ( #1197, #2141, #665, #2827, #1506, #288, #2440, #1911, #2193, #911, #1189 ) ) ;
#15 = CARTESIAN_POINT ( 'NONE',  ( 178.2055042747029745, -153.3012701892218956, -74.77077109862727866 ) ) ;
#16 = EDGE_CURVE ( 'NONE', #2323, #2808, #2643, .T. ) ;
#17 = FACE_OUTER_BOUND ( 'NONE', #857, .T. ) ;
#18 = VECTOR ( 'NONE', #1910, 1000.000000000000227 ) ;
#19 = ORIENTED_EDGE ( 'NONE', *, *, #1610, .T. ) ;
#20 = CARTESIAN_POINT ( 'NONE',  ( -20.00000000000000000, -5.782411586589358033E-15, -55.61880215351694545 ) ) ;
#21 = CARTESIAN_POINT ( 'NONE',  ( 134.7885593426597950, -90.50453814755928761, -1.609975487135843375 ) ) ;
#22 = EDGE_CURVE ( 'NONE', #3364, #1143, #1297, .T. ) ;
#23 = DIRECTION ( 'NONE',  ( -0.5773502691896363892, 0.5773502691896202910, 0.5773502691896206240 ) ) ;
#24 = ORIENTED_EDGE ( 'NONE', *, *, #2491, .T. ) ;
#25 = ADVANCED_FACE ( 'NONE', ( #1092, #2887 ), #267, .F. ) ;
#26 = DIRECTION ( 'NONE',  ( 0.000000000000000000, -1.000000000000000000, 0.000000000000000000 ) ) ;
#27 = DIRECTION ( 'NONE',  ( -1.000000000000000000, -0.000000000000000000, -0.000000000000000000 ) ) ;
#28 = ORIENTED_EDGE ( 'NONE', *, *, #1828, .T. ) ;
#29 = CARTESIAN_POINT ( 'NONE',  ( 35.50000000000022737, -134.8518645242728269, 61.48780366869527825 ) ) ;
#30 = DIRECTION ( 'NONE',  ( 1.000000000000000000, 2.891205793294678819E-16, -0.000000000000000000 ) ) ;
#31 = ORIENTED_EDGE ( 'NONE', *, *, #1069, .T. ) ;
#32 = CARTESIAN_POINT ( 'NONE',  ( 227.2163336986830871, -71.15063509461094782, -51.68301270189237329 ) ) ;
#33 = EDGE_CURVE ( 'NONE', #1903, #956, #1575, .T. ) ;
#34 = EDGE_CURVE ( 'NONE', #64, #3019, #2627, .T. ) ;
#35 = CARTESIAN_POINT ( 'NONE',  ( -19.99999999999998579, -50.99999999999995737, 0.000000000000000000 ) ) ;
#36 = ORIENTED_EDGE ( 'NONE', *, *, #3210, .F. ) ;
#37 = DIRECTION ( 'NONE',  ( 1.000000000000000000, 0.000000000000000000, 0.000000000000000000 ) ) ;
#38 = CARTESIAN_POINT ( 'NONE',  ( 1.387778780781445676E-14, -50.00000000000000000, -15.57084224863302246 ) ) ;
#39 = ORIENTED_EDGE ( 'NONE', *, *, #2548, .T. ) ;
#40 = LINE ( 'NONE', #1933, #484 ) ;
#41 = FACE_BOUND ( 'NONE', #1986, .T. ) ;
#42 = VERTEX_POINT ( 'NONE', #2371 ) ;
#43 = VECTOR ( 'NONE', #929, 1000.000000000000000 ) ;
#44 = LINE ( 'NONE', #3219, #952 ) ;
#45 = CARTESIAN_POINT ( 'NONE',  ( 185.3012701892218104, 6.869593345583482406E-14, -75.00000000000001421 ) ) ;
#46 = ORIENTED_EDGE ( 'NONE', *, *, #1756, .F. ) ;
#47 = CARTESIAN_POINT ( 'NONE',  ( -19.00000000000000711, -75.00000000000001421, -54.61880215351699519 ) ) ;
#48 = EDGE_CURVE ( 'NONE', #1658, #844, #1062, .T. ) ;
#49 = DIRECTION ( 'NONE',  ( 0.000000000000000000, 1.000000000000000000, 0.000000000000000000 ) ) ;
#50 = ORIENTED_EDGE ( 'NONE', *, *, #2564, .T. ) ;
#51 = DIRECTION ( 'NONE',  ( -0.7071067811865379138, -2.044391222244471487E-16, 0.7071067811865571207 ) ) ;
#52 = ORIENTED_EDGE ( 'NONE', *, *, #3002, .T. ) ;
#53 = PLANE ( 'NONE',  #3289 ) ;
#54 = EDGE_LOOP ( 'NONE', ( #480, #3127, #1670, #247 ) ) ;
#55 = DIRECTION ( 'NONE',  ( 0.8660254037844380415, -4.842171946378971851E-16, -0.5000000000000012212 ) ) ;
#56 = EDGE_CURVE ( 'NONE', #927, #1476, #2936, .T. ) ;
#57 = CARTESIAN_POINT ( 'NONE',  ( 212.0568914845059396, 19.42617797022817427, 2.060063168748155427 ) ) ;
#58 = ORIENTED_EDGE ( 'NONE', *, *, #542, .T. ) ;
#59 = DIRECTION ( 'NONE',  ( 0.8161262409927313444, 0.5778736529407394462, 0.000000000000000000 ) ) ;
#60 = VECTOR ( 'NONE', #849, 1000.000000000000000 ) ;
#61 = ORIENTED_EDGE ( 'NONE', *, *, #1620, .T. ) ;
#62 = LINE ( 'NONE', #321, #1471 ) ;
#63 = CARTESIAN_POINT ( 'NONE',  ( 170.1698729810778445, -5.000000000000000000, -60.49038105676662269 ) ) ;
#64 = VERTEX_POINT ( 'NONE', #1913 ) ;
#65 = AXIS2_PLACEMENT_3D ( 'NONE', #1861, #2655, #1641 ) ;
#66 = LINE ( 'NONE', #823, #601 ) ;
#67 = ORIENTED_EDGE ( 'NONE', *, *, #193, .F. ) ;
#68 = VECTOR ( 'NONE', #1875, 1000.000000000000000 ) ;
#69 = LINE ( 'NONE', #1931, #2183 ) ;
#70 = ORIENTED_EDGE ( 'NONE', *, *, #1323, .F. ) ;
#71 = FACE_OUTER_BOUND ( 'NONE', #1747, .T. ) ;
#72 = VECTOR ( 'NONE', #2922, 1000.000000000000000 ) ;
#73 = ADVANCED_FACE ( 'NONE', ( #2917 ), #1327, .T. ) ;
#74 = PLANE ( 'NONE',  #1231 ) ;
#75 = ORIENTED_EDGE ( 'NONE', *, *, #2838, .T. ) ;
#76 = AXIS2_PLACEMENT_3D ( 'NONE', #214, #2068, #2863 ) ;
#77 = LINE ( 'NONE', #2804, #2830 ) ;
#78 = DIRECTION ( 'NONE',  ( -0.5000000000000011102, 0.000000000000000000, -0.8660254037844379305 ) ) ;
#79 = DIRECTION ( 'NONE',  ( 0.5000000000000016653, 0.000000000000000000, 0.8660254037844375974 ) ) ;
#80 = CARTESIAN_POINT ( 'NONE',  ( -7.228014483236696753E-15, 25.00000000000000000, -70.00000000000000000 ) ) ;
#81 = EDGE_LOOP ( 'NONE', ( #2783, #400, #2788, #3274 ) ) ;
#82 = EDGE_CURVE ( 'NONE', #887, #159, #66, .T. ) ;
#83 = PLANE ( 'NONE',  #2222 ) ;
#84 = EDGE_LOOP ( 'NONE', ( #1382, #3036, #1733, #157 ) ) ;
#85 = EDGE_CURVE ( 'NONE', #3259, #683, #556, .T. ) ;
#86 = EDGE_CURVE ( 'NONE', #1993, #2079, #788, .T. ) ;
#87 = EDGE_CURVE ( 'NONE', #2589, #2515, #2184, .T. ) ;
#88 = LINE ( 'NONE', #2153, #2964 ) ;
#89 = ORIENTED_EDGE ( 'NONE', *, *, #634, .F. ) ;
#90 = ADVANCED_FACE ( 'NONE', ( #2971 ), #3209, .F. ) ;
#91 = DIRECTION ( 'NONE',  ( 0.8660254037844380415, 0.000000000000000000, -0.5000000000000014433 ) ) ;
#92 = DIRECTION ( 'NONE',  ( -0.5000000000000008882, 0.000000000000000000, -0.8660254037844382635 ) ) ;
#93 = UNCERTAINTY_MEASURE_WITH_UNIT (LENGTH_MEASURE( 1.000000000000000082E-05 ), #1719, 'distance_accuracy_value', 'NONE');
#94 = FACE_OUTER_BOUND ( 'NONE', #2816, .T. ) ;
#95 = AXIS2_PLACEMENT_3D ( 'NONE', #1530, #172, #3392 ) ;
#96 = VERTEX_POINT ( 'NONE', #2428 ) ;
#97 = CARTESIAN_POINT ( 'NONE',  ( -7.228014483236696753E-15, 25.00000000000000000, -70.00000000000000000 ) ) ;
#98 = CARTESIAN_POINT ( 'NONE',  ( -20.00000000000000000, 0.9999999999999731326, -54.61880215351699519 ) ) ;
#99 = CARTESIAN_POINT ( 'NONE',  ( 192.5035207775812012, -103.3012701892218672, -47.80736835487456915 ) ) ;
#100 = VECTOR ( 'NONE', #1535, 1000.000000000000227 ) ;
#101 = LINE ( 'NONE', #1963, #2289 ) ;
#102 = ADVANCED_FACE ( 'NONE', ( #2 ), #308, .F. ) ;
#103 = EDGE_LOOP ( 'NONE', ( #1186, #3134 ) ) ;
#104 = DIRECTION ( 'NONE',  ( 0.000000000000000000, -1.000000000000000000, 0.000000000000000000 ) ) ;
#105 = VERTEX_POINT ( 'NONE', #1655 ) ;
#106 = ADVANCED_FACE ( 'NONE', ( #1843 ), #806, .T. ) ;
#107 = AXIS2_PLACEMENT_3D ( 'NONE', #481, #1534, #1759 ) ;
#108 = ORIENTED_EDGE ( 'NONE', *, *, #816, .T. ) ;
#109 =( NAMED_UNIT ( * ) PLANE_ANGLE_UNIT ( ) SI_UNIT ( $, .RADIAN. ) );
#110 = ORIENTED_EDGE ( 'NONE', *, *, #1366, .T. ) ;
#111 = FACE_OUTER_BOUND ( 'NONE', #2395, .T. ) ;
#112 = DIRECTION ( 'NONE',  ( -0.5000000000000011102, 0.000000000000000000, -0.8660254037844379305 ) ) ;
#113 = VECTOR ( 'NONE', #2196, 999.9999999999998863 ) ;
#114 = PLANE ( 'NONE',  #1623 ) ;
#115 = ORIENTED_EDGE ( 'NONE', *, *, #896, .F. ) ;
#116 = ORIENTED_EDGE ( 'NONE', *, *, #975, .T. ) ;
#117 = EDGE_CURVE ( 'NONE', #2508, #2539, #2704, .T. ) ;
#118 = LINE ( 'NONE', #302, #900 ) ;
#119 = VECTOR ( 'NONE', #399, 1000.000000000000114 ) ;
#120 = DIRECTION ( 'NONE',  ( -0.000000000000000000, -0.000000000000000000, 1.000000000000000000 ) ) ;
#121 = CARTESIAN_POINT ( 'NONE',  ( 195.6637748154255689, -103.3012701892218672, -62.33364779650339926 ) ) ;
#122 = VECTOR ( 'NONE', #2814, 1000.000000000000114 ) ;
#123 = PLANE ( 'NONE',  #3339 ) ;
#124 = ORIENTED_EDGE ( 'NONE', *, *, #1323, .T. ) ;
#125 = CARTESIAN_POINT ( 'NONE',  ( 228.2916512459885610, -30.00000000000002842, -49.82050807568897710 ) ) ;
#126 = VERTEX_POINT ( 'NONE', #2151 ) ;
#127 = VECTOR ( 'NONE', #3149, 1000.000000000000114 ) ;
#128 = ORIENTED_EDGE ( 'NONE', *, *, #1736, .T. ) ;
#129 = CARTESIAN_POINT ( 'NONE',  ( 160.1797199089039054, -90.80127018922182458, -60.49606618319761964 ) ) ;
#130 = ORIENTED_EDGE ( 'NONE', *, *, #754, .F. ) ;
#131 = LINE ( 'NONE', #386, #938 ) ;
#132 = DIRECTION ( 'NONE',  ( 0.6704553245517352877, 0.6329714662133689718, -0.3870875621095634100 ) ) ;
#133 = PLANE ( 'NONE',  #2502 ) ;
#134 = EDGE_CURVE ( 'NONE', #3243, #1439, #2897, .T. ) ;
#135 = EDGE_LOOP ( 'NONE', ( #1378, #229, #3355, #2559 ) ) ;
#136 = STYLED_ITEM ( 'NONE', ( #3430 ), #1796 ) ;
#137 = ORIENTED_EDGE ( 'NONE', *, *, #1109, .T. ) ;
#138 = ADVANCED_FACE ( 'NONE', ( #324 ), #1895, .T. ) ;
#139 = VECTOR ( 'NONE', #3128, 1000.000000000000000 ) ;
#140 = CARTESIAN_POINT ( 'NONE',  ( 39.37531754730564870, 0.000000000000000000, 18.20005055609152933 ) ) ;
#141 = CARTESIAN_POINT ( 'NONE',  ( 191.9526843058573036, -113.6822481884063620, -32.76144511056234165 ) ) ;
#142 = PLANE ( 'NONE',  #2228 ) ;
#143 = VERTEX_POINT ( 'NONE', #2166 ) ;
#144 = DIRECTION ( 'NONE',  ( 1.000000000000000000, 2.891205793294678819E-16, -0.000000000000000000 ) ) ;
#145 = EDGE_CURVE ( 'NONE', #969, #1343, #1396, .T. ) ;
#146 = ORIENTED_EDGE ( 'NONE', *, *, #1431, .T. ) ;
#147 = DIRECTION ( 'NONE',  ( 0.000000000000000000, 0.000000000000000000, 1.000000000000000000 ) ) ;
#148 = ORIENTED_EDGE ( 'NONE', *, *, #1572, .F. ) ;
#149 = DIRECTION ( 'NONE',  ( -0.8660254037844377084, 0.000000000000000000, 0.5000000000000015543 ) ) ;
#150 = CARTESIAN_POINT ( 'NONE',  ( 192.2753175473055762, -17.24936490538906142, -32.20262794416299812 ) ) ;
#151 = FACE_BOUND ( 'NONE', #742, .T. ) ;
#152 = VERTEX_POINT ( 'NONE', #1622 ) ;
#153 = ORIENTED_EDGE ( 'NONE', *, *, #1938, .T. ) ;
#154 = DIRECTION ( 'NONE',  ( 0.000000000000000000, -1.000000000000000000, 0.000000000000000000 ) ) ;
#155 = CARTESIAN_POINT ( 'NONE',  ( 210.9711431702998254, -81.30127018922186721, -39.82050807568896289 ) ) ;
#156 = DIRECTION ( 'NONE',  ( 0.6704553245517361759, 0.6329714662133676395, -0.3870875621095639096 ) ) ;
#157 = ORIENTED_EDGE ( 'NONE', *, *, #3412, .F. ) ;
#158 = LINE ( 'NONE', #3017, #119 ) ;
#159 = VERTEX_POINT ( 'NONE', #2138 ) ;
#160 = ADVANCED_FACE ( 'NONE', ( #2673 ), #293, .F. ) ;
#161 = DIRECTION ( 'NONE',  ( 0.6704553245517349547, 0.6329714662133694159, -0.3870875621095632435 ) ) ;
#162 = VECTOR ( 'NONE', #1384, 1000.000000000000114 ) ;
#163 = ORIENTED_EDGE ( 'NONE', *, *, #2545, .T. ) ;
#164 = DIRECTION ( 'NONE',  ( 0.7071067811865378028, 2.044391222244470994E-16, 0.7071067811865573427 ) ) ;
#165 = CARTESIAN_POINT ( 'NONE',  ( 137.3119470995836764, -36.56255410347060320, -6.243013912497801243 ) ) ;
#166 = DIRECTION ( 'NONE',  ( 0.000000000000000000, 0.000000000000000000, 1.000000000000000000 ) ) ;
#167 = EDGE_LOOP ( 'NONE', ( #3024, #2687, #2790, #2109 ) ) ;
#168 = VERTEX_POINT ( 'NONE', #1411 ) ;
#169 = DIRECTION ( 'NONE',  ( 0.000000000000000000, 0.000000000000000000, 1.000000000000000000 ) ) ;
#170 = CARTESIAN_POINT ( 'NONE',  ( 157.7688416408045100, -17.24936490538906142, -18.05380748265548263 ) ) ;
#171 = ORIENTED_EDGE ( 'NONE', *, *, #1527, .T. ) ;
#172 = DIRECTION ( 'NONE',  ( -0.8660254037844379305, -0.000000000000000000, 0.5000000000000011102 ) ) ;
#173 = ORIENTED_EDGE ( 'NONE', *, *, #2115, .F. ) ;
#174 = AXIS2_PLACEMENT_3D ( 'NONE', #409, #154, #1214 ) ;
#175 = VERTEX_POINT ( 'NONE', #2773 ) ;
#176 = VECTOR ( 'NONE', #1514, 1000.000000000000114 ) ;
#177 = PLANE ( 'NONE',  #1495 ) ;
#178 = LINE ( 'NONE', #150, #2205 ) ;
#179 = LINE ( 'NONE', #1732, #736 ) ;
#180 = ORIENTED_EDGE ( 'NONE', *, *, #1087, .T. ) ;
#181 = ORIENTED_EDGE ( 'NONE', *, *, #1065, .T. ) ;
#182 = CARTESIAN_POINT ( 'NONE',  ( 210.9711431702998254, -73.30127018922186721, -39.82050807568896289 ) ) ;
#183 = EDGE_CURVE ( 'NONE', #2475, #2550, #2497, .T. ) ;
#184 = MECHANICAL_DESIGN_GEOMETRIC_PRESENTATION_REPRESENTATION (  '', ( #136 ), #1848 ) ;
#185 = CARTESIAN_POINT ( 'NONE',  ( 130.0000000000000000, 0.000000000000000000, -20.57084224863302779 ) ) ;
#186 = VECTOR ( 'NONE', #26, 1000.000000000000000 ) ;
#187 = CARTESIAN_POINT ( 'NONE',  ( 238.3656564712920556, -17.24936490538906142, 57.62818081025078953 ) ) ;
#188 = LINE ( 'NONE', #3100, #983 ) ;
#189 = EDGE_LOOP ( 'NONE', ( #628, #1838, #416, #1551 ) ) ;
#190 = LINE ( 'NONE', #2875, #2125 ) ;
#191 = AXIS2_PLACEMENT_3D ( 'NONE', #3084, #1557, #1300 ) ;
#192 = ADVANCED_FACE ( 'NONE', ( #1690 ), #360, .F. ) ;
#193 = EDGE_CURVE ( 'NONE', #3386, #2224, #2256, .T. ) ;
#194 = ORIENTED_EDGE ( 'NONE', *, *, #2548, .F. ) ;
#195 = EDGE_CURVE ( 'NONE', #1175, #2165, #1464, .T. ) ;
#196 = CARTESIAN_POINT ( 'NONE',  ( 123.6368774458309048, -17.24936490538906142, 1.652291233283260885 ) ) ;
#197 = DIRECTION ( 'NONE',  ( 2.775557561562891351E-16, -1.000000000000000000, 0.000000000000000000 ) ) ;
#198 = EDGE_CURVE ( 'NONE', #3009, #3364, #2219, .T. ) ;
#199 = DIRECTION ( 'NONE',  ( 0.5000000000000006661, 0.000000000000000000, 0.8660254037844382635 ) ) ;
#200 = ORIENTED_EDGE ( 'NONE', *, *, #522, .T. ) ;
#201 = ORIENTED_EDGE ( 'NONE', *, *, #1430, .T. ) ;
#202 = DIRECTION ( 'NONE',  ( 0.8660254037844378194, 0.000000000000000000, -0.5000000000000014433 ) ) ;
#203 = LINE ( 'NONE', #2317, #1007 ) ;
#204 = FACE_OUTER_BOUND ( 'NONE', #861, .T. ) ;
#205 = FACE_OUTER_BOUND ( 'NONE', #2534, .T. ) ;
#206 = ORIENTED_EDGE ( 'NONE', *, *, #1631, .T. ) ;
#207 = LINE ( 'NONE', #1787, #629 ) ;
#208 = EDGE_CURVE ( 'NONE', #175, #1517, #2202, .T. ) ;
#209 = ORIENTED_EDGE ( 'NONE', *, *, #3229, .T. ) ;
#210 = ADVANCED_FACE ( 'NONE', ( #2720 ), #83, .T. ) ;
#211 = DIRECTION ( 'NONE',  ( 0.5000000000000015543, -0.000000000000000000, 0.8660254037844378194 ) ) ;
#212 = DIRECTION ( 'NONE',  ( -0.8660254037844379305, 0.000000000000000000, 0.5000000000000011102 ) ) ;
#213 = VECTOR ( 'NONE', #1417, 1000.000000000000000 ) ;
#214 = CARTESIAN_POINT ( 'NONE',  ( 198.4137748154255974, -103.3012701892218672, -57.57050807568896289 ) ) ;
#215 = EDGE_LOOP ( 'NONE', ( #3276, #89, #1519, #428 ) ) ;
#216 = ORIENTED_EDGE ( 'NONE', *, *, #1257, .T. ) ;
#217 = CARTESIAN_POINT ( 'NONE',  ( 158.1506350946108910, 0.000000000000000000, -91.30831174438417008 ) ) ;
#218 = CARTESIAN_POINT ( 'NONE',  ( 191.9526843058573036, -113.6822481884063620, -32.76144511056234165 ) ) ;
#219 = PLANE ( 'NONE',  #2506 ) ;
#220 = VECTOR ( 'NONE', #2947, 1000.000000000000000 ) ;
#221 = DIRECTION ( 'NONE',  ( 0.000000000000000000, 0.000000000000000000, -1.000000000000000000 ) ) ;
#222 = ORIENTED_EDGE ( 'NONE', *, *, #2536, .T. ) ;
#223 = LINE ( 'NONE', #2569, #460 ) ;
#224 = ORIENTED_EDGE ( 'NONE', *, *, #1144, .T. ) ;
#225 = FACE_OUTER_BOUND ( 'NONE', #1360, .T. ) ;
#226 = LINE ( 'NONE', #1290, #937 ) ;
#227 = VECTOR ( 'NONE', #1649, 1000.000000000000000 ) ;
#228 = CARTESIAN_POINT ( 'NONE',  ( 208.8060796608386909, -103.3012701892218672, -63.57050807568888473 ) ) ;
#229 = ORIENTED_EDGE ( 'NONE', *, *, #832, .F. ) ;
#230 = ORIENTED_EDGE ( 'NONE', *, *, #2036, .T. ) ;
#231 = CARTESIAN_POINT ( 'NONE',  ( 182.8253175473055592, -103.3012701892218672, -48.57050807568885631 ) ) ;
#232 = EDGE_CURVE ( 'NONE', #2515, #2967, #158, .T. ) ;
#233 = LINE ( 'NONE', #2091, #502 ) ;
#234 = LINE ( 'NONE', #2680, #986 ) ;
#235 = EDGE_CURVE ( 'NONE', #3171, #1139, #646, .T. ) ;
#236 = FACE_BOUND ( 'NONE', #238, .T. ) ;
#237 = FACE_OUTER_BOUND ( 'NONE', #2128, .T. ) ;
#238 = EDGE_LOOP ( 'NONE', ( #2309, #3222, #1984 ) ) ;
#239 = DIRECTION ( 'NONE',  ( 0.8660254037844379305, -0.000000000000000000, -0.5000000000000012212 ) ) ;
#240 = VECTOR ( 'NONE', #1526, 1000.000000000000114 ) ;
#241 = DIRECTION ( 'NONE',  ( 2.891205793294678819E-16, -1.000000000000000000, 0.000000000000000000 ) ) ;
#242 = ORIENTED_EDGE ( 'NONE', *, *, #336, .T. ) ;
#243 = DIRECTION ( 'NONE',  ( 0.8660254037844380415, -0.000000000000000000, -0.5000000000000011102 ) ) ;
#244 = DIRECTION ( 'NONE',  ( -0.2961981327260186370, 0.9396926207859103153, 0.1710100716628320805 ) ) ;
#245 = AXIS2_PLACEMENT_3D ( 'NONE', #2169, #347, #2989 ) ;
#246 = LINE ( 'NONE', #2620, #2518 ) ;
#247 = ORIENTED_EDGE ( 'NONE', *, *, #2156, .T. ) ;
#248 = EDGE_LOOP ( 'NONE', ( #1615, #1096, #1636, #2427 ) ) ;
#249 = DIRECTION ( 'NONE',  ( 0.000000000000000000, 0.000000000000000000, -1.000000000000000000 ) ) ;
#250 = LINE ( 'NONE', #1352, #1402 ) ;
#251 = CARTESIAN_POINT ( 'NONE',  ( 226.9163336986830757, -17.24936490538906142, -52.20262794416304075 ) ) ;
#252 = FACE_OUTER_BOUND ( 'NONE', #3230, .T. ) ;
#253 = LINE ( 'NONE', #835, #1001 ) ;
#254 = EDGE_LOOP ( 'NONE', ( #3429, #2417, #242, #3305, #323, #2070, #1458, #1397, #3249, #631, #2721, #1698 ) ) ;
#255 =( NAMED_UNIT ( * ) SI_UNIT ( $, .STERADIAN. ) SOLID_ANGLE_UNIT ( ) );
#256 = CARTESIAN_POINT ( 'NONE',  ( 40.00000000000000000, 0.000000000000000000, -75.00000000000001421 ) ) ;
#257 = VECTOR ( 'NONE', #1498, 999.9999999999997726 ) ;
#258 = ORIENTED_EDGE ( 'NONE', *, *, #3341, .T. ) ;
#259 = DIRECTION ( 'NONE',  ( -1.000000000000000000, 0.000000000000000000, -0.000000000000000000 ) ) ;
#260 = ADVANCED_FACE ( 'NONE', ( #1998 ), #872, .F. ) ;
#261 = DIRECTION ( 'NONE',  ( 0.6704553245517352877, 0.6329714662133689718, -0.3870875621095634100 ) ) ;
#262 = CYLINDRICAL_SURFACE ( 'NONE', #3292, 20.99999999999998934 ) ;
#263 = EDGE_LOOP ( 'NONE', ( #1428, #650, #1992, #968 ) ) ;
#264 = CARTESIAN_POINT ( 'NONE',  ( 162.1284737398948437, -17.24936490538906497, -20.57084224863302069 ) ) ;
#265 = CARTESIAN_POINT ( 'NONE',  ( 191.4803171031282147, 0.000000000000000000, 13.93995392683697965 ) ) ;
#266 = EDGE_CURVE ( 'NONE', #1343, #1099, #1483, .T. ) ;
#267 = PLANE ( 'NONE',  #2540 ) ;
#268 = DIRECTION ( 'NONE',  ( -0.8660254037844379305, -0.000000000000000000, 0.5000000000000011102 ) ) ;
#269 = CARTESIAN_POINT ( 'NONE',  ( 206.6410161513775847, -19.99999999999996092, -87.32050807568884920 ) ) ;
#270 = VERTEX_POINT ( 'NONE', #2516 ) ;
#271 = CARTESIAN_POINT ( 'NONE',  ( 212.0568914845059396, 19.42617797022817427, 2.060063168748155427 ) ) ;
#272 = EDGE_CURVE ( 'NONE', #407, #727, #1946, .T. ) ;
#273 = CARTESIAN_POINT ( 'NONE',  ( 173.3753175473055421, 20.55063509461093929, -64.93838820721474292 ) ) ;
#274 = ADVANCED_FACE ( 'NONE', ( #1204 ), #1185, .F. ) ;
#275 = ORIENTED_EDGE ( 'NONE', *, *, #1375, .T. ) ;
#276 = DIRECTION ( 'NONE',  ( -0.8660254037844380415, -0.000000000000000000, 0.5000000000000011102 ) ) ;
#277 = CARTESIAN_POINT ( 'NONE',  ( 172.0000000000000568, -128.3012701892218672, -67.32050807568882078 ) ) ;
#278 = CARTESIAN_POINT ( 'NONE',  ( 168.9694898912723033, 1.405366099591444311E-21, -15.57084224863302424 ) ) ;
#279 = VERTEX_POINT ( 'NONE', #924 ) ;
#280 = CARTESIAN_POINT ( 'NONE',  ( 169.0531557454425240, -103.3012701892218672, -64.86785805802442439 ) ) ;
#281 = VECTOR ( 'NONE', #169, 1000.000000000000000 ) ;
#282 = DIRECTION ( 'NONE',  ( -1.000000000000000000, 0.000000000000000000, -0.000000000000000000 ) ) ;
#283 = DIRECTION ( 'NONE',  ( 0.000000000000000000, 0.000000000000000000, 1.000000000000000000 ) ) ;
#284 = AXIS2_PLACEMENT_3D ( 'NONE', #2061, #3115, #972 ) ;
#285 = EDGE_CURVE ( 'NONE', #2913, #2882, #1449, .T. ) ;
#286 = DIRECTION ( 'NONE',  ( 0.000000000000000000, 0.000000000000000000, -1.000000000000000000 ) ) ;
#287 = LINE ( 'NONE', #1890, #553 ) ;
#288 = ORIENTED_EDGE ( 'NONE', *, *, #3066, .F. ) ;
#289 = CARTESIAN_POINT ( 'NONE',  ( 214.7977383325632559, 15.55530234913254972, 0.4776345032147292224 ) ) ;
#290 = CARTESIAN_POINT ( 'NONE',  ( 179.2535207775812012, -103.3012701892218672, -70.75704155516214655 ) ) ;
#291 = VECTOR ( 'NONE', #2739, 1000.000000000000227 ) ;
#292 = ORIENTED_EDGE ( 'NONE', *, *, #3374, .F. ) ;
#293 = PLANE ( 'NONE',  #626 ) ;
#294 = VECTOR ( 'NONE', #1333, 1000.000000000000000 ) ;
#295 = VECTOR ( 'NONE', #2553, 1000.000000000000114 ) ;
#296 = DIRECTION ( 'NONE',  ( -0.8660254037844380415, -0.000000000000000000, 0.5000000000000011102 ) ) ;
#297 = ORIENTED_EDGE ( 'NONE', *, *, #1574, .F. ) ;
#298 = CARTESIAN_POINT ( 'NONE',  ( 227.2163336986830871, -71.15063509461094782, -51.68301270189237329 ) ) ;
#299 = VECTOR ( 'NONE', #930, 1000.000000000000000 ) ;
#300 = CARTESIAN_POINT ( 'NONE',  ( 185.4451905283833355, -17.24936490538906142, -34.03275496308518200 ) ) ;
#301 = ORIENTED_EDGE ( 'NONE', *, *, #2801, .T. ) ;
#302 = CARTESIAN_POINT ( 'NONE',  ( 168.9694898912723602, -134.8518645242728269, -15.57084224863302602 ) ) ;
#303 = LINE ( 'NONE', #1372, #2601 ) ;
#304 = VERTEX_POINT ( 'NONE', #1669 ) ;
#305 = DIRECTION ( 'NONE',  ( 2.775557561562891351E-16, -1.000000000000000000, 3.469446951953617270E-17 ) ) ;
#306 = FACE_OUTER_BOUND ( 'NONE', #3214, .T. ) ;
#307 = ORIENTED_EDGE ( 'NONE', *, *, #1192, .F. ) ;
#308 = PLANE ( 'NONE',  #3143 ) ;
#309 = VERTEX_POINT ( 'NONE', #664 ) ;
#310 = ADVANCED_FACE ( 'NONE', ( #1740 ), #2789, .F. ) ;
#311 = CARTESIAN_POINT ( 'NONE',  ( -20.00000000000000711, 24.00000000000002132, -55.61880215351697387 ) ) ;
#312 = ORIENTED_EDGE ( 'NONE', *, *, #1368, .F. ) ;
#313 = CARTESIAN_POINT ( 'NONE',  ( 185.3012701892219241, -19.99999999999996092, -75.00000000000001421 ) ) ;
#314 = CARTESIAN_POINT ( 'NONE',  ( 193.6506350946110331, 23.30127018922184590, -29.82050807568893802 ) ) ;
#315 = EDGE_LOOP ( 'NONE', ( #1860, #3140, #1016, #1842 ) ) ;
#316 = AXIS2_PLACEMENT_3D ( 'NONE', #2763, #2829, #1521 ) ;
#317 = DIRECTION ( 'NONE',  ( 0.8660254037844380415, 0.000000000000000000, -0.5000000000000011102 ) ) ;
#318 = VECTOR ( 'NONE', #3122, 1000.000000000000000 ) ;
#319 = DIRECTION ( 'NONE',  ( 1.000000000000000000, 0.000000000000000000, 0.000000000000000000 ) ) ;
#320 = VERTEX_POINT ( 'NONE', #2460 ) ;
#321 = CARTESIAN_POINT ( 'NONE',  ( 40.00000000000000000, -10.00000000000000000, -87.32150807568886819 ) ) ;
#322 = FACE_OUTER_BOUND ( 'NONE', #248, .T. ) ;
#323 = ORIENTED_EDGE ( 'NONE', *, *, #963, .F. ) ;
#324 = FACE_OUTER_BOUND ( 'NONE', #751, .T. ) ;
#325 = ORIENTED_EDGE ( 'NONE', *, *, #2908, .F. ) ;
#326 = ADVANCED_FACE ( 'NONE', ( #889 ), #2741, .F. ) ;
#327 = CARTESIAN_POINT ( 'NONE',  ( -19.00000000000000000, -5.493291007259889658E-15, -54.61880215351699519 ) ) ;
#328 = ORIENTED_EDGE ( 'NONE', *, *, #2283, .F. ) ;
#329 = LINE ( 'NONE', #3246, #1271 ) ;
#330 = CARTESIAN_POINT ( 'NONE',  ( 192.6506350946110615, 0.000000000000000000, -31.55255888325783786 ) ) ;
#331 = ORIENTED_EDGE ( 'NONE', *, *, #2536, .F. ) ;
#332 = APPLICATION_CONTEXT ( 'automotive_design' ) ;
#333 = VECTOR ( 'NONE', #2127, 1000.000000000000114 ) ;
#334 = EDGE_CURVE ( 'NONE', #887, #585, #2841, .T. ) ;
#335 = DIRECTION ( 'NONE',  ( 0.5481693696114606773, -0.7741751242191251547, -0.3164857331066852075 ) ) ;
#336 = EDGE_CURVE ( 'NONE', #1891, #1742, #1268, .T. ) ;
#337 = ADVANCED_FACE ( 'NONE', ( #237 ), #2078, .T. ) ;
#338 = VECTOR ( 'NONE', #446, 1000.000000000000000 ) ;
#339 = EDGE_CURVE ( 'NONE', #1722, #2799, #2272, .T. ) ;
#340 = DIRECTION ( 'NONE',  ( -0.5000000000000012212, 7.211110073938385635E-16, -0.8660254037844380415 ) ) ;
#341 = CARTESIAN_POINT ( 'NONE',  ( 40.00000000000000000, -50.00000000000000000, -75.00000000000001421 ) ) ;
#342 = DIRECTION ( 'NONE',  ( 2.891205793294679312E-16, -1.000000000000000000, -0.000000000000000000 ) ) ;
#343 = VERTEX_POINT ( 'NONE', #1236 ) ;
#344 = DIRECTION ( 'NONE',  ( -0.5000000000000007772, 0.000000000000000000, -0.8660254037844382635 ) ) ;
#345 = ORIENTED_EDGE ( 'NONE', *, *, #1577, .F. ) ;
#346 = AXIS2_PLACEMENT_3D ( 'NONE', #256, #1859, #2083 ) ;
#347 = DIRECTION ( 'NONE',  ( 4.814824860968089085E-32, -1.734723475976806848E-16, -1.000000000000000000 ) ) ;
#348 = EDGE_LOOP ( 'NONE', ( #1044, #1908, #2464, #3090, #1644, #2251, #361, #3349 ) ) ;
#349 = LINE ( 'NONE', #2503, #1330 ) ;
#350 = CARTESIAN_POINT ( 'NONE',  ( 193.6506350946110615, 19.42617797022816006, -29.82050807568895934 ) ) ;
#351 = VECTOR ( 'NONE', #2163, 1000.000000000000000 ) ;
#352 = LINE ( 'NONE', #1677, #2557 ) ;
#353 = ORIENTED_EDGE ( 'NONE', *, *, #761, .T. ) ;
#354 = ADVANCED_FACE ( 'NONE', ( #3377 ), #3327, .F. ) ;
#355 = LINE ( 'NONE', #1145, #1561 ) ;
#356 = DIRECTION ( 'NONE',  ( 0.5000000000000011102, -0.000000000000000000, 0.8660254037844380415 ) ) ;
#357 = LINE ( 'NONE', #1423, #2786 ) ;
#358 = CARTESIAN_POINT ( 'NONE',  ( 163.2254196440762257, -90.80127018922175353, -12.25450174517022184 ) ) ;
#359 = ORIENTED_EDGE ( 'NONE', *, *, #832, .T. ) ;
#360 = PLANE ( 'NONE',  #1075 ) ;
#361 = ORIENTED_EDGE ( 'NONE', *, *, #957, .T. ) ;
#362 = EDGE_LOOP ( 'NONE', ( #2667, #2920 ) ) ;
#363 = CARTESIAN_POINT ( 'NONE',  ( 160.2811414811383770, -94.62383515162214564, -63.10299859682906742 ) ) ;
#364 = ADVANCED_FACE ( 'NONE', ( #2580 ), #3078, .F. ) ;
#365 = VERTEX_POINT ( 'NONE', #495 ) ;
#366 = DIRECTION ( 'NONE',  ( 0.8660254037844380415, 0.000000000000000000, -0.5000000000000011102 ) ) ;
#367 = DIRECTION ( 'NONE',  ( -0.5000000000000005551, 0.000000000000000000, -0.8660254037844382635 ) ) ;
#368 = UNCERTAINTY_MEASURE_WITH_UNIT (LENGTH_MEASURE( 1.000000000000000082E-05 ), #3102, 'distance_accuracy_value', 'NONE');
#369 = LINE ( 'NONE', #2172, #3165 ) ;
#370 = VERTEX_POINT ( 'NONE', #1558 ) ;
#371 = EDGE_CURVE ( 'NONE', #560, #2001, #188, .T. ) ;
#372 = DIRECTION ( 'NONE',  ( 2.891205793294678819E-16, -1.000000000000000000, 0.000000000000000000 ) ) ;
#373 = CARTESIAN_POINT ( 'NONE',  ( 207.7163336986830586, -71.15063509461094782, -85.45800344948546012 ) ) ;
#374 = CARTESIAN_POINT ( 'NONE',  ( 173.3753175473055421, -17.24936490538906142, -64.93838820721474292 ) ) ;
#375 = VECTOR ( 'NONE', #740, 999.9999999999998863 ) ;
#376 = DIRECTION ( 'NONE',  ( -0.8660254037844380415, 0.000000000000000000, 0.5000000000000012212 ) ) ;
#377 = ORIENTED_EDGE ( 'NONE', *, *, #3026, .T. ) ;
#378 = DIRECTION ( 'NONE',  ( 0.5000000000000015543, -0.000000000000000000, 0.8660254037844378194 ) ) ;
#379 = ORIENTED_EDGE ( 'NONE', *, *, #7, .F. ) ;
#380 = AXIS2_PLACEMENT_3D ( 'NONE', #2226, #91, #419 ) ;
#381 = EDGE_CURVE ( 'NONE', #42, #1689, #2551, .T. ) ;
#382 = ORIENTED_EDGE ( 'NONE', *, *, #371, .T. ) ;
#383 = ADVANCED_FACE ( 'NONE', ( #205 ), #733, .T. ) ;
#384 =( LENGTH_UNIT ( ) NAMED_UNIT ( * ) SI_UNIT ( .MILLI., .METRE. ) );
#385 = ORIENTED_EDGE ( 'NONE', *, *, #1962, .F. ) ;
#386 = CARTESIAN_POINT ( 'NONE',  ( -20.00000000000000000, -5.782411586589358033E-15, -54.61880215351699519 ) ) ;
#387 = CARTESIAN_POINT ( 'NONE',  ( 206.6410161513775847, 23.30127018922184590, -87.32050807568884920 ) ) ;
#388 = AXIS2_PLACEMENT_3D ( 'NONE', #3252, #2471, #319 ) ;
#389 = LINE ( 'NONE', #1174, #1141 ) ;
#390 = ORIENTED_EDGE ( 'NONE', *, *, #2585, .T. ) ;
#391 = EDGE_LOOP ( 'NONE', ( #1834, #3034, #2576, #2954 ) ) ;
#392 = ADVANCED_FACE ( 'NONE', ( #3345 ), #2807, .T. ) ;
#393 = DIRECTION ( 'NONE',  ( 0.000000000000000000, 0.000000000000000000, -1.000000000000000000 ) ) ;
#394 = EDGE_CURVE ( 'NONE', #2957, #2088, #425, .T. ) ;
#395 = LINE ( 'NONE', #1128, #3099 ) ;
#396 = VECTOR ( 'NONE', #1127, 1000.000000000000000 ) ;
#397 = DIRECTION ( 'NONE',  ( -0.000000000000000000, -1.000000000000000000, -0.000000000000000000 ) ) ;
#398 = ORIENTED_EDGE ( 'NONE', *, *, #2737, .T. ) ;
#399 = DIRECTION ( 'NONE',  ( 0.5000000000000011102, -0.000000000000000000, 0.8660254037844379305 ) ) ;
#400 = ORIENTED_EDGE ( 'NONE', *, *, #2463, .F. ) ;
#401 = CARTESIAN_POINT ( 'NONE',  ( 162.4451308199080586, -103.3012701892218672, -65.67151524197232959 ) ) ;
#402 = VERTEX_POINT ( 'NONE', #2305 ) ;
#403 = PLANE ( 'NONE',  #2209 ) ;
#404 = FACE_OUTER_BOUND ( 'NONE', #2173, .T. ) ;
#405 = CARTESIAN_POINT ( 'NONE',  ( 170.1698729810778445, -90.50453814755924498, -60.49038105676658716 ) ) ;
#406 = VERTEX_POINT ( 'NONE', #3361 ) ;
#407 = VERTEX_POINT ( 'NONE', #2822 ) ;
#408 = AXIS2_PLACEMENT_3D ( 'NONE', #913, #2171, #3231 ) ;
#409 = CARTESIAN_POINT ( 'NONE',  ( 5.510910596163089556E-15, -85.00000000000000000, -75.00000000000001421 ) ) ;
#410 = ADVANCED_FACE ( 'NONE', ( #1516 ), #988, .F. ) ;
#411 = CARTESIAN_POINT ( 'NONE',  ( 192.6506350946110615, 0.000000000000000000, -31.55255888325783786 ) ) ;
#412 = VECTOR ( 'NONE', #1972, 1000.000000000000000 ) ;
#413 = LINE ( 'NONE', #187, #1068 ) ;
#414 = ORIENTED_EDGE ( 'NONE', *, *, #334, .F. ) ;
#415 = CARTESIAN_POINT ( 'NONE',  ( 189.7535207775812012, -103.3012701892218672, -52.57050807568897710 ) ) ;
#416 = ORIENTED_EDGE ( 'NONE', *, *, #2057, .F. ) ;
#417 = DIRECTION ( 'NONE',  ( -0.5000000000000011102, 0.000000000000000000, -0.8660254037844379305 ) ) ;
#418 = ORIENTED_EDGE ( 'NONE', *, *, #2187, .F. ) ;
#419 = DIRECTION ( 'NONE',  ( -0.5000000000000007772, 0.000000000000000000, -0.8660254037844382635 ) ) ;
#420 = LINE ( 'NONE', #3303, #43 ) ;
#421 = AXIS2_PLACEMENT_3D ( 'NONE', #2756, #3032, #682 ) ;
#422 = CARTESIAN_POINT ( 'NONE',  ( 189.3205080756888492, -81.30127018922186721, -77.32050807568884920 ) ) ;
#423 = ORIENTED_EDGE ( 'NONE', *, *, #1699, .T. ) ;
#424 = ORIENTED_EDGE ( 'NONE', *, *, #1870, .T. ) ;
#425 = CIRCLE ( 'NONE', #2367, 21.00000000000007816 ) ;
#426 = DIRECTION ( 'NONE',  ( 0.000000000000000000, 0.000000000000000000, 1.000000000000000000 ) ) ;
#427 = CARTESIAN_POINT ( 'NONE',  ( 192.2753175473055762, -17.24936490538906142, -32.20262794416299812 ) ) ;
#428 = ORIENTED_EDGE ( 'NONE', *, *, #2231, .T. ) ;
#429 = DIRECTION ( 'NONE',  ( 0.000000000000000000, -1.000000000000000000, 0.000000000000000000 ) ) ;
#430 = ORIENTED_EDGE ( 'NONE', *, *, #1069, .F. ) ;
#431 = DIRECTION ( 'NONE',  ( 0.5000000000000008882, -0.000000000000000000, 0.8660254037844380415 ) ) ;
#432 = ORIENTED_EDGE ( 'NONE', *, *, #2244, .F. ) ;
#433 = AXIS2_PLACEMENT_3D ( 'NONE', #3398, #1029, #2085 ) ;
#434 = CARTESIAN_POINT ( 'NONE',  ( 183.8448477731971593, -90.50453814755927340, -29.93263681795061970 ) ) ;
#435 = ADVANCED_FACE ( 'NONE', ( #2596 ), #465, .F. ) ;
#436 = LINE ( 'NONE', #1455, #602 ) ;
#437 = CARTESIAN_POINT ( 'NONE',  ( -19.99999999999998579, -50.00000000000000711, -54.61880215351699519 ) ) ;
#438 = ORIENTED_EDGE ( 'NONE', *, *, #1989, .F. ) ;
#439 = ORIENTED_EDGE ( 'NONE', *, *, #492, .F. ) ;
#440 = CARTESIAN_POINT ( 'NONE',  ( 0.000000000000000000, 0.000000000000000000, -75.00000000000001421 ) ) ;
#441 = CARTESIAN_POINT ( 'NONE',  ( 40.00000000000000000, -85.00000000000000000, -75.00000000000001421 ) ) ;
#442 = EDGE_CURVE ( 'NONE', #1711, #457, #1284, .T. ) ;
#443 = EDGE_CURVE ( 'NONE', #992, #473, #2666, .T. ) ;
#444 = EDGE_CURVE ( 'NONE', #2623, #2967, #1356, .T. ) ;
#445 = ADVANCED_FACE ( 'NONE', ( #1856 ), #1837, .T. ) ;
#446 = DIRECTION ( 'NONE',  ( -1.000000000000000000, -0.000000000000000000, -0.000000000000000000 ) ) ;
#447 = CARTESIAN_POINT ( 'NONE',  ( 115.0350412241866138, -66.15063509461094782, -26.17493159859606777 ) ) ;
#448 = ORIENTED_EDGE ( 'NONE', *, *, #3002, .F. ) ;
#449 = LINE ( 'NONE', #2598, #2568 ) ;
#450 = EDGE_CURVE ( 'NONE', #2845, #1176, #2161, .T. ) ;
#451 = VECTOR ( 'NONE', #1697, 1000.000000000000000 ) ;
#452 = ORIENTED_EDGE ( 'NONE', *, *, #3283, .F. ) ;
#453 = VECTOR ( 'NONE', #1299, 1000.000000000000114 ) ;
#454 = DIRECTION ( 'NONE',  ( -0.8660254037844380415, -0.000000000000000000, 0.5000000000000011102 ) ) ;
#455 = CARTESIAN_POINT ( 'NONE',  ( 228.2916512459885610, 1.646520875699976576E-14, -15.57084224863302424 ) ) ;
#456 = CARTESIAN_POINT ( 'NONE',  ( 115.0350412241866138, -66.15063509461094782, -26.17493159859606777 ) ) ;
#457 = VERTEX_POINT ( 'NONE', #1872 ) ;
#458 = ORIENTED_EDGE ( 'NONE', *, *, #1870, .F. ) ;
#459 = DIRECTION ( 'NONE',  ( -0.8660254037844380415, 0.000000000000000000, 0.5000000000000011102 ) ) ;
#460 = VECTOR ( 'NONE', #2324, 1000.000000000000114 ) ;
#461 = DIRECTION ( 'NONE',  ( -0.8161262409927315664, -0.5778736529407390021, 0.000000000000000000 ) ) ;
#462 = EDGE_CURVE ( 'NONE', #2479, #105, #3203, .T. ) ;
#463 = EDGE_CURVE ( 'NONE', #916, #3241, #2683, .T. ) ;
#464 = CARTESIAN_POINT ( 'NONE',  ( -19.99999999999998579, -50.99999999999995737, -55.61880215351694545 ) ) ;
#465 = PLANE ( 'NONE',  #2809 ) ;
#466 = EDGE_LOOP ( 'NONE', ( #3331, #3326, #3410 ) ) ;
#467 = LINE ( 'NONE', #1270, #574 ) ;
#468 = ORIENTED_EDGE ( 'NONE', *, *, #1591, .T. ) ;
#469 = CARTESIAN_POINT ( 'NONE',  ( 33.00000000000021316, -134.8518645242728269, 57.15767664977309437 ) ) ;
#470 = DIRECTION ( 'NONE',  ( 0.000000000000000000, 0.000000000000000000, -1.000000000000000000 ) ) ;
#471 = EDGE_CURVE ( 'NONE', #1357, #2224, #2390, .T. ) ;
#472 = LINE ( 'NONE', #456, #2792 ) ;
#473 = VERTEX_POINT ( 'NONE', #13 ) ;
#474 = ORIENTED_EDGE ( 'NONE', *, *, #2293, .T. ) ;
#475 = CARTESIAN_POINT ( 'NONE',  ( 172.0740607132333366, 0.000000000000000000, -19.67266812516900032 ) ) ;
#476 = CARTESIAN_POINT ( 'NONE',  ( 90.00000000000000000, -128.3022701892218436, -20.57084224863302424 ) ) ;
#477 = CARTESIAN_POINT ( 'NONE',  ( 190.0753175473055592, -66.15063509461094782, -36.01313972081450743 ) ) ;
#478 = DIRECTION ( 'NONE',  ( 0.7071067811865378028, -0.7071067811865573427, 0.000000000000000000 ) ) ;
#479 = VERTEX_POINT ( 'NONE', #2646 ) ;
#480 = ORIENTED_EDGE ( 'NONE', *, *, #709, .F. ) ;
#481 = CARTESIAN_POINT ( 'NONE',  ( 189.7535207775812012, -103.3012701892218672, -52.57050807568897710 ) ) ;
#482 = CARTESIAN_POINT ( 'NONE',  ( 224.8258169865498530, -4.999999999999937828, -88.86984521650695967 ) ) ;
#483 = EDGE_CURVE ( 'NONE', #3018, #3245, #3428, .T. ) ;
#484 = VECTOR ( 'NONE', #2991, 1000.000000000000000 ) ;
#485 = EDGE_CURVE ( 'NONE', #402, #2022, #783, .T. ) ;
#486 = DIRECTION ( 'NONE',  ( 0.8660254037844380415, -0.000000000000000000, -0.5000000000000011102 ) ) ;
#487 = EDGE_LOOP ( 'NONE', ( #3120, #2850, #3167 ) ) ;
#488 = EDGE_LOOP ( 'NONE', ( #2990, #2794, #645, #1777 ) ) ;
#489 = DIRECTION ( 'NONE',  ( 0.000000000000000000, 1.000000000000000000, 0.000000000000000000 ) ) ;
#490 = PLANE ( 'NONE',  #2717 ) ;
#491 = ORIENTED_EDGE ( 'NONE', *, *, #2200, .T. ) ;
#492 = EDGE_CURVE ( 'NONE', #1357, #1439, #3187, .T. ) ;
#493 = CARTESIAN_POINT ( 'NONE',  ( 214.7432507043576777, -81.30127018922186721, -53.28702617508732686 ) ) ;
#494 = SHAPE_DEFINITION_REPRESENTATION ( #2082, #1119 ) ;
#495 = CARTESIAN_POINT ( 'NONE',  ( 185.3012701892218388, -50.00000000000000000, -75.00000000000001421 ) ) ;
#496 = EDGE_LOOP ( 'NONE', ( #2017, #3079, #2766, #3136 ) ) ;
#497 = DIRECTION ( 'NONE',  ( 2.891205793294679312E-16, -1.000000000000000000, 0.000000000000000000 ) ) ;
#498 = PLANE ( 'NONE',  #2451 ) ;
#499 = ORIENTED_EDGE ( 'NONE', *, *, #898, .T. ) ;
#500 = DIRECTION ( 'NONE',  ( 0.8660254037844381525, 0.000000000000000000, -0.5000000000000012212 ) ) ;
#501 = CARTESIAN_POINT ( 'NONE',  ( 147.3188547966613271, -50.00000000000000000, -53.07084224863292121 ) ) ;
#502 = VECTOR ( 'NONE', #507, 1000.000000000000000 ) ;
#503 = CARTESIAN_POINT ( 'NONE',  ( 198.4137748154255689, -103.3012701892218672, -57.57050807568899131 ) ) ;
#504 = ORIENTED_EDGE ( 'NONE', *, *, #485, .F. ) ;
#505 = ORIENTED_EDGE ( 'NONE', *, *, #2489, .T. ) ;
#506 = CARTESIAN_POINT ( 'NONE',  ( -19.00000000000000000, 0.000000000000000000, -70.00000000000000000 ) ) ;
#507 = DIRECTION ( 'NONE',  ( 0.000000000000000000, -1.000000000000000000, 0.000000000000000000 ) ) ;
#508 = VECTOR ( 'NONE', #1706, 1000.000000000000000 ) ;
#509 = ORIENTED_EDGE ( 'NONE', *, *, #1250, .T. ) ;
#510 = VECTOR ( 'NONE', #2950, 1000.000000000000000 ) ;
#511 = APPLICATION_CONTEXT ( 'automotive_design' ) ;
#512 = LINE ( 'NONE', #1871, #1180 ) ;
#513 = EDGE_CURVE ( 'NONE', #2800, #3301, #253, .T. ) ;
#514 = DIRECTION ( 'NONE',  ( -0.8660254037844380415, -0.000000000000000000, 0.5000000000000011102 ) ) ;
#515 = ORIENTED_EDGE ( 'NONE', *, *, #1430, .F. ) ;
#516 =( NAMED_UNIT ( * ) PLANE_ANGLE_UNIT ( ) SI_UNIT ( $, .RADIAN. ) );
#517 = VECTOR ( 'NONE', #3271, 1000.000000000000227 ) ;
#518 = DIRECTION ( 'NONE',  ( -0.5000000000000007772, 0.000000000000000000, -0.8660254037844382635 ) ) ;
#519 = VERTEX_POINT ( 'NONE', #850 ) ;
#520 = CARTESIAN_POINT ( 'NONE',  ( 130.0000000000000000, -4.999999999999962697, -20.57084224863302779 ) ) ;
#521 = LINE ( 'NONE', #1587, #661 ) ;
#522 = EDGE_CURVE ( 'NONE', #2799, #2800, #287, .T. ) ;
#523 = CIRCLE ( 'NONE', #76, 20.99999999999999645 ) ;
#524 = CARTESIAN_POINT ( 'NONE',  ( -28.00000000000008882, 16.00000000000016342, -63.61880215351683887 ) ) ;
#525 = ORIENTED_EDGE ( 'NONE', *, *, #1066, .F. ) ;
#526 = DIRECTION ( 'NONE',  ( 0.000000000000000000, -6.245004513516519345E-16, 1.000000000000000000 ) ) ;
#527 =( BOUNDED_CURVE ( )  B_SPLINE_CURVE ( 3, ( #1793, #1049, #2329, #3139 ),
 .UNSPECIFIED., .F., .F. )
 B_SPLINE_CURVE_WITH_KNOTS ( ( 4, 4 ),
 ( 1.570796326794897446, 2.094395102393201036 ),
 .UNSPECIFIED. )
 CURVE ( )  GEOMETRIC_REPRESENTATION_ITEM ( )  RATIONAL_B_SPLINE_CURVE ( ( 1.000000000000000000, 0.9772838841927118381, 0.9772838841927118381, 1.000000000000000000 ) )
 REPRESENTATION_ITEM ( '' )  );
#528 = DIRECTION ( 'NONE',  ( -0.5000000000000008882, 0.000000000000000000, -0.8660254037844380415 ) ) ;
#529 = ORIENTED_EDGE ( 'NONE', *, *, #2803, .F. ) ;
#530 = EDGE_CURVE ( 'NONE', #168, #940, #569, .T. ) ;
#531 = EDGE_CURVE ( 'NONE', #927, #1715, #1907, .T. ) ;
#532 = LINE ( 'NONE', #1355, #1233 ) ;
#533 = CARTESIAN_POINT ( 'NONE',  ( 160.0000000000000000, -4.999999999999955591, -45.00000000000000711 ) ) ;
#534 = ORIENTED_EDGE ( 'NONE', *, *, #33, .F. ) ;
#535 = CARTESIAN_POINT ( 'NONE',  ( 34.50000000000022027, 0.000000000000000000, 59.75575286112640327 ) ) ;
#536 = CARTESIAN_POINT ( 'NONE',  ( 166.9384360044630853, -94.20800488404960049, -61.91130428643317885 ) ) ;
#537 = AXIS2_PLACEMENT_3D ( 'NONE', #955, #429, #2287 ) ;
#538 = EDGE_LOOP ( 'NONE', ( #2233, #1691, #1973, #3020 ) ) ;
#539 = DIRECTION ( 'NONE',  ( 0.000000000000000000, -0.000000000000000000, 1.000000000000000000 ) ) ;
#540 = PLANE ( 'NONE',  #3367 ) ;
#541 = DIRECTION ( 'NONE',  ( 0.000000000000000000, -1.000000000000000000, 0.000000000000000000 ) ) ;
#542 = EDGE_CURVE ( 'NONE', #1517, #2104, #303, .T. ) ;
#543 = VERTEX_POINT ( 'NONE', #1338 ) ;
#544 = DIRECTION ( 'NONE',  ( 0.8660254037844381525, 0.000000000000000000, -0.5000000000000012212 ) ) ;
#545 = VECTOR ( 'NONE', #1713, 1000.000000000000000 ) ;
#546 = LINE ( 'NONE', #2073, #1950 ) ;
#547 = ORIENTED_EDGE ( 'NONE', *, *, #572, .F. ) ;
#548 = VECTOR ( 'NONE', #3239, 1000.000000000000000 ) ;
#549 = CARTESIAN_POINT ( 'NONE',  ( 208.8060796608386909, -103.3012701892218672, -63.57050807568888473 ) ) ;
#550 = CARTESIAN_POINT ( 'NONE',  ( 25.50000000000019540, -17.24936490538905787, 44.16729559300652852 ) ) ;
#551 = ORIENTED_EDGE ( 'NONE', *, *, #2905, .T. ) ;
#552 = DIRECTION ( 'NONE',  ( -0.5000000000000014433, 0.000000000000000000, -0.8660254037844378194 ) ) ;
#553 = VECTOR ( 'NONE', #1095, 1000.000000000000000 ) ;
#554 = CARTESIAN_POINT ( 'NONE',  ( 1.387778780781445676E-15, -5.000000000000000000, -45.00000000000000711 ) ) ;
#555 = ORIENTED_EDGE ( 'NONE', *, *, #642, .T. ) ;
#556 = LINE ( 'NONE', #1134, #1383 ) ;
#557 = EDGE_CURVE ( 'NONE', #3297, #2712, #587, .T. ) ;
#558 = DIRECTION ( 'NONE',  ( -0.5000000000000015543, 0.000000000000000000, -0.8660254037844378194 ) ) ;
#559 = LINE ( 'NONE', #2674, #2406 ) ;
#560 = VERTEX_POINT ( 'NONE', #1301 ) ;
#561 = VECTOR ( 'NONE', #2241, 1000.000000000000227 ) ;
#562 = DIRECTION ( 'NONE',  ( -0.7071067811865376918, -0.7071067811865573427, -0.000000000000000000 ) ) ;
#563 = AXIS2_PLACEMENT_3D ( 'NONE', #2765, #1473, #2538 ) ;
#564 = FACE_OUTER_BOUND ( 'NONE', #1547, .T. ) ;
#565 = ORIENTED_EDGE ( 'NONE', *, *, #2876, .T. ) ;
#566 = AXIS2_PLACEMENT_3D ( 'NONE', #3132, #1056, #12 ) ;
#567 = DIRECTION ( 'NONE',  ( -0.000000000000000000, -0.000000000000000000, 1.000000000000000000 ) ) ;
#568 = ADVANCED_FACE ( 'NONE', ( #2912 ), #1581, .T. ) ;
#569 = LINE ( 'NONE', #550, #1452 ) ;
#570 = ORIENTED_EDGE ( 'NONE', *, *, #381, .F. ) ;
#571 = DIRECTION ( 'NONE',  ( -1.000000000000000000, -2.775557561562891351E-16, -0.000000000000000000 ) ) ;
#572 = EDGE_CURVE ( 'NONE', #519, #2357, #799, .T. ) ;
#573 = CARTESIAN_POINT ( 'NONE',  ( 187.3757462811671815, 0.000000000000000000, 16.30972899580406832 ) ) ;
#574 = VECTOR ( 'NONE', #1532, 1000.000000000000227 ) ;
#575 = ORIENTED_EDGE ( 'NONE', *, *, #1527, .F. ) ;
#576 = DIRECTION ( 'NONE',  ( 0.000000000000000000, 0.000000000000000000, -1.000000000000000000 ) ) ;
#577 = ORIENTED_EDGE ( 'NONE', *, *, #1952, .T. ) ;
#578 = VECTOR ( 'NONE', #597, 1000.000000000000000 ) ;
#579 = VECTOR ( 'NONE', #1757, 1000.000000000000114 ) ;
#580 = LINE ( 'NONE', #3228, #2848 ) ;
#581 = ORIENTED_EDGE ( 'NONE', *, *, #1376, .F. ) ;
#582 = PLANE ( 'NONE',  #2644 ) ;
#583 = VECTOR ( 'NONE', #1882, 1000.000000000000000 ) ;
#584 = DIRECTION ( 'NONE',  ( -0.5000000000000013323, 0.000000000000000000, -0.8660254037844378194 ) ) ;
#585 = VERTEX_POINT ( 'NONE', #2456 ) ;
#586 = LINE ( 'NONE', #1421, #227 ) ;
#587 = LINE ( 'NONE', #3409, #1725 ) ;
#588 = VERTEX_POINT ( 'NONE', #2511 ) ;
#589 = DIRECTION ( 'NONE',  ( 0.8161262409927313444, 0.5778736529407394462, 0.000000000000000000 ) ) ;
#590 = LINE ( 'NONE', #904, #1131 ) ;
#591 = ORIENTED_EDGE ( 'NONE', *, *, #2564, .F. ) ;
#592 = CARTESIAN_POINT ( 'NONE',  ( 5.510910596163089556E-15, -85.00000000000000000, -75.00000000000001421 ) ) ;
#593 = VERTEX_POINT ( 'NONE', #2752 ) ;
#594 = DIRECTION ( 'NONE',  ( 1.000000000000000000, 2.891205793294678819E-16, -0.000000000000000000 ) ) ;
#595 = EDGE_LOOP ( 'NONE', ( #1764, #657, #2386, #1997, #1876, #3195, #1668, #2675, #1213, #848, #2823, #2150, #2255, #1391 ) ) ;
#596 = ADVANCED_FACE ( 'NONE', ( #1146 ), #2235, .T. ) ;
#597 = DIRECTION ( 'NONE',  ( 6.009258394948624292E-17, 1.000000000000000000, -3.469446951953617270E-17 ) ) ;
#598 = EDGE_CURVE ( 'NONE', #2712, #175, #867, .T. ) ;
#599 = CARTESIAN_POINT ( 'NONE',  ( 160.0000000000000000, -44.99999999999996447, -54.61880215351699519 ) ) ;
#600 = EDGE_LOOP ( 'NONE', ( #2740, #3110, #2048, #1054 ) ) ;
#601 = VECTOR ( 'NONE', #1877, 999.9999999999998863 ) ;
#602 = VECTOR ( 'NONE', #3055, 1000.000000000000000 ) ;
#603 = CARTESIAN_POINT ( 'NONE',  ( 226.9163336986830757, 20.55063509461093929, -52.20262794416304075 ) ) ;
#604 = VECTOR ( 'NONE', #1743, 1000.000000000000000 ) ;
#605 = CARTESIAN_POINT ( 'NONE',  ( 90.00000000000000000, -128.3022701892218436, -20.57084224863302424 ) ) ;
#606 = ORIENTED_EDGE ( 'NONE', *, *, #2838, .F. ) ;
#607 = DIRECTION ( 'NONE',  ( 0.8660254037844380415, 0.000000000000000000, -0.5000000000000011102 ) ) ;
#608 = LINE ( 'NONE', #3030, #2676 ) ;
#609 = VERTEX_POINT ( 'NONE', #3290 ) ;
#610 = DIRECTION ( 'NONE',  ( -0.8660254037844377084, -2.403703357979452675E-16, 0.5000000000000015543 ) ) ;
#611 = ORIENTED_EDGE ( 'NONE', *, *, #3341, .F. ) ;
#612 = LINE ( 'NONE', #1348, #583 ) ;
#613 = ORIENTED_EDGE ( 'NONE', *, *, #1863, .F. ) ;
#614 = EDGE_CURVE ( 'NONE', #270, #1533, #641, .T. ) ;
#615 = LINE ( 'NONE', #1675, #213 ) ;
#616 = DIRECTION ( 'NONE',  ( -2.775557561562891351E-16, 1.000000000000000000, 0.000000000000000000 ) ) ;
#617 = ORIENTED_EDGE ( 'NONE', *, *, #2188, .T. ) ;
#618 = VECTOR ( 'NONE', #372, 1000.000000000000000 ) ;
#619 = DIRECTION ( 'NONE',  ( -0.8660254037844379305, -0.000000000000000000, 0.5000000000000011102 ) ) ;
#620 = AXIS2_PLACEMENT_3D ( 'NONE', #29, #2645, #1595 ) ;
#621 = LINE ( 'NONE', #98, #2769 ) ;
#622 = PLANE ( 'NONE',  #2129 ) ;
#623 = EDGE_CURVE ( 'NONE', #370, #457, #1461, .T. ) ;
#624 = DIRECTION ( 'NONE',  ( -1.000000000000000000, 0.000000000000000000, -0.000000000000000000 ) ) ;
#625 = ORIENTED_EDGE ( 'NONE', *, *, #522, .F. ) ;
#626 = AXIS2_PLACEMENT_3D ( 'NONE', #1362, #2953, #2413 ) ;
#627 = CARTESIAN_POINT ( 'NONE',  ( 13.84936490538918186, -134.8518645242728269, 23.98780366869532088 ) ) ;
#628 = ORIENTED_EDGE ( 'NONE', *, *, #444, .T. ) ;
#629 = VECTOR ( 'NONE', #239, 1000.000000000000114 ) ;
#630 = CARTESIAN_POINT ( 'NONE',  ( 228.2916512459885610, -73.30127018922186721, -49.82050807568897710 ) ) ;
#631 = ORIENTED_EDGE ( 'NONE', *, *, #443, .F. ) ;
#632 = CARTESIAN_POINT ( 'NONE',  ( 130.0000000000000000, 0.000000000000000000, -55.00000000000000711 ) ) ;
#633 = CARTESIAN_POINT ( 'NONE',  ( 202.8689086173197040, -81.30127018922186721, -73.85398997629046391 ) ) ;
#634 = EDGE_CURVE ( 'NONE', #3402, #2084, #395, .T. ) ;
#635 = PRODUCT_RELATED_PRODUCT_CATEGORY ( 'part', '', ( #3299 ) ) ;
#636 = AXIS2_PLACEMENT_3D ( 'NONE', #1553, #489, #3196 ) ;
#637 = DIRECTION ( 'NONE',  ( -0.5000000000000005551, 0.000000000000000000, -0.8660254037844382635 ) ) ;
#638 = ORIENTED_EDGE ( 'NONE', *, *, #2259, .F. ) ;
#639 = LINE ( 'NONE', #3236, #2008 ) ;
#640 = EDGE_CURVE ( 'NONE', #805, #479, #2492, .T. ) ;
#641 = LINE ( 'NONE', #1977, #2493 ) ;
#642 = EDGE_CURVE ( 'NONE', #690, #2035, #676, .T. ) ;
#643 = CARTESIAN_POINT ( 'NONE',  ( 173.6979507887539853, -113.6822481884063194, -64.37957104081540649 ) ) ;
#644 = LINE ( 'NONE', #1704, #3059 ) ;
#645 = ORIENTED_EDGE ( 'NONE', *, *, #708, .T. ) ;
#646 = LINE ( 'NONE', #941, #561 ) ;
#647 = VERTEX_POINT ( 'NONE', #141 ) ;
#648 = ORIENTED_EDGE ( 'NONE', *, *, #3263, .F. ) ;
#649 = CARTESIAN_POINT ( 'NONE',  ( 40.00000000000000000, -50.00000000000000000, -50.00000000000000000 ) ) ;
#650 = ORIENTED_EDGE ( 'NONE', *, *, #2585, .F. ) ;
#651 = DIRECTION ( 'NONE',  ( -0.5000000000000011102, 0.000000000000000000, -0.8660254037844380415 ) ) ;
#652 = LINE ( 'NONE', #2537, #718 ) ;
#653 = EDGE_CURVE ( 'NONE', #1626, #1533, #1702, .T. ) ;
#654 = ADVANCED_FACE ( 'NONE', ( #2980 ), #1665, .T. ) ;
#655 = CARTESIAN_POINT ( 'NONE',  ( 227.2163336986830871, -71.15063509461094782, -51.68301270189237329 ) ) ;
#656 = ORIENTED_EDGE ( 'NONE', *, *, #2415, .T. ) ;
#657 = ORIENTED_EDGE ( 'NONE', *, *, #1701, .F. ) ;
#658 = LINE ( 'NONE', #692, #1735 ) ;
#659 = CARTESIAN_POINT ( 'NONE',  ( 228.2916512459885610, -19.99999999999999289, -49.82050807568898421 ) ) ;
#660 = LINE ( 'NONE', #1960, #691 ) ;
#661 = VECTOR ( 'NONE', #470, 1000.000000000000000 ) ;
#662 = DIRECTION ( 'NONE',  ( -0.8660254037844379305, 0.000000000000000000, 0.5000000000000014433 ) ) ;
#663 = VERTEX_POINT ( 'NONE', #1406 ) ;
#664 = CARTESIAN_POINT ( 'NONE',  ( 193.6506350946110331, 19.42617797022816006, -29.82050807568893802 ) ) ;
#665 = ORIENTED_EDGE ( 'NONE', *, *, #2186, .T. ) ;
#666 = LINE ( 'NONE', #2274, #2351 ) ;
#667 = EDGE_LOOP ( 'NONE', ( #2435, #1293, #1277, #301 ) ) ;
#668 = ADVANCED_FACE ( 'NONE', ( #2736 ), #1201, .T. ) ;
#669 = DIRECTION ( 'NONE',  ( -0.5000000000000011102, -0.000000000000000000, -0.8660254037844379305 ) ) ;
#670 = CARTESIAN_POINT ( 'NONE',  ( 193.6506350946110899, -81.30127018922185300, -29.82050807568894157 ) ) ;
#671 = VECTOR ( 'NONE', #2995, 1000.000000000000000 ) ;
#672 = CARTESIAN_POINT ( 'NONE',  ( 168.9694898912723033, -49.99999999999995737, -15.57084224863302246 ) ) ;
#673 = ORIENTED_EDGE ( 'NONE', *, *, #1008, .F. ) ;
#674 = ORIENTED_EDGE ( 'NONE', *, *, #679, .F. ) ;
#675 = FACE_OUTER_BOUND ( 'NONE', #2811, .T. ) ;
#676 = LINE ( 'NONE', #884, #3376 ) ;
#677 = VECTOR ( 'NONE', #1780, 1000.000000000000000 ) ;
#678 = FACE_OUTER_BOUND ( 'NONE', #787, .T. ) ;
#679 = EDGE_CURVE ( 'NONE', #479, #406, #621, .T. ) ;
#680 = MANIFOLD_SOLID_BREP ( '\X2\51f853f0\X0\-\X2\62c94f38\X0\13', #3082 ) ;
#681 = EDGE_LOOP ( 'NONE', ( #1041, #439, #3063, #2633, #1015 ) ) ;
#682 = DIRECTION ( 'NONE',  ( -0.5000000000000007772, 0.000000000000000000, -0.8660254037844382635 ) ) ;
#683 = VERTEX_POINT ( 'NONE', #1480 ) ;
#684 = CARTESIAN_POINT ( 'NONE',  ( 147.3188547966613555, 0.000000000000000000, -53.07084224863293542 ) ) ;
#685 = ORIENTED_EDGE ( 'NONE', *, *, #2107, .T. ) ;
#686 = CARTESIAN_POINT ( 'NONE',  ( 227.2163336986830871, -71.15063509461094782, -51.68301270189237329 ) ) ;
#687 = DIRECTION ( 'NONE',  ( -1.000000000000000000, -0.000000000000000000, -0.000000000000000000 ) ) ;
#688 = LINE ( 'NONE', #2831, #1781 ) ;
#689 = ORIENTED_EDGE ( 'NONE', *, *, #709, .T. ) ;
#690 = VERTEX_POINT ( 'NONE', #155 ) ;
#691 = VECTOR ( 'NONE', #3112, 1000.000000000000000 ) ;
#692 = CARTESIAN_POINT ( 'NONE',  ( 226.9163336986830757, -17.24936490538906142, -52.20262794416304075 ) ) ;
#693 = VECTOR ( 'NONE', #2939, 1000.000000000000000 ) ;
#694 = FACE_OUTER_BOUND ( 'NONE', #1806, .T. ) ;
#695 = ADVANCED_FACE ( 'NONE', ( #1215 ), #2214, .T. ) ;
#696 = ORIENTED_EDGE ( 'NONE', *, *, #485, .T. ) ;
#697 = DIRECTION ( 'NONE',  ( -0.7071067811865375807, -0.7071067811865574537, -0.000000000000000000 ) ) ;
#698 = ORIENTED_EDGE ( 'NONE', *, *, #1869, .T. ) ;
#699 = CARTESIAN_POINT ( 'NONE',  ( 231.9527057354450221, -49.99999999999994316, -101.9342188706945649 ) ) ;
#700 = ORIENTED_EDGE ( 'NONE', *, *, #48, .F. ) ;
#701 = PLANE ( 'NONE',  #774 ) ;
#702 = PLANE ( 'NONE',  #1602 ) ;
#703 = VECTOR ( 'NONE', #144, 1000.000000000000000 ) ;
#704 = FACE_OUTER_BOUND ( 'NONE', #1812, .T. ) ;
#705 = VERTEX_POINT ( 'NONE', #632 ) ;
#706 = ORIENTED_EDGE ( 'NONE', *, *, #640, .F. ) ;
#707 = EDGE_CURVE ( 'NONE', #3009, #969, #2780, .T. ) ;
#708 = EDGE_CURVE ( 'NONE', #770, #842, #2018, .T. ) ;
#709 = EDGE_CURVE ( 'NONE', #2501, #1930, #2521, .T. ) ;
#710 = ADVANCED_FACE ( 'NONE', ( #2465 ), #2483, .F. ) ;
#711 = VECTOR ( 'NONE', #30, 1000.000000000000000 ) ;
#712 = LINE ( 'NONE', #1975, #1459 ) ;
#713 = ADVANCED_FACE ( 'NONE', ( #111 ), #1951, .F. ) ;
#714 = DIRECTION ( 'NONE',  ( -0.000000000000000000, -0.000000000000000000, 1.000000000000000000 ) ) ;
#715 = DIRECTION ( 'NONE',  ( 0.5000000000000014433, 0.000000000000000000, 0.8660254037844378194 ) ) ;
#716 = EDGE_LOOP ( 'NONE', ( #551, #2176, #648, #58 ) ) ;
#717 = SURFACE_STYLE_FILL_AREA ( #3411 ) ;
#718 = VECTOR ( 'NONE', #1988, 1000.000000000000114 ) ;
#719 = APPLICATION_PROTOCOL_DEFINITION ( 'draft international standard', 'automotive_design', 1998, #332 ) ;
#720 = ORIENTED_EDGE ( 'NONE', *, *, #1107, .F. ) ;
#721 = CIRCLE ( 'NONE', #2320, 25.00000000000000000 ) ;
#722 = DIRECTION ( 'NONE',  ( 0.000000000000000000, 1.000000000000000000, 0.000000000000000000 ) ) ;
#723 = CARTESIAN_POINT ( 'NONE',  ( 208.8060796608386909, -103.3012701892218672, -63.57050807568888473 ) ) ;
#724 = FACE_OUTER_BOUND ( 'NONE', #2703, .T. ) ;
#725 = EDGE_CURVE ( 'NONE', #3171, #2012, #1273, .T. ) ;
#726 = VERTEX_POINT ( 'NONE', #2725 ) ;
#727 = VERTEX_POINT ( 'NONE', #3005 ) ;
#728 = LINE ( 'NONE', #440, #2238 ) ;
#729 = ADVANCED_FACE ( 'NONE', ( #1695 ), #701, .T. ) ;
#730 = LINE ( 'NONE', #3340, #677 ) ;
#731 = LINE ( 'NONE', #2045, #745 ) ;
#732 = AXIS2_PLACEMENT_3D ( 'NONE', #1929, #3047, #1150 ) ;
#733 = PLANE ( 'NONE',  #3080 ) ;
#734 = ORIENTED_EDGE ( 'NONE', *, *, #1194, .T. ) ;
#735 = EDGE_CURVE ( 'NONE', #3245, #1678, #349, .T. ) ;
#736 = VECTOR ( 'NONE', #1438, 1000.000000000000114 ) ;
#737 = ORIENTED_EDGE ( 'NONE', *, *, #1065, .F. ) ;
#738 = AXIS2_PLACEMENT_3D ( 'NONE', #1039, #2110, #286 ) ;
#739 = DIRECTION ( 'NONE',  ( 0.000000000000000000, -0.000000000000000000, -1.000000000000000000 ) ) ;
#740 = DIRECTION ( 'NONE',  ( 0.5000000000000014433, 0.000000000000000000, 0.8660254037844379305 ) ) ;
#741 = PLANE ( 'NONE',  #1583 ) ;
#742 = EDGE_LOOP ( 'NONE', ( #931, #3416, #1769, #3344 ) ) ;
#743 = EDGE_LOOP ( 'NONE', ( #1399, #2487, #2699, #2517 ) ) ;
#744 = CARTESIAN_POINT ( 'NONE',  ( 0.000000000000000000, 0.000000000000000000, -50.00000000000000000 ) ) ;
#745 = VECTOR ( 'NONE', #714, 1000.000000000000000 ) ;
#746 = FACE_OUTER_BOUND ( 'NONE', #2560, .T. ) ;
#747 = AXIS2_PLACEMENT_3D ( 'NONE', #1017, #562, #2942 ) ;
#748 = LINE ( 'NONE', #2011, #2670 ) ;
#749 = ADVANCED_FACE ( 'NONE', ( #2002 ), #1225, .F. ) ;
#750 = DIRECTION ( 'NONE',  ( -0.5000000000000012212, 0.000000000000000000, -0.8660254037844379305 ) ) ;
#751 = EDGE_LOOP ( 'NONE', ( #879, #1916, #800, #1552 ) ) ;
#752 = CARTESIAN_POINT ( 'NONE',  ( 162.1396945358629580, 0.000000000000000000, -52.67799554514895988 ) ) ;
#753 = VECTOR ( 'NONE', #2416, 1000.000000000000000 ) ;
#754 = EDGE_CURVE ( 'NONE', #3188, #1729, #131, .T. ) ;
#755 = EDGE_LOOP ( 'NONE', ( #2366, #1262, #1253, #1538 ) ) ;
#756 = CARTESIAN_POINT ( 'NONE',  ( 238.3656564712920556, -66.15063509461094782, 57.62818081025078953 ) ) ;
#757 = LINE ( 'NONE', #482, #2267 ) ;
#758 = DIRECTION ( 'NONE',  ( 0.8660254037844380415, 0.000000000000000000, -0.5000000000000014433 ) ) ;
#759 = ORIENTED_EDGE ( 'NONE', *, *, #3265, .F. ) ;
#760 = ORIENTED_EDGE ( 'NONE', *, *, #1682, .T. ) ;
#761 = EDGE_CURVE ( 'NONE', #2799, #1357, #2276, .T. ) ;
#762 = PLANE ( 'NONE',  #3119 ) ;
#763 = CARTESIAN_POINT ( 'NONE',  ( 228.2916512459885610, 23.30127018922184590, -49.82050807568898421 ) ) ;
#764 = VERTEX_POINT ( 'NONE', #2746 ) ;
#765 = CARTESIAN_POINT ( 'NONE',  ( 160.0000000000000000, -4.999999999999959144, -70.00000000000000000 ) ) ;
#766 = DIRECTION ( 'NONE',  ( -0.8660254037844379305, -0.000000000000000000, 0.5000000000000011102 ) ) ;
#767 = ORIENTED_EDGE ( 'NONE', *, *, #2801, .F. ) ;
#768 = DIRECTION ( 'NONE',  ( -0.5000000000000011102, 0.000000000000000000, -0.8660254037844379305 ) ) ;
#769 = DIRECTION ( 'NONE',  ( 0.8660254037844378194, 0.000000000000000000, -0.5000000000000015543 ) ) ;
#770 = VERTEX_POINT ( 'NONE', #1970 ) ;
#771 = CARTESIAN_POINT ( 'NONE',  ( -19.99999999999997868, -75.00000000000001421, -54.61880215351699519 ) ) ;
#772 = VECTOR ( 'NONE', #283, 1000.000000000000000 ) ;
#773 = VECTOR ( 'NONE', #966, 1000.000000000000000 ) ;
#774 = AXIS2_PLACEMENT_3D ( 'NONE', #1470, #1712, #366 ) ;
#775 = DIRECTION ( 'NONE',  ( -0.000000000000000000, -1.000000000000000000, -0.000000000000000000 ) ) ;
#776 = VERTEX_POINT ( 'NONE', #1190 ) ;
#777 = ORIENTED_EDGE ( 'NONE', *, *, #815, .T. ) ;
#778 = DIRECTION ( 'NONE',  ( 0.5000000000000012212, 0.000000000000000000, 0.8660254037844380415 ) ) ;
#779 = EDGE_CURVE ( 'NONE', #1083, #2776, #3054, .T. ) ;
#780 = LINE ( 'NONE', #265, #333 ) ;
#781 = ORIENTED_EDGE ( 'NONE', *, *, #3148, .T. ) ;
#782 = CARTESIAN_POINT ( 'NONE',  ( 192.2753175473056046, 19.42617797022817427, -32.20262794416302654 ) ) ;
#783 = LINE ( 'NONE', #2890, #2159 ) ;
#784 = VERTEX_POINT ( 'NONE', #2535 ) ;
#785 = SURFACE_STYLE_USAGE ( .BOTH. , #2824 ) ;
#786 = DIRECTION ( 'NONE',  ( 1.000000000000000000, -6.009258394948639083E-16, 0.000000000000000000 ) ) ;
#787 = EDGE_LOOP ( 'NONE', ( #1349, #1524, #855, #981 ) ) ;
#788 = LINE ( 'NONE', #520, #936 ) ;
#789 = VECTOR ( 'NONE', #3197, 1000.000000000000000 ) ;
#790 = CARTESIAN_POINT ( 'NONE',  ( 158.1506350946108057, 0.000000000000000000, -91.30831174438417008 ) ) ;
#791 = VECTOR ( 'NONE', #1556, 1000.000000000000000 ) ;
#792 = DIRECTION ( 'NONE',  ( 0.5000000000000012212, 0.000000000000000000, 0.8660254037844380415 ) ) ;
#793 = ORIENTED_EDGE ( 'NONE', *, *, #975, .F. ) ;
#794 = DIRECTION ( 'NONE',  ( -0.5000000000000011102, 0.000000000000000000, -0.8660254037844380415 ) ) ;
#795 = PLANE ( 'NONE',  #1400 ) ;
#796 = VERTEX_POINT ( 'NONE', #2248 ) ;
#797 = VECTOR ( 'NONE', #2969, 1000.000000000000000 ) ;
#798 = DIRECTION ( 'NONE',  ( -2.312964634635746901E-16, 1.000000000000000000, 0.000000000000000000 ) ) ;
#799 = LINE ( 'NONE', #533, #671 ) ;
#800 = ORIENTED_EDGE ( 'NONE', *, *, #2398, .F. ) ;
#801 = CARTESIAN_POINT ( 'NONE',  ( 228.2936512459885421, -4.999999999999935163, -20.57084224863302779 ) ) ;
#802 = AXIS2_PLACEMENT_3D ( 'NONE', #32, #2134, #607 ) ;
#803 = ADVANCED_FACE ( 'NONE', ( #3021 ), #3302, .F. ) ;
#804 = FACE_BOUND ( 'NONE', #362, .T. ) ;
#805 = VERTEX_POINT ( 'NONE', #3260 ) ;
#806 = PLANE ( 'NONE',  #65 ) ;
#807 = CARTESIAN_POINT ( 'NONE',  ( 250.1540839316074312, -44.99999999999993605, -45.00000000000000711 ) ) ;
#808 = DIRECTION ( 'NONE',  ( -0.5000000000000007772, 0.000000000000000000, -0.8660254037844382635 ) ) ;
#809 = ORIENTED_EDGE ( 'NONE', *, *, #2489, .F. ) ;
#810 = DIRECTION ( 'NONE',  ( 0.8660254037844380415, 0.000000000000000000, -0.5000000000000012212 ) ) ;
#811 = CARTESIAN_POINT ( 'NONE',  ( 158.1506350946108057, -134.8518645242728269, -91.30831174438417008 ) ) ;
#812 = EDGE_CURVE ( 'NONE', #907, #992, #964, .T. ) ;
#813 = ORIENTED_EDGE ( 'NONE', *, *, #513, .T. ) ;
#814 = ADVANCED_FACE ( 'NONE', ( #1730 ), #403, .F. ) ;
#815 = EDGE_CURVE ( 'NONE', #2012, #3171, #2044, .T. ) ;
#816 = EDGE_CURVE ( 'NONE', #593, #2530, #721, .T. ) ;
#817 = LINE ( 'NONE', #477, #1624 ) ;
#818 = DIRECTION ( 'NONE',  ( 0.000000000000000000, -1.000000000000000000, 0.000000000000000000 ) ) ;
#819 = EDGE_LOOP ( 'NONE', ( #3073, #3387, #813, #209 ) ) ;
#820 = CARTESIAN_POINT ( 'NONE',  ( 160.0000000000000000, -4.999999999999959144, -70.00000000000000000 ) ) ;
#821 = LINE ( 'NONE', #2632, #68 ) ;
#822 = ORIENTED_EDGE ( 'NONE', *, *, #2802, .F. ) ;
#823 = CARTESIAN_POINT ( 'NONE',  ( 158.1506350946108057, 0.000000000000000000, -91.30831174438417008 ) ) ;
#824 = DIRECTION ( 'NONE',  ( 0.000000000000000000, -0.000000000000000000, 1.000000000000000000 ) ) ;
#825 = CARTESIAN_POINT ( 'NONE',  ( 250.1540839316074312, -4.999999999999930722, -45.00000000000000711 ) ) ;
#826 = ORIENTED_EDGE ( 'NONE', *, *, #2041, .T. ) ;
#827 = FACE_OUTER_BOUND ( 'NONE', #2774, .T. ) ;
#828 = AXIS2_PLACEMENT_3D ( 'NONE', #2139, #3193, #558 ) ;
#829 = ADVANCED_FACE ( 'NONE', ( #225 ), #1274, .T. ) ;
#830 = CARTESIAN_POINT ( 'NONE',  ( 250.1540839316074312, -44.99999999999993605, -45.00000000000000711 ) ) ;
#831 = EDGE_LOOP ( 'NONE', ( #3041, #1831, #822, #876, #24, #555 ) ) ;
#832 = EDGE_CURVE ( 'NONE', #2845, #3188, #2846, .T. ) ;
#833 = VECTOR ( 'NONE', #722, 1000.000000000000000 ) ;
#834 = DIRECTION ( 'NONE',  ( -0.000000000000000000, -1.000000000000000000, -0.000000000000000000 ) ) ;
#835 = CARTESIAN_POINT ( 'NONE',  ( 40.00000000000000000, 0.000000000000000000, -75.00000000000001421 ) ) ;
#836 = ORIENTED_EDGE ( 'NONE', *, *, #3293, .F. ) ;
#837 = CARTESIAN_POINT ( 'NONE',  ( 193.6506350946110615, 19.42617797022816717, -29.82050807568894513 ) ) ;
#838 = AXIS2_PLACEMENT_3D ( 'NONE', #373, #356, #1422 ) ;
#839 = PLANE ( 'NONE',  #1792 ) ;
#840 = ORIENTED_EDGE ( 'NONE', *, *, #3178, .F. ) ;
#841 = CARTESIAN_POINT ( 'NONE',  ( 226.9163336986830757, 20.55063509461093929, -52.20262794416304075 ) ) ;
#842 = VERTEX_POINT ( 'NONE', #3105 ) ;
#843 = DIRECTION ( 'NONE',  ( 0.000000000000000000, -0.000000000000000000, -1.000000000000000000 ) ) ;
#844 = VERTEX_POINT ( 'NONE', #2555 ) ;
#845 = CARTESIAN_POINT ( 'NONE',  ( 182.8253175473055876, -103.3012701892218672, -48.57050807568885631 ) ) ;
#846 = AXIS2_PLACEMENT_3D ( 'NONE', #3358, #426, #2527 ) ;
#847 = PLANE ( 'NONE',  #1345 ) ;
#848 = ORIENTED_EDGE ( 'NONE', *, *, #858, .T. ) ;
#849 = DIRECTION ( 'NONE',  ( 2.891205793294678819E-16, -1.000000000000000000, -0.000000000000000000 ) ) ;
#850 = CARTESIAN_POINT ( 'NONE',  ( 160.0000000000000000, -4.999999999999957367, -54.61880215351699519 ) ) ;
#851 = ORIENTED_EDGE ( 'NONE', *, *, #2298, .T. ) ;
#852 = DIRECTION ( 'NONE',  ( -0.5000000000000015543, 0.000000000000000000, -0.8660254037844378194 ) ) ;
#853 = CARTESIAN_POINT ( 'NONE',  ( 179.9422863405993382, -44.99999999999993605, -45.00000000000000711 ) ) ;
#854 = EDGE_CURVE ( 'NONE', #663, #1789, #1790, .T. ) ;
#855 = ORIENTED_EDGE ( 'NONE', *, *, #3160, .F. ) ;
#856 = DIRECTION ( 'NONE',  ( 0.000000000000000000, -0.000000000000000000, 1.000000000000000000 ) ) ;
#857 = EDGE_LOOP ( 'NONE', ( #1380, #3208, #468, #1206 ) ) ;
#858 = EDGE_CURVE ( 'NONE', #3046, #3243, #2812, .T. ) ;
#859 = VECTOR ( 'NONE', #1659, 1000.000000000000000 ) ;
#860 = CARTESIAN_POINT ( 'NONE',  ( 193.6506350946110331, -19.99999999999996092, -29.82050807568893447 ) ) ;
#861 = EDGE_LOOP ( 'NONE', ( #3238, #377, #1302, #2273 ) ) ;
#862 = LINE ( 'NONE', #2155, #859 ) ;
#863 = AXIS2_PLACEMENT_3D ( 'NONE', #1811, #1014, #1829 ) ;
#864 = DIRECTION ( 'NONE',  ( 0.5000000000000012212, -0.000000000000000000, 0.8660254037844380415 ) ) ;
#865 = ORIENTED_EDGE ( 'NONE', *, *, #1828, .F. ) ;
#866 = DIRECTION ( 'NONE',  ( 0.5000000000000006661, 0.000000000000000000, 0.8660254037844382635 ) ) ;
#867 = LINE ( 'NONE', #659, #2327 ) ;
#868 = ORIENTED_EDGE ( 'NONE', *, *, #3011, .T. ) ;
#869 = CARTESIAN_POINT ( 'NONE',  ( 206.6410161513775847, -30.00000000000002842, -87.32050807568884920 ) ) ;
#870 = LINE ( 'NONE', #1927, #2843 ) ;
#871 = ORIENTED_EDGE ( 'NONE', *, *, #3309, .F. ) ;
#872 = PLANE ( 'NONE',  #732 ) ;
#873 = EDGE_LOOP ( 'NONE', ( #1373, #1205, #575, #2075 ) ) ;
#874 = AXIS2_PLACEMENT_3D ( 'NONE', #2566, #1785, #1805 ) ;
#875 = FACE_OUTER_BOUND ( 'NONE', #254, .T. ) ;
#876 = ORIENTED_EDGE ( 'NONE', *, *, #2107, .F. ) ;
#877 = CARTESIAN_POINT ( 'NONE',  ( 1.387778780781445676E-14, -50.00000000000000000, -50.00000000000000000 ) ) ;
#878 = DIRECTION ( 'NONE',  ( 0.8660254037844378194, 0.000000000000000000, -0.5000000000000015543 ) ) ;
#879 = ORIENTED_EDGE ( 'NONE', *, *, #2077, .T. ) ;
#880 = EDGE_CURVE ( 'NONE', #916, #320, #2505, .T. ) ;
#881 = VECTOR ( 'NONE', #3226, 1000.000000000000227 ) ;
#882 = DIRECTION ( 'NONE',  ( 0.5000000000000011102, -0.000000000000000000, 0.8660254037844380415 ) ) ;
#883 = MECHANICAL_DESIGN_GEOMETRIC_PRESENTATION_REPRESENTATION (  '', ( #1881 ), #2819 ) ;
#884 = CARTESIAN_POINT ( 'NONE',  ( 221.7414727845688560, -81.30127018922186721, -21.16574996951136356 ) ) ;
#885 = FACE_OUTER_BOUND ( 'NONE', #899, .T. ) ;
#886 = CARTESIAN_POINT ( 'NONE',  ( 172.0000000000000568, 23.30127018922184590, -67.32050807568880657 ) ) ;
#887 = VERTEX_POINT ( 'NONE', #1503 ) ;
#888 = ADVANCED_FACE ( 'NONE', ( #2571 ), #177, .F. ) ;
#889 = FACE_OUTER_BOUND ( 'NONE', #488, .T. ) ;
#890 = EDGE_LOOP ( 'NONE', ( #1312, #163, #180, #1058 ) ) ;
#891 = DIRECTION ( 'NONE',  ( -1.000000000000000000, -2.775557561562891351E-16, 0.000000000000000000 ) ) ;
#892 = ORIENTED_EDGE ( 'NONE', *, *, #634, .T. ) ;
#893 = DIRECTION ( 'NONE',  ( -0.5000000000000016653, 0.000000000000000000, -0.8660254037844375974 ) ) ;
#894 = DIRECTION ( 'NONE',  ( 0.8660254037844380415, 0.000000000000000000, -0.5000000000000014433 ) ) ;
#895 = UNCERTAINTY_MEASURE_WITH_UNIT (LENGTH_MEASURE( 1.000000000000000082E-05 ), #384, 'distance_accuracy_value', 'NONE');
#896 = EDGE_CURVE ( 'NONE', #2902, #2084, #2065, .T. ) ;
#897 = DIRECTION ( 'NONE',  ( -0.8660254037844378194, 0.000000000000000000, 0.5000000000000015543 ) ) ;
#898 = EDGE_CURVE ( 'NONE', #949, #1928, #2600, .T. ) ;
#899 = EDGE_LOOP ( 'NONE', ( #1221, #1544, #2133, #1739 ) ) ;
#900 = VECTOR ( 'NONE', #2965, 1000.000000000000000 ) ;
#901 = CARTESIAN_POINT ( 'NONE',  ( 208.8060796608386909, -103.3012701892218672, -63.57050807568888473 ) ) ;
#902 = AXIS2_PLACEMENT_3D ( 'NONE', #549, #268, #2076 ) ;
#903 = SURFACE_STYLE_FILL_AREA ( #3270 ) ;
#904 = CARTESIAN_POINT ( 'NONE',  ( -1.460399282160823597, -92.53960071783870944, -37.07920143567829285 ) ) ;
#905 = ORIENTED_EDGE ( 'NONE', *, *, #2546, .F. ) ;
#906 = CARTESIAN_POINT ( 'NONE',  ( -19.99999999999998579, -50.00000000000000711, -70.00000000000000000 ) ) ;
#907 = VERTEX_POINT ( 'NONE', #1773 ) ;
#908 = ORIENTED_EDGE ( 'NONE', *, *, #2611, .F. ) ;
#909 = EDGE_CURVE ( 'NONE', #2420, #2589, #1809, .T. ) ;
#910 = AXIS2_PLACEMENT_3D ( 'NONE', #1098, #2149, #2378 ) ;
#911 = ORIENTED_EDGE ( 'NONE', *, *, #2200, .F. ) ;
#912 = DIRECTION ( 'NONE',  ( -0.5000000000000016653, 0.000000000000000000, -0.8660254037844378194 ) ) ;
#913 = CARTESIAN_POINT ( 'NONE',  ( 235.3138707406113781, -128.3012701892218672, 42.34233287089818276 ) ) ;
#914 = VECTOR ( 'NONE', #147, 1000.000000000000000 ) ;
#915 = FACE_OUTER_BOUND ( 'NONE', #3040, .T. ) ;
#916 = VERTEX_POINT ( 'NONE', #1289 ) ;
#917 = EDGE_LOOP ( 'NONE', ( #638, #414, #1707 ) ) ;
#918 = VECTOR ( 'NONE', #1727, 999.9999999999997726 ) ;
#919 = PLANE ( 'NONE',  #1287 ) ;
#920 = DIRECTION ( 'NONE',  ( 0.000000000000000000, 1.000000000000000000, 0.000000000000000000 ) ) ;
#921 = LINE ( 'NONE', #99, #517 ) ;
#922 = DIRECTION ( 'NONE',  ( 0.000000000000000000, 0.000000000000000000, -1.000000000000000000 ) ) ;
#923 = ORIENTED_EDGE ( 'NONE', *, *, #2415, .F. ) ;
#924 = CARTESIAN_POINT ( 'NONE',  ( 130.0000000000000000, 0.000000000000000000, -20.57084224863302779 ) ) ;
#925 = ORIENTED_EDGE ( 'NONE', *, *, #2825, .F. ) ;
#926 = ORIENTED_EDGE ( 'NONE', *, *, #2815, .F. ) ;
#927 = VERTEX_POINT ( 'NONE', #2344 ) ;
#928 = CARTESIAN_POINT ( 'NONE',  ( -20.00000000000000000, -5.782411586589358033E-15, -69.00000000000002842 ) ) ;
#929 = DIRECTION ( 'NONE',  ( 0.000000000000000000, 0.000000000000000000, 1.000000000000000000 ) ) ;
#930 = DIRECTION ( 'NONE',  ( -1.000000000000000000, -0.000000000000000000, -0.000000000000000000 ) ) ;
#931 = ORIENTED_EDGE ( 'NONE', *, *, #1447, .F. ) ;
#932 = VERTEX_POINT ( 'NONE', #2031 ) ;
#933 = ADVANCED_FACE ( 'NONE', ( #1307 ), #2101, .T. ) ;
#934 = PLANE ( 'NONE',  #2609 ) ;
#935 =( NAMED_UNIT ( * ) PLANE_ANGLE_UNIT ( ) SI_UNIT ( $, .RADIAN. ) );
#936 = VECTOR ( 'NONE', #856, 1000.000000000000000 ) ;
#937 = VECTOR ( 'NONE', #2345, 1000.000000000000000 ) ;
#938 = VECTOR ( 'NONE', #1155, 1000.000000000000000 ) ;
#939 = DIRECTION ( 'NONE',  ( 0.000000000000000000, -0.000000000000000000, -1.000000000000000000 ) ) ;
#940 = VERTEX_POINT ( 'NONE', #2361 ) ;
#941 = CARTESIAN_POINT ( 'NONE',  ( 187.0035207775812012, -103.3012701892218672, -57.33364779650338505 ) ) ;
#942 = ORIENTED_EDGE ( 'NONE', *, *, #557, .T. ) ;
#943 = CARTESIAN_POINT ( 'NONE',  ( 172.0000000000000568, -90.80127018922182458, -67.32050807568882078 ) ) ;
#944 = ORIENTED_EDGE ( 'NONE', *, *, #1726, .F. ) ;
#945 = DIRECTION ( 'NONE',  ( 0.000000000000000000, 0.000000000000000000, 1.000000000000000000 ) ) ;
#946 = LINE ( 'NONE', #670, #3201 ) ;
#947 = DIRECTION ( 'NONE',  ( -2.891205793294678819E-16, 1.000000000000000000, 0.000000000000000000 ) ) ;
#948 = EDGE_LOOP ( 'NONE', ( #2974, #423, #2608, #565, #698, #1778 ) ) ;
#949 = VERTEX_POINT ( 'NONE', #3155 ) ;
#950 = EDGE_CURVE ( 'NONE', #1083, #2617, #3086, .T. ) ;
#951 = CARTESIAN_POINT ( 'NONE',  ( 130.0000000000000000, -128.3022701892218436, -20.57084224863302779 ) ) ;
#952 = VECTOR ( 'NONE', #2213, 1000.000000000000114 ) ;
#953 = CARTESIAN_POINT ( 'NONE',  ( 200.2535207775812296, -103.3012701892218672, -34.38397459621576502 ) ) ;
#954 = ORIENTED_EDGE ( 'NONE', *, *, #2546, .T. ) ;
#955 = CARTESIAN_POINT ( 'NONE',  ( 123.6368774458309048, -17.24936490538906142, 1.652291233283260885 ) ) ;
#956 = VERTEX_POINT ( 'NONE', #1520 ) ;
#957 = EDGE_CURVE ( 'NONE', #2181, #2882, #2311, .T. ) ;
#958 = ADVANCED_FACE ( 'NONE', ( #2049 ), #2354, .T. ) ;
#959 = AXIS2_PLACEMENT_3D ( 'NONE', #20, #51, #1084 ) ;
#960 = CARTESIAN_POINT ( 'NONE',  ( 192.2753175473055762, 20.55063509461093929, -32.20262794416299812 ) ) ;
#961 = EDGE_CURVE ( 'NONE', #309, #3154, #1130, .T. ) ;
#962 = ORIENTED_EDGE ( 'NONE', *, *, #3360, .T. ) ;
#963 = EDGE_CURVE ( 'NONE', #1626, #1463, #1598, .T. ) ;
#964 = LINE ( 'NONE', #1987, #1605 ) ;
#965 = EDGE_CURVE ( 'NONE', #3328, #2035, #2933, .T. ) ;
#966 = DIRECTION ( 'NONE',  ( 1.000000000000000000, 0.000000000000000000, -8.673617379884034239E-17 ) ) ;
#967 = LINE ( 'NONE', #2005, #1361 ) ;
#968 = ORIENTED_EDGE ( 'NONE', *, *, #2453, .T. ) ;
#969 = VERTEX_POINT ( 'NONE', #869 ) ;
#970 = CIRCLE ( 'NONE', #2347, 20.99999999999998224 ) ;
#971 = DIRECTION ( 'NONE',  ( 1.000000000000000000, 0.000000000000000000, 0.000000000000000000 ) ) ;
#972 = DIRECTION ( 'NONE',  ( -0.5000000000000018874, 0.000000000000000000, -0.8660254037844375974 ) ) ;
#973 = CARTESIAN_POINT ( 'NONE',  ( 208.8060796608386909, -103.3012701892218672, -63.57050807568888473 ) ) ;
#974 = ORIENTED_EDGE ( 'NONE', *, *, #2547, .T. ) ;
#975 = EDGE_CURVE ( 'NONE', #309, #2323, #2424, .T. ) ;
#976 = ORIENTED_EDGE ( 'NONE', *, *, #1026, .T. ) ;
#977 = CARTESIAN_POINT ( 'NONE',  ( 173.3753175473055705, -17.24936490538906142, -64.93838820721475713 ) ) ;
#978 = CARTESIAN_POINT ( 'NONE',  ( 176.8881465037866576, -81.30127018922183879, -58.85398997629042128 ) ) ;
#979 = CARTESIAN_POINT ( 'NONE',  ( -19.99999999999997868, -75.00000000000001421, -70.00000000000000000 ) ) ;
#980 = VERTEX_POINT ( 'NONE', #47 ) ;
#981 = ORIENTED_EDGE ( 'NONE', *, *, #909, .F. ) ;
#982 = LINE ( 'NONE', #2236, #3232 ) ;
#983 = VECTOR ( 'NONE', #2013, 1000.000000000000000 ) ;
#984 = CARTESIAN_POINT ( 'NONE',  ( -20.00000000000000000, -5.782411586589358033E-15, 0.000000000000000000 ) ) ;
#985 = EDGE_CURVE ( 'NONE', #1678, #1786, #1392, .T. ) ;
#986 = VECTOR ( 'NONE', #1593, 1000.000000000000000 ) ;
#987 = CARTESIAN_POINT ( 'NONE',  ( 167.1942126785861547, -90.50453814755927340, -58.77238278010615602 ) ) ;
#988 = PLANE ( 'NONE',  #874 ) ;
#989 = ORIENTED_EDGE ( 'NONE', *, *, #87, .T. ) ;
#990 = AXIS2_PLACEMENT_3D ( 'NONE', #1140, #894, #3006 ) ;
#991 = EDGE_CURVE ( 'NONE', #770, #2479, #2268, .T. ) ;
#992 = VERTEX_POINT ( 'NONE', #2148 ) ;
#993 = VECTOR ( 'NONE', #994, 1000.000000000000114 ) ;
#994 = DIRECTION ( 'NONE',  ( -0.2961981327260195807, 0.9396926207859100932, 0.1710100716628323858 ) ) ;
#995 = DIRECTION ( 'NONE',  ( -1.000000000000000000, 0.000000000000000000, -0.000000000000000000 ) ) ;
#996 = FACE_OUTER_BOUND ( 'NONE', #3313, .T. ) ;
#997 = ORIENTED_EDGE ( 'NONE', *, *, #1710, .T. ) ;
#998 = ORIENTED_EDGE ( 'NONE', *, *, #950, .T. ) ;
#999 = FACE_BOUND ( 'NONE', #3337, .T. ) ;
#1000 = ADVANCED_FACE ( 'NONE', ( #1858 ), #2668, .T. ) ;
#1001 = VECTOR ( 'NONE', #2930, 1000.000000000000000 ) ;
#1002 = EDGE_CURVE ( 'NONE', #2165, #1716, #1112, .T. ) ;
#1003 = CARTESIAN_POINT ( 'NONE',  ( 148.8301270189222691, -5.000000000000000000, -48.16987298107780191 ) ) ;
#1004 = DIRECTION ( 'NONE',  ( -0.8660254037844379305, 0.000000000000000000, 0.5000000000000011102 ) ) ;
#1005 = ORIENTED_EDGE ( 'NONE', *, *, #471, .T. ) ;
#1006 = CARTESIAN_POINT ( 'NONE',  ( 40.00000000000000000, -10.00000000000000000, -15.57084224863302424 ) ) ;
#1007 = VECTOR ( 'NONE', #1765, 1000.000000000000000 ) ;
#1008 = EDGE_CURVE ( 'NONE', #2357, #1795, #1652, .T. ) ;
#1009 = EDGE_LOOP ( 'NONE', ( #1080, #2597, #1947, #110, #1278, #720 ) ) ;
#1010 = VECTOR ( 'NONE', #397, 1000.000000000000000 ) ;
#1011 = DIRECTION ( 'NONE',  ( -0.5000000000000015543, 0.000000000000000000, -0.8660254037844378194 ) ) ;
#1012 = EDGE_CURVE ( 'NONE', #2550, #727, #3189, .T. ) ;
#1013 = CARTESIAN_POINT ( 'NONE',  ( 147.3188547966613555, 0.000000000000000000, -53.07084224863293542 ) ) ;
#1014 = DIRECTION ( 'NONE',  ( 0.8660254037844379305, 0.000000000000000000, -0.5000000000000014433 ) ) ;
#1015 = ORIENTED_EDGE ( 'NONE', *, *, #1067, .T. ) ;
#1016 = ORIENTED_EDGE ( 'NONE', *, *, #235, .T. ) ;
#1017 = CARTESIAN_POINT ( 'NONE',  ( -19.99999999999997868, -74.00000000000007105, 0.000000000000000000 ) ) ;
#1018 = VECTOR ( 'NONE', #342, 1000.000000000000000 ) ;
#1019 = CARTESIAN_POINT ( 'NONE',  ( 40.00000000000000000, 0.000000000000000000, -75.00000000000001421 ) ) ;
#1020 = AXIS2_PLACEMENT_3D ( 'NONE', #217, #3404, #778 ) ;
#1021 = CARTESIAN_POINT ( 'NONE',  ( 13.84936490538918186, -134.8518645242728269, 23.98780366869532088 ) ) ;
#1022 = DIRECTION ( 'NONE',  ( -1.000000000000000000, 0.000000000000000000, -4.814824860968089085E-32 ) ) ;
#1023 = ORIENTED_EDGE ( 'NONE', *, *, #2283, .T. ) ;
#1024 = DIRECTION ( 'NONE',  ( -0.8660254037844380415, -0.000000000000000000, 0.5000000000000011102 ) ) ;
#1025 = AXIS2_PLACEMENT_3D ( 'NONE', #1211, #1776, #792 ) ;
#1026 = EDGE_CURVE ( 'NONE', #2079, #279, #1874, .T. ) ;
#1027 = FACE_OUTER_BOUND ( 'NONE', #1203, .T. ) ;
#1028 = EDGE_LOOP ( 'NONE', ( #515, #2654, #1319, #1569 ) ) ;
#1029 = DIRECTION ( 'NONE',  ( 0.8660254037844380415, -4.842171946378971851E-16, -0.5000000000000012212 ) ) ;
#1030 = ADVANCED_FACE ( 'NONE', ( #2410 ), #3223, .F. ) ;
#1031 = LINE ( 'NONE', #790, #375 ) ;
#1032 = PLANE ( 'NONE',  #1640 ) ;
#1033 = ORIENTED_EDGE ( 'NONE', *, *, #2867, .T. ) ;
#1034 = ORIENTED_EDGE ( 'NONE', *, *, #2815, .T. ) ;
#1035 = CARTESIAN_POINT ( 'NONE',  ( 0.000000000000000000, 0.000000000000000000, -50.00000000000000000 ) ) ;
#1036 = CARTESIAN_POINT ( 'NONE',  ( 40.00000000000000711, 1.110223024625156225E-14, -75.00000000000001421 ) ) ;
#1037 = CARTESIAN_POINT ( 'NONE',  ( 228.2916512459885610, -73.30127018922186721, -49.82050807568897710 ) ) ;
#1038 = VECTOR ( 'NONE', #1543, 1000.000000000000227 ) ;
#1039 = CARTESIAN_POINT ( 'NONE',  ( 226.9163336986830757, 20.55063509461093929, -52.20262794416304075 ) ) ;
#1040 = DIRECTION ( 'NONE',  ( -0.8660254037844380415, -0.000000000000000000, 0.5000000000000011102 ) ) ;
#1041 = ORIENTED_EDGE ( 'NONE', *, *, #134, .T. ) ;
#1042 = LINE ( 'NONE', #1807, #1994 ) ;
#1043 = CARTESIAN_POINT ( 'NONE',  ( 204.4209647088800921, -81.30127018922185300, -11.16574996951135645 ) ) ;
#1044 = ORIENTED_EDGE ( 'NONE', *, *, #463, .F. ) ;
#1045 = DIRECTION ( 'NONE',  ( 0.000000000000000000, -1.000000000000000000, 0.000000000000000000 ) ) ;
#1046 = CARTESIAN_POINT ( 'NONE',  ( 210.7396094769496528, 21.28656459225767605, -20.57084224863302424 ) ) ;
#1047 = VECTOR ( 'NONE', #687, 1000.000000000000000 ) ;
#1048 = VECTOR ( 'NONE', #2262, 1000.000000000000000 ) ;
#1049 = CARTESIAN_POINT ( 'NONE',  ( 186.0538309550454699, -98.88735236914850191, -21.56697770124850422 ) ) ;
#1050 = ORIENTED_EDGE ( 'NONE', *, *, #2775, .T. ) ;
#1051 = ORIENTED_EDGE ( 'NONE', *, *, #1109, .F. ) ;
#1052 = DIRECTION ( 'NONE',  ( 0.8660254037844380415, 0.000000000000000000, -0.5000000000000014433 ) ) ;
#1053 = DIRECTION ( 'NONE',  ( -0.5000000000000009992, 0.000000000000000000, -0.8660254037844380415 ) ) ;
#1054 = ORIENTED_EDGE ( 'NONE', *, *, #1683, .T. ) ;
#1055 = EDGE_CURVE ( 'NONE', #3126, #2167, #2441, .T. ) ;
#1056 = DIRECTION ( 'NONE',  ( 0.000000000000000000, 0.000000000000000000, 1.000000000000000000 ) ) ;
#1057 = CARTESIAN_POINT ( 'NONE',  ( 0.000000000000000000, 0.000000000000000000, -50.00000000000000000 ) ) ;
#1058 = ORIENTED_EDGE ( 'NONE', *, *, #2480, .T. ) ;
#1059 = LINE ( 'NONE', #1164, #1248 ) ;
#1060 = CARTESIAN_POINT ( 'NONE',  ( 169.0531557454425240, -103.3012701892218672, -64.86785805802442439 ) ) ;
#1061 = ORIENTED_EDGE ( 'NONE', *, *, #1687, .F. ) ;
#1062 = LINE ( 'NONE', #592, #1494 ) ;
#1063 = AXIS2_PLACEMENT_3D ( 'NONE', #1387, #1628, #2730 ) ;
#1064 = CARTESIAN_POINT ( 'NONE',  ( -19.99999999999998579, -50.99999999999995737, -69.00000000000005684 ) ) ;
#1065 = EDGE_CURVE ( 'NONE', #1891, #1789, #62, .T. ) ;
#1066 = EDGE_CURVE ( 'NONE', #844, #152, #2685, .T. ) ;
#1067 = EDGE_CURVE ( 'NONE', #2712, #3243, #2392, .T. ) ;
#1068 = VECTOR ( 'NONE', #1266, 1000.000000000000114 ) ;
#1069 = EDGE_CURVE ( 'NONE', #2575, #2095, #3211, .T. ) ;
#1070 = CARTESIAN_POINT ( 'NONE',  ( 0.000000000000000000, 0.000000000000000000, -50.00000000000000000 ) ) ;
#1071 = EDGE_LOOP ( 'NONE', ( #892, #115, #2865, #10, #3306, #3225 ) ) ;
#1072 = FACE_OUTER_BOUND ( 'NONE', #681, .T. ) ;
#1073 = EDGE_CURVE ( 'NONE', #5, #2220, #1059, .T. ) ;
#1074 = DIRECTION ( 'NONE',  ( -0.8660254037844379305, 0.000000000000000000, 0.5000000000000014433 ) ) ;
#1075 = AXIS2_PLACEMENT_3D ( 'NONE', #3000, #378, #1427 ) ;
#1076 = ORIENTED_EDGE ( 'NONE', *, *, #1118, .F. ) ;
#1077 = VECTOR ( 'NONE', #2686, 1000.000000000000000 ) ;
#1078 = LINE ( 'NONE', #2910, #791 ) ;
#1079 = DIRECTION ( 'NONE',  ( -2.003086131649556119E-17, 1.000000000000000000, -3.469446951953617270E-17 ) ) ;
#1080 = ORIENTED_EDGE ( 'NONE', *, *, #1376, .T. ) ;
#1081 = CARTESIAN_POINT ( 'NONE',  ( 203.2055042747030598, -153.3012701892218956, -31.46950090940534039 ) ) ;
#1082 = LINE ( 'NONE', #554, #1570 ) ;
#1083 = VERTEX_POINT ( 'NONE', #1263 ) ;
#1084 = DIRECTION ( 'NONE',  ( 2.891205793294679312E-16, -1.000000000000000000, 0.000000000000000000 ) ) ;
#1085 = DIRECTION ( 'NONE',  ( 1.000000000000000000, 2.891205793294678819E-16, -0.000000000000000000 ) ) ;
#1086 = ADVANCED_FACE ( 'NONE', ( #885 ), #1509, .T. ) ;
#1087 = EDGE_CURVE ( 'NONE', #2732, #2429, #660, .T. ) ;
#1088 = CARTESIAN_POINT ( 'NONE',  ( 129.5350412241866422, -66.15063509461094782, -1.060194888847364236 ) ) ;
#1089 = ORIENTED_EDGE ( 'NONE', *, *, #2124, .T. ) ;
#1090 = FACE_OUTER_BOUND ( 'NONE', #2987, .T. ) ;
#1091 = CARTESIAN_POINT ( 'NONE',  ( 192.2753175473055478, 0.000000000000000000, -32.20262794416299101 ) ) ;
#1092 = FACE_BOUND ( 'NONE', #743, .T. ) ;
#1093 = LINE ( 'NONE', #1580, #2562 ) ;
#1094 = ADVANCED_FACE ( 'NONE', ( #2853 ), #622, .T. ) ;
#1095 = DIRECTION ( 'NONE',  ( -1.000000000000000000, -2.775557561562891844E-16, 0.000000000000000000 ) ) ;
#1096 = ORIENTED_EDGE ( 'NONE', *, *, #3095, .F. ) ;
#1097 = DIRECTION ( 'NONE',  ( -0.5000000000000005551, 0.000000000000000000, -0.8660254037844382635 ) ) ;
#1098 = CARTESIAN_POINT ( 'NONE',  ( 208.8060796608386909, -103.3012701892218672, -63.57050807568888473 ) ) ;
#1099 = VERTEX_POINT ( 'NONE', #2197 ) ;
#1100 = DIRECTION ( 'NONE',  ( 0.6704553245517346216, 0.6329714662133695269, -0.3870875621095634656 ) ) ;
#1101 = PLANE ( 'NONE',  #245 ) ;
#1102 = ORIENTED_EDGE ( 'NONE', *, *, #394, .T. ) ;
#1103 = CARTESIAN_POINT ( 'NONE',  ( 160.0000000000000000, -44.99999999999996447, -70.00000000000000000 ) ) ;
#1104 = VECTOR ( 'NONE', #2096, 1000.000000000000000 ) ;
#1105 = FACE_OUTER_BOUND ( 'NONE', #2063, .T. ) ;
#1106 = ORIENTED_EDGE ( 'NONE', *, *, #3178, .T. ) ;
#1107 = EDGE_CURVE ( 'NONE', #2185, #320, #1182, .T. ) ;
#1108 = CARTESIAN_POINT ( 'NONE',  ( 3.673940397442067066E-15, -39.99999999999995026, -87.32150807568886819 ) ) ;
#1109 = EDGE_CURVE ( 'NONE', #2732, #1272, #2215, .T. ) ;
#1110 = CARTESIAN_POINT ( 'NONE',  ( 172.0740607132333366, 0.000000000000000000, -19.67266812516900032 ) ) ;
#1111 = EDGE_LOOP ( 'NONE', ( #1050, #1465, #1502, #2784, #1404, #2240, #200 ) ) ;
#1112 = LINE ( 'NONE', #1358, #3147 ) ;
#1113 = AXIS2_PLACEMENT_3D ( 'NONE', #3237, #920, #2714 ) ;
#1114 = DIRECTION ( 'NONE',  ( 0.5000000000000014433, 0.000000000000000000, 0.8660254037844379305 ) ) ;
#1115 = ORIENTED_EDGE ( 'NONE', *, *, #1250, .F. ) ;
#1116 = CARTESIAN_POINT ( 'NONE',  ( 192.2753175473055762, -17.24936490538906142, -32.20262794416299812 ) ) ;
#1117 = ORIENTED_EDGE ( 'NONE', *, *, #285, .F. ) ;
#1118 = EDGE_CURVE ( 'NONE', #932, #1658, #728, .T. ) ;
#1119 = ADVANCED_BREP_SHAPE_REPRESENTATION ( 'out', ( #680, #1796, #191 ), #2791 ) ;
#1120 = CARTESIAN_POINT ( 'NONE',  ( -20.00000000000000000, -5.782411586589358033E-15, -55.61880215351697387 ) ) ;
#1121 = ORIENTED_EDGE ( 'NONE', *, *, #3083, .T. ) ;
#1122 = LINE ( 'NONE', #350, #2592 ) ;
#1123 = AXIS2_PLACEMENT_3D ( 'NONE', #951, #971, #2009 ) ;
#1124 = CARTESIAN_POINT ( 'NONE',  ( 227.2163336986830871, -32.15063509461094782, -51.68301270189237329 ) ) ;
#1125 = ORIENTED_EDGE ( 'NONE', *, *, #1321, .T. ) ;
#1126 = VECTOR ( 'NONE', #1167, 1000.000000000000000 ) ;
#1127 = DIRECTION ( 'NONE',  ( -0.8660254037844381525, 6.938893903907235280E-16, 0.5000000000000008882 ) ) ;
#1128 = CARTESIAN_POINT ( 'NONE',  ( 189.7753175473055478, -17.24936490538906142, -36.53275496308518910 ) ) ;
#1129 = ORIENTED_EDGE ( 'NONE', *, *, #1728, .F. ) ;
#1130 = LINE ( 'NONE', #837, #3093 ) ;
#1131 = VECTOR ( 'NONE', #1653, 1000.000000000000114 ) ;
#1132 = DIRECTION ( 'NONE',  ( 0.5000000000000011102, 0.000000000000000000, 0.8660254037844379305 ) ) ;
#1133 = ORIENTED_EDGE ( 'NONE', *, *, #2342, .T. ) ;
#1134 = CARTESIAN_POINT ( 'NONE',  ( 168.9694898912723033, -7.152267374425296922E-15, -15.57084224863301891 ) ) ;
#1135 = ORIENTED_EDGE ( 'NONE', *, *, #1232, .T. ) ;
#1136 = VECTOR ( 'NONE', #2472, 1000.000000000000000 ) ;
#1137 = DIRECTION ( 'NONE',  ( 1.000000000000000000, 0.000000000000000000, 4.814824860968089085E-32 ) ) ;
#1138 = EDGE_CURVE ( 'NONE', #2247, #1440, #2175, .T. ) ;
#1139 = VERTEX_POINT ( 'NONE', #121 ) ;
#1140 = CARTESIAN_POINT ( 'NONE',  ( 189.7535207775812012, -103.3012701892218672, -52.57050807568897710 ) ) ;
#1141 = VECTOR ( 'NONE', #166, 1000.000000000000000 ) ;
#1142 = PLANE ( 'NONE',  #1063 ) ;
#1143 = VERTEX_POINT ( 'NONE', #182 ) ;
#1144 = EDGE_CURVE ( 'NONE', #609, #402, #2037, .T. ) ;
#1145 = CARTESIAN_POINT ( 'NONE',  ( 40.00000000000000000, -50.00000000000000000, -75.00000000000001421 ) ) ;
#1146 = FACE_OUTER_BOUND ( 'NONE', #14, .T. ) ;
#1147 = CARTESIAN_POINT ( 'NONE',  ( -19.99999999999997868, -74.00000000000007105, -55.61880215351694545 ) ) ;
#1148 = CARTESIAN_POINT ( 'NONE',  ( 158.1506350946108057, -134.8518645242728269, -91.30831174438417008 ) ) ;
#1149 = ORIENTED_EDGE ( 'NONE', *, *, #16, .F. ) ;
#1150 = DIRECTION ( 'NONE',  ( 0.5000000000000011102, 0.000000000000000000, 0.8660254037844379305 ) ) ;
#1151 = EDGE_LOOP ( 'NONE', ( #1285, #1824, #2170, #1239 ) ) ;
#1152 = ADVANCED_FACE ( 'NONE', ( #1779, #999 ), #2056, .F. ) ;
#1153 = FACE_OUTER_BOUND ( 'NONE', #2806, .T. ) ;
#1154 = EDGE_LOOP ( 'NONE', ( #2147, #1999, #258, #1647, #1, #534, #2349 ) ) ;
#1155 = DIRECTION ( 'NONE',  ( 1.000000000000000000, 2.891205793294678819E-16, -0.000000000000000000 ) ) ;
#1156 = LINE ( 'NONE', #2677, #2760 ) ;
#1157 = CARTESIAN_POINT ( 'NONE',  ( 160.0000000000000000, 4.440892098500626162E-14, 0.000000000000000000 ) ) ;
#1158 = ORIENTED_EDGE ( 'NONE', *, *, #3157, .F. ) ;
#1159 = VECTOR ( 'NONE', #2781, 1000.000000000000000 ) ;
#1160 = PLANE ( 'NONE',  #11 ) ;
#1161 = VECTOR ( 'NONE', #3381, 1000.000000000000000 ) ;
#1162 = EDGE_CURVE ( 'NONE', #1245, #2963, #982, .T. ) ;
#1163 = DIRECTION ( 'NONE',  ( 0.000000000000000000, 0.000000000000000000, 1.000000000000000000 ) ) ;
#1164 = CARTESIAN_POINT ( 'NONE',  ( 173.0740607132333366, 0.000000000000000000, -17.94061731760012535 ) ) ;
#1165 = DIRECTION ( 'NONE',  ( 0.000000000000000000, -1.000000000000000000, 0.000000000000000000 ) ) ;
#1166 = VERTEX_POINT ( 'NONE', #2835 ) ;
#1167 = DIRECTION ( 'NONE',  ( -2.891205793294679312E-16, 1.000000000000000000, -0.000000000000000000 ) ) ;
#1168 = ORIENTED_EDGE ( 'NONE', *, *, #898, .F. ) ;
#1169 = VECTOR ( 'NONE', #1040, 1000.000000000000114 ) ;
#1170 = CARTESIAN_POINT ( 'NONE',  ( -1.734723475976807094E-14, 60.00000000000000000, -75.00000000000001421 ) ) ;
#1171 = VERTEX_POINT ( 'NONE', #3291 ) ;
#1172 = DIRECTION ( 'NONE',  ( 0.000000000000000000, -0.000000000000000000, 1.000000000000000000 ) ) ;
#1173 = LINE ( 'NONE', #1103, #1852 ) ;
#1174 = CARTESIAN_POINT ( 'NONE',  ( 1.249000902703301266E-14, -45.00000000000000711, -45.00000000000000711 ) ) ;
#1175 = VERTEX_POINT ( 'NONE', #1147 ) ;
#1176 = VERTEX_POINT ( 'NONE', #2738 ) ;
#1177 = EDGE_CURVE ( 'NONE', #1245, #1900, #357, .T. ) ;
#1178 = AXIS2_PLACEMENT_3D ( 'NONE', #811, #1074, #2108 ) ;
#1179 = FACE_OUTER_BOUND ( 'NONE', #716, .T. ) ;
#1180 = VECTOR ( 'NONE', #2929, 1000.000000000000114 ) ;
#1181 = FILL_AREA_STYLE_COLOUR ( '', #1280 ) ;
#1182 = LINE ( 'NONE', #1685, #2621 ) ;
#1183 = DIRECTION ( 'NONE',  ( 0.8660254037844379305, -0.000000000000000000, -0.5000000000000012212 ) ) ;
#1184 = ORIENTED_EDGE ( 'NONE', *, *, #1803, .F. ) ;
#1185 = CYLINDRICAL_SURFACE ( 'NONE', #421, 5.499999999999997335 ) ;
#1186 = ORIENTED_EDGE ( 'NONE', *, *, #2927, .F. ) ;
#1187 = VECTOR ( 'NONE', #769, 999.9999999999998863 ) ;
#1188 = DIRECTION ( 'NONE',  ( -1.000000000000000000, -2.775557561562891351E-16, 0.000000000000000000 ) ) ;
#1189 = ORIENTED_EDGE ( 'NONE', *, *, #896, .T. ) ;
#1190 = CARTESIAN_POINT ( 'NONE',  ( 0.000000000000000000, 0.000000000000000000, -70.00000000000000000 ) ) ;
#1191 = VECTOR ( 'NONE', #2106, 1000.000000000000114 ) ;
#1192 = EDGE_CURVE ( 'NONE', #2963, #2833, #2577, .T. ) ;
#1193 = CARTESIAN_POINT ( 'NONE',  ( 1.363145136744051166E-29, -10.00000000000000000, -15.57084224863302424 ) ) ;
#1194 = EDGE_CURVE ( 'NONE', #159, #949, #1540, .T. ) ;
#1195 = PRODUCT_DEFINITION_FORMATION_WITH_SPECIFIED_SOURCE ( '�', '', #3299, .NOT_KNOWN. ) ;
#1196 = CARTESIAN_POINT ( 'NONE',  ( 0.000000000000000000, 0.000000000000000000, -50.00000000000000000 ) ) ;
#1197 = ORIENTED_EDGE ( 'NONE', *, *, #2694, .F. ) ;
#1198 = ORIENTED_EDGE ( 'NONE', *, *, #2115, .T. ) ;
#1199 = VECTOR ( 'NONE', #1414, 1000.000000000000114 ) ;
#1200 = CARTESIAN_POINT ( 'NONE',  ( 1.249000902703301266E-14, -45.00000000000000711, -70.00000000000000000 ) ) ;
#1201 = PLANE ( 'NONE',  #838 ) ;
#1202 = DIRECTION ( 'NONE',  ( -0.5000000000000012212, 0.000000000000000000, -0.8660254037844380415 ) ) ;
#1203 = EDGE_LOOP ( 'NONE', ( #108, #1656 ) ) ;
#1204 = FACE_OUTER_BOUND ( 'NONE', #315, .T. ) ;
#1205 = ORIENTED_EDGE ( 'NONE', *, *, #1375, .F. ) ;
#1206 = ORIENTED_EDGE ( 'NONE', *, *, #1002, .F. ) ;
#1207 = DIRECTION ( 'NONE',  ( 0.5000000000000011102, -0.000000000000000000, 0.8660254037844379305 ) ) ;
#1208 = ORIENTED_EDGE ( 'NONE', *, *, #2469, .T. ) ;
#1209 = CARTESIAN_POINT ( 'NONE',  ( 219.3060796608386909, -103.3012701892218672, -45.38397459621568686 ) ) ;
#1210 = CARTESIAN_POINT ( 'NONE',  ( 90.00000000000000000, -4.999999999999973355, -20.57084224863302779 ) ) ;
#1211 = CARTESIAN_POINT ( 'NONE',  ( 192.7916512459884189, 0.000000000000000000, -111.3083117443842127 ) ) ;
#1212 = ORIENTED_EDGE ( 'NONE', *, *, #1701, .T. ) ;
#1213 = ORIENTED_EDGE ( 'NONE', *, *, #1863, .T. ) ;
#1214 = DIRECTION ( 'NONE',  ( 0.000000000000000000, -0.000000000000000000, -1.000000000000000000 ) ) ;
#1215 = FACE_OUTER_BOUND ( 'NONE', #496, .T. ) ;
#1216 = EDGE_CURVE ( 'NONE', #2012, #1884, #921, .T. ) ;
#1217 = VECTOR ( 'NONE', #1085, 1000.000000000000000 ) ;
#1218 = EDGE_CURVE ( 'NONE', #543, #3151, #2898, .T. ) ;
#1219 = AXIS2_PLACEMENT_3D ( 'NONE', #289, #1909, #589 ) ;
#1220 = DIRECTION ( 'NONE',  ( -0.8660254037844380415, -0.000000000000000000, 0.5000000000000011102 ) ) ;
#1221 = ORIENTED_EDGE ( 'NONE', *, *, #3265, .T. ) ;
#1222 = CARTESIAN_POINT ( 'NONE',  ( 1.445602896647339351E-14, -50.00000000000000000, -54.61880215351699519 ) ) ;
#1223 = EDGE_LOOP ( 'NONE', ( #2201, #2014, #1847, #1208, #2379, #2696 ) ) ;
#1224 = ORIENTED_EDGE ( 'NONE', *, *, #1478, .T. ) ;
#1225 = PLANE ( 'NONE',  #2098 ) ;
#1226 = LINE ( 'NONE', #1193, #1047 ) ;
#1227 = CARTESIAN_POINT ( 'NONE',  ( 172.0740607132333366, 0.000000000000000000, -19.67266812516900032 ) ) ;
#1228 = EDGE_LOOP ( 'NONE', ( #2301, #1772, #2330, #2055, #1525, #2383, #2858, #2896 ) ) ;
#1229 = ORIENTED_EDGE ( 'NONE', *, *, #450, .F. ) ;
#1230 = CARTESIAN_POINT ( 'NONE',  ( 1.445602896647339351E-14, -50.00000000000000000, -54.61880215351699519 ) ) ;
#1231 = AXIS2_PLACEMENT_3D ( 'NONE', #830, #2695, #1918 ) ;
#1232 = EDGE_CURVE ( 'NONE', #343, #663, #3014, .T. ) ;
#1233 = VECTOR ( 'NONE', #3391, 1000.000000000000000 ) ;
#1234 = CARTESIAN_POINT ( 'NONE',  ( 14.84936490538917830, 0.000000000000000000, 25.71985447626419585 ) ) ;
#1235 = ORIENTED_EDGE ( 'NONE', *, *, #33, .T. ) ;
#1236 = CARTESIAN_POINT ( 'NONE',  ( 3.673940397442067066E-15, -39.99999999999995026, -15.57084224863302424 ) ) ;
#1237 = EDGE_LOOP ( 'NONE', ( #3378, #611, #3025, #591, #2878, #2972, #2360, #2906, #1621, #865 ) ) ;
#1238 = DIRECTION ( 'NONE',  ( 0.7071067811865378028, 2.044391222244470994E-16, -0.7071067811865573427 ) ) ;
#1239 = ORIENTED_EDGE ( 'NONE', *, *, #3374, .T. ) ;
#1240 = CARTESIAN_POINT ( 'NONE',  ( -19.00000000000000000, -5.493291007259889658E-15, -54.61880215351699519 ) ) ;
#1241 = DIRECTION ( 'NONE',  ( -0.000000000000000000, -1.000000000000000000, -0.000000000000000000 ) ) ;
#1242 = AXIS2_PLACEMENT_3D ( 'NONE', #1839, #2358, #2892 ) ;
#1243 = EDGE_CURVE ( 'NONE', #3048, #956, #1849, .T. ) ;
#1244 = DIRECTION ( 'NONE',  ( 0.000000000000000000, -1.000000000000000000, 0.000000000000000000 ) ) ;
#1245 = VERTEX_POINT ( 'NONE', #2072 ) ;
#1246 = ORIENTED_EDGE ( 'NONE', *, *, #542, .F. ) ;
#1247 = DIRECTION ( 'NONE',  ( 0.000000000000000000, -1.000000000000000000, 0.000000000000000000 ) ) ;
#1248 = VECTOR ( 'NONE', #2996, 1000.000000000000114 ) ;
#1249 = CARTESIAN_POINT ( 'NONE',  ( 173.0753175473055308, -71.15063509461094782, -65.45800344948540328 ) ) ;
#1250 = EDGE_CURVE ( 'NONE', #2719, #2420, #1608, .T. ) ;
#1251 = LINE ( 'NONE', #2270, #2393 ) ;
#1252 = CARTESIAN_POINT ( 'NONE',  ( 178.4951905283833469, -103.3012701892218672, -46.07050807568884920 ) ) ;
#1253 = ORIENTED_EDGE ( 'NONE', *, *, #3186, .F. ) ;
#1254 = CARTESIAN_POINT ( 'NONE',  ( 165.4807621135332454, -45.00000000000000711, -19.33012701892226914 ) ) ;
#1255 = ORIENTED_EDGE ( 'NONE', *, *, #2057, .T. ) ;
#1256 = CARTESIAN_POINT ( 'NONE',  ( 186.4353452011001480, -94.20800488404960049, -28.14166696730104889 ) ) ;
#1257 = EDGE_CURVE ( 'NONE', #784, #1171, #2590, .T. ) ;
#1258 = CARTESIAN_POINT ( 'NONE',  ( 90.00000000000000000, 0.000000000000000000, -20.57084224863302424 ) ) ;
#1259 = ADVANCED_FACE ( 'NONE', ( #2402 ), #1885, .T. ) ;
#1260 = CARTESIAN_POINT ( 'NONE',  ( 192.5753175473055592, -71.15063509461094782, -31.68301270189232710 ) ) ;
#1261 = ORIENTED_EDGE ( 'NONE', *, *, #1576, .T. ) ;
#1262 = ORIENTED_EDGE ( 'NONE', *, *, #462, .T. ) ;
#1263 = CARTESIAN_POINT ( 'NONE',  ( 227.2163336986830871, -71.15063509461094782, -51.68301270189237329 ) ) ;
#1264 = DIRECTION ( 'NONE',  ( -0.000000000000000000, -1.000000000000000000, -0.000000000000000000 ) ) ;
#1265 = ADVANCED_FACE ( 'NONE', ( #1090 ), #2866, .T. ) ;
#1266 = DIRECTION ( 'NONE',  ( -0.5000000000000011102, 0.000000000000000000, -0.8660254037844379305 ) ) ;
#1267 = ADVANCED_FACE ( 'NONE', ( #2368 ), #2142, .T. ) ;
#1268 = LINE ( 'NONE', #2322, #1926 ) ;
#1269 = ORIENTED_EDGE ( 'NONE', *, *, #266, .F. ) ;
#1270 = CARTESIAN_POINT ( 'NONE',  ( 192.5753175473055592, -32.15063509461094782, -31.68301270189232710 ) ) ;
#1271 = VECTOR ( 'NONE', #1953, 1000.000000000000000 ) ;
#1272 = VERTEX_POINT ( 'NONE', #1590 ) ;
#1273 = CIRCLE ( 'NONE', #380, 5.499999999999997335 ) ;
#1274 = PLANE ( 'NONE',  #1386 ) ;
#1275 = CARTESIAN_POINT ( 'NONE',  ( 1.301693562071005800E-29, -4.689845312874844386E-14, -15.57084224863302424 ) ) ;
#1276 = CARTESIAN_POINT ( 'NONE',  ( 221.7414727845688560, -73.30127018922186721, -21.16574996951136356 ) ) ;
#1277 = ORIENTED_EDGE ( 'NONE', *, *, #1603, .T. ) ;
#1278 = ORIENTED_EDGE ( 'NONE', *, *, #2665, .F. ) ;
#1279 = DIRECTION ( 'NONE',  ( 0.000000000000000000, 0.000000000000000000, 1.000000000000000000 ) ) ;
#1280 = COLOUR_RGB ( '',0.7921568627450980005, 0.8196078431372548767, 0.9333333333333333481 ) ;
#1281 = CARTESIAN_POINT ( 'NONE',  ( -20.00000000000000000, -5.782411586589358033E-15, -70.00000000000000000 ) ) ;
#1282 = EDGE_CURVE ( 'NONE', #3188, #805, #1295, .T. ) ;
#1283 = DIRECTION ( 'NONE',  ( 0.000000000000000000, 1.000000000000000000, -3.469446951953617270E-17 ) ) ;
#1284 = LINE ( 'NONE', #2338, #1316 ) ;
#1285 = ORIENTED_EDGE ( 'NONE', *, *, #1576, .F. ) ;
#1286 = DIRECTION ( 'NONE',  ( -0.5000000000000012212, 0.000000000000000000, -0.8660254037844380415 ) ) ;
#1287 = AXIS2_PLACEMENT_3D ( 'NONE', #2042, #3042, #461 ) ;
#1288 = EDGE_LOOP ( 'NONE', ( #1724, #1851, #905, #871, #379, #385, #1734 ) ) ;
#1289 = CARTESIAN_POINT ( 'NONE',  ( 183.8448477731971593, -90.50453814755927340, -29.93263681795061970 ) ) ;
#1290 = CARTESIAN_POINT ( 'NONE',  ( 0.000000000000000000, 0.000000000000000000, -54.61880215351699519 ) ) ;
#1291 = DIRECTION ( 'NONE',  ( -0.5000000000000011102, -0.000000000000000000, -0.8660254037844379305 ) ) ;
#1292 = EDGE_CURVE ( 'NONE', #1993, #705, #2350, .T. ) ;
#1293 = ORIENTED_EDGE ( 'NONE', *, *, #642, .F. ) ;
#1294 = ORIENTED_EDGE ( 'NONE', *, *, #1292, .T. ) ;
#1295 = LINE ( 'NONE', #506, #2901 ) ;
#1296 = DIRECTION ( 'NONE',  ( -0.5000000000000011102, 0.000000000000000000, -0.8660254037844380415 ) ) ;
#1297 = LINE ( 'NONE', #1037, #1437 ) ;
#1298 = CIRCLE ( 'NONE', #990, 21.00000000000002842 ) ;
#1299 = DIRECTION ( 'NONE',  ( -0.5000000000000011102, 0.000000000000000000, -0.8660254037844379305 ) ) ;
#1300 = DIRECTION ( 'NONE',  ( 1.000000000000000000, 0.000000000000000000, 0.000000000000000000 ) ) ;
#1301 = CARTESIAN_POINT ( 'NONE',  ( 1.110223024625155278E-14, -39.99999999999995026, -20.57084224863302069 ) ) ;
#1302 = ORIENTED_EDGE ( 'NONE', *, *, #2962, .T. ) ;
#1303 = CARTESIAN_POINT ( 'NONE',  ( 228.2916512459885610, -30.00000000000002842, -49.82050807568897710 ) ) ;
#1304 = VECTOR ( 'NONE', #3258, 1000.000000000000114 ) ;
#1305 = CARTESIAN_POINT ( 'NONE',  ( 198.4137748154255689, -103.3012701892218672, -57.57050807568899131 ) ) ;
#1306 = ORIENTED_EDGE ( 'NONE', *, *, #963, .T. ) ;
#1307 = FACE_OUTER_BOUND ( 'NONE', #1434, .T. ) ;
#1308 = CARTESIAN_POINT ( 'NONE',  ( 0.000000000000000000, 0.000000000000000000, -54.61880215351699519 ) ) ;
#1309 = FACE_OUTER_BOUND ( 'NONE', #831, .T. ) ;
#1310 = EDGE_CURVE ( 'NONE', #3048, #1689, #2624, .T. ) ;
#1311 = ORIENTED_EDGE ( 'NONE', *, *, #2036, .F. ) ;
#1312 = ORIENTED_EDGE ( 'NONE', *, *, #2734, .F. ) ;
#1313 = CARTESIAN_POINT ( 'NONE',  ( 228.2916512459885894, -49.99999999999994316, -15.57084224863302246 ) ) ;
#1314 = FACE_OUTER_BOUND ( 'NONE', #873, .T. ) ;
#1315 = DIRECTION ( 'NONE',  ( -0.8660254037844380415, -0.000000000000000000, 0.5000000000000011102 ) ) ;
#1316 = VECTOR ( 'NONE', #1650, 999.9999999999998863 ) ;
#1317 = PLANE ( 'NONE',  #738 ) ;
#1318 = CARTESIAN_POINT ( 'NONE',  ( 212.0568914845059396, 19.42617797022817427, 2.060063168748155427 ) ) ;
#1319 = ORIENTED_EDGE ( 'NONE', *, *, #2438, .F. ) ;
#1320 = CARTESIAN_POINT ( 'NONE',  ( 1.387778780781446662E-15, -5.000000000000003553, -70.00000000000000000 ) ) ;
#1321 = EDGE_CURVE ( 'NONE', #776, #1729, #3164, .T. ) ;
#1322 = ADVANCED_FACE ( 'NONE', ( #827 ), #2606, .F. ) ;
#1323 = EDGE_CURVE ( 'NONE', #3311, #1539, #2019, .T. ) ;
#1324 = ADVANCED_FACE ( 'NONE', ( #2384 ), #762, .F. ) ;
#1325 = CARTESIAN_POINT ( 'NONE',  ( 193.6506350946110615, 19.42617797022816006, -29.82050807568895934 ) ) ;
#1326 = ORIENTED_EDGE ( 'NONE', *, *, #3103, .F. ) ;
#1327 = PLANE ( 'NONE',  #2426 ) ;
#1328 = EDGE_CURVE ( 'NONE', #1966, #2185, #2455, .T. ) ;
#1329 = CARTESIAN_POINT ( 'NONE',  ( 5.510910596163089556E-15, -85.00000000000000000, -75.00000000000001421 ) ) ;
#1330 = VECTOR ( 'NONE', #945, 1000.000000000000000 ) ;
#1331 = CARTESIAN_POINT ( 'NONE',  ( 217.0259105091364518, -5.000000000000000000, 69.94868888593960321 ) ) ;
#1332 = EDGE_LOOP ( 'NONE', ( #998, #1106, #2970, #2452 ) ) ;
#1333 = DIRECTION ( 'NONE',  ( -1.000000000000000000, -2.775557561562891844E-16, -0.000000000000000000 ) ) ;
#1334 = CARTESIAN_POINT ( 'NONE',  ( 191.8544572742419518, -110.5003793765713880, -30.61536824630109876 ) ) ;
#1335 = CARTESIAN_POINT ( 'NONE',  ( 192.7916512459884189, 2.926374607352154036E-14, -111.3083117443841701 ) ) ;
#1336 = FACE_OUTER_BOUND ( 'NONE', #81, .T. ) ;
#1337 = ADVANCED_FACE ( 'NONE', ( #1072 ), #2126, .F. ) ;
#1338 = CARTESIAN_POINT ( 'NONE',  ( 173.6979507887539853, -113.6822481884063194, -64.37957104081540649 ) ) ;
#1339 = ORIENTED_EDGE ( 'NONE', *, *, #679, .T. ) ;
#1340 = CARTESIAN_POINT ( 'NONE',  ( 162.4451308199080586, -103.3012701892218672, -65.67151524197232959 ) ) ;
#1341 = EDGE_CURVE ( 'NONE', #2755, #126, #2640, .T. ) ;
#1342 = CARTESIAN_POINT ( 'NONE',  ( 35.50000000000022737, 0.000000000000000000, 61.48780366869527825 ) ) ;
#1343 = VERTEX_POINT ( 'NONE', #1436 ) ;
#1344 = CARTESIAN_POINT ( 'NONE',  ( 193.6506350946110331, -19.99999999999999289, -29.82050807568893802 ) ) ;
#1345 = AXIS2_PLACEMENT_3D ( 'NONE', #1902, #2961, #584 ) ;
#1346 = DIRECTION ( 'NONE',  ( -3.544715883734087780E-16, -1.000000000000000000, 3.544715883734087780E-16 ) ) ;
#1347 = VECTOR ( 'NONE', #567, 1000.000000000000000 ) ;
#1348 = CARTESIAN_POINT ( 'NONE',  ( 1.387778780781445084E-15, -4.999999999999998224, -20.57084224863302779 ) ) ;
#1349 = ORIENTED_EDGE ( 'NONE', *, *, #3210, .T. ) ;
#1350 = CARTESIAN_POINT ( 'NONE',  ( 207.7163336986830586, -71.15063509461094782, -85.45800344948546012 ) ) ;
#1351 = EDGE_CURVE ( 'NONE', #940, #2623, #1401, .T. ) ;
#1352 = CARTESIAN_POINT ( 'NONE',  ( 193.6506350946110331, -30.00000000000002842, -29.82050807568893092 ) ) ;
#1353 = ORIENTED_EDGE ( 'NONE', *, *, #2854, .F. ) ;
#1354 = VECTOR ( 'NONE', #1944, 1000.000000000000000 ) ;
#1355 = CARTESIAN_POINT ( 'NONE',  ( 173.0000000000000853, 19.42617797022816362, -65.58845726811996713 ) ) ;
#1356 = LINE ( 'NONE', #1614, #3248 ) ;
#1357 = VERTEX_POINT ( 'NONE', #313 ) ;
#1358 = CARTESIAN_POINT ( 'NONE',  ( -19.99999999999998579, -50.99999999999995737, -70.00000000000000000 ) ) ;
#1359 = LINE ( 'NONE', #1893, #510 ) ;
#1360 = EDGE_LOOP ( 'NONE', ( #130, #1819, #1469, #1125 ) ) ;
#1361 = VECTOR ( 'NONE', #2507, 1000.000000000000000 ) ;
#1362 = CARTESIAN_POINT ( 'NONE',  ( 158.1506350946108057, -134.8518645242728269, -91.30831174438417008 ) ) ;
#1363 = ADVANCED_FACE ( 'NONE', ( #71 ), #2747, .T. ) ;
#1364 = CARTESIAN_POINT ( 'NONE',  ( 228.2916512459885610, 23.30127018922184590, -49.82050807568898421 ) ) ;
#1365 = ORIENTED_EDGE ( 'NONE', *, *, #3335, .T. ) ;
#1366 = EDGE_CURVE ( 'NONE', #543, #647, #970, .T. ) ;
#1367 = CARTESIAN_POINT ( 'NONE',  ( 1.387778780781445676E-15, -5.000000000000000000, -20.57084224863302779 ) ) ;
#1368 = EDGE_CURVE ( 'NONE', #2339, #3285, #862, .T. ) ;
#1369 = DIRECTION ( 'NONE',  ( 0.5000000000000005551, -0.000000000000000000, 0.8660254037844382635 ) ) ;
#1370 = ORIENTED_EDGE ( 'NONE', *, *, #1803, .T. ) ;
#1371 = CARTESIAN_POINT ( 'NONE',  ( 196.3060796608386624, -103.3012701892218672, -85.22114317029982544 ) ) ;
#1372 = CARTESIAN_POINT ( 'NONE',  ( 206.6410161513775847, 23.30127018922184590, -87.32050807568884920 ) ) ;
#1373 = ORIENTED_EDGE ( 'NONE', *, *, #1976, .T. ) ;
#1374 = CARTESIAN_POINT ( 'NONE',  ( 200.1458256229943515, -103.3012701892218672, -58.57050807568889184 ) ) ;
#1375 = EDGE_CURVE ( 'NONE', #96, #2599, #1173, .T. ) ;
#1376 = EDGE_CURVE ( 'NONE', #2185, #1966, #1298, .T. ) ;
#1377 = LINE ( 'NONE', #1981, #797 ) ;
#1378 = ORIENTED_EDGE ( 'NONE', *, *, #1418, .T. ) ;
#1379 = CARTESIAN_POINT ( 'NONE',  ( 212.0568914845059396, 23.30127018922184590, 2.060063168748155427 ) ) ;
#1380 = ORIENTED_EDGE ( 'NONE', *, *, #2398, .T. ) ;
#1381 = CARTESIAN_POINT ( 'NONE',  ( 39.99999999999998579, 60.00000000000000000, -75.00000000000001421 ) ) ;
#1382 = ORIENTED_EDGE ( 'NONE', *, *, #1978, .F. ) ;
#1383 = VECTOR ( 'NONE', #1100, 1000.000000000000114 ) ;
#1384 = DIRECTION ( 'NONE',  ( 0.8660254037844380415, 0.000000000000000000, -0.5000000000000011102 ) ) ;
#1385 = VECTOR ( 'NONE', #367, 1000.000000000000227 ) ;
#1386 = AXIS2_PLACEMENT_3D ( 'NONE', #1548, #1045, #739 ) ;
#1387 = CARTESIAN_POINT ( 'NONE',  ( 210.6327255372726484, -50.00000000000000000, 56.59199869795408233 ) ) ;
#1388 = ORIENTED_EDGE ( 'NONE', *, *, #3351, .T. ) ;
#1389 = CARTESIAN_POINT ( 'NONE',  ( 208.0163336986830416, 20.55063509461093929, -84.93838820721478555 ) ) ;
#1390 =( NAMED_UNIT ( * ) SI_UNIT ( $, .STERADIAN. ) SOLID_ANGLE_UNIT ( ) );
#1391 = ORIENTED_EDGE ( 'NONE', *, *, #85, .F. ) ;
#1392 = LINE ( 'NONE', #2700, #3372 ) ;
#1393 = EDGE_CURVE ( 'NONE', #3126, #2755, #1156, .T. ) ;
#1394 = LINE ( 'NONE', #358, #1961 ) ;
#1395 = ORIENTED_EDGE ( 'NONE', *, *, #2692, .F. ) ;
#1396 = LINE ( 'NONE', #2444, #2120 ) ;
#1397 = ORIENTED_EDGE ( 'NONE', *, *, #1026, .F. ) ;
#1398 = CARTESIAN_POINT ( 'NONE',  ( 3.673940397442067066E-15, -39.99999999999995026, -87.32150807568886819 ) ) ;
#1399 = ORIENTED_EDGE ( 'NONE', *, *, #779, .T. ) ;
#1400 = AXIS2_PLACEMENT_3D ( 'NONE', #1867, #2855, #2369 ) ;
#1401 = LINE ( 'NONE', #2484, #2513 ) ;
#1402 = VECTOR ( 'NONE', #1296, 1000.000000000000114 ) ;
#1403 = CARTESIAN_POINT ( 'NONE',  ( -19.00000000000000711, 24.99999999999999289, -70.00000000000000000 ) ) ;
#1404 = ORIENTED_EDGE ( 'NONE', *, *, #1978, .T. ) ;
#1405 = CARTESIAN_POINT ( 'NONE',  ( 228.2916512459885610, 23.30127018922184590, -49.82050807568898421 ) ) ;
#1406 = CARTESIAN_POINT ( 'NONE',  ( 40.00000000000000711, -39.99999999999995026, -15.57084224863302424 ) ) ;
#1407 = DIRECTION ( 'NONE',  ( -0.8660254037844380415, -0.000000000000000000, 0.5000000000000011102 ) ) ;
#1408 = VECTOR ( 'NONE', #1024, 1000.000000000000114 ) ;
#1409 = CARTESIAN_POINT ( 'NONE',  ( 186.8205080756888492, -90.50453814755928761, -31.65063509461106506 ) ) ;
#1410 = ORIENTED_EDGE ( 'NONE', *, *, #2212, .F. ) ;
#1411 = CARTESIAN_POINT ( 'NONE',  ( 179.3205080756888208, -17.24936490538905787, -44.64101615137767709 ) ) ;
#1412 = ORIENTED_EDGE ( 'NONE', *, *, #471, .F. ) ;
#1413 = VECTOR ( 'NONE', #2715, 1000.000000000000000 ) ;
#1414 = DIRECTION ( 'NONE',  ( 0.8660254037844379305, -0.000000000000000000, -0.5000000000000011102 ) ) ;
#1415 = EDGE_LOOP ( 'NONE', ( #2532, #1484, #2348, #2541, #2567, #1149 ) ) ;
#1416 = DIRECTION ( 'NONE',  ( 0.8660254037844380415, 0.000000000000000000, -0.5000000000000011102 ) ) ;
#1417 = DIRECTION ( 'NONE',  ( -2.312964634635746901E-16, 1.000000000000000000, -1.734723475976806848E-16 ) ) ;
#1418 = EDGE_CURVE ( 'NONE', #406, #3188, #2710, .T. ) ;
#1419 = LINE ( 'NONE', #314, #2997 ) ;
#1420 = ORIENTED_EDGE ( 'NONE', *, *, #909, .T. ) ;
#1421 = CARTESIAN_POINT ( 'NONE',  ( -19.00000000000000000, -5.493291007259889658E-15, -70.00000000000000000 ) ) ;
#1422 = DIRECTION ( 'NONE',  ( 0.8660254037844380415, 0.000000000000000000, -0.5000000000000011102 ) ) ;
#1423 = CARTESIAN_POINT ( 'NONE',  ( 192.6506350946110615, 19.42617797022816006, -31.55255888325783786 ) ) ;
#1424 = CARTESIAN_POINT ( 'NONE',  ( 206.0829966665133099, -81.30127018922186721, -48.28702617508732686 ) ) ;
#1425 = ORIENTED_EDGE ( 'NONE', *, *, #2135, .T. ) ;
#1426 = EDGE_CURVE ( 'NONE', #1900, #5, #1122, .T. ) ;
#1427 = DIRECTION ( 'NONE',  ( 0.8660254037844378194, 0.000000000000000000, -0.5000000000000015543 ) ) ;
#1428 = ORIENTED_EDGE ( 'NONE', *, *, #3351, .F. ) ;
#1429 = EDGE_CURVE ( 'NONE', #1083, #784, #1696, .T. ) ;
#1430 = EDGE_CURVE ( 'NONE', #1539, #3328, #2433, .T. ) ;
#1431 = EDGE_CURVE ( 'NONE', #949, #2931, #2975, .T. ) ;
#1432 = EDGE_LOOP ( 'NONE', ( #3057, #836, #2999, #1600, #1168, #2325 ) ) ;
#1433 = CARTESIAN_POINT ( 'NONE',  ( 176.0396945358629921, 0.000000000000000000, -28.60248931994158994 ) ) ;
#1434 = EDGE_LOOP ( 'NONE', ( #2211, #70, #1061 ) ) ;
#1435 = DIRECTION ( 'NONE',  ( -0.8660254037844380415, -0.000000000000000000, 0.5000000000000011102 ) ) ;
#1436 = CARTESIAN_POINT ( 'NONE',  ( 206.6410161513775847, -73.30127018922186721, -87.32050807568886341 ) ) ;
#1437 = VECTOR ( 'NONE', #2092, 1000.000000000000114 ) ;
#1438 = DIRECTION ( 'NONE',  ( -0.8660254037844380415, -0.000000000000000000, 0.5000000000000011102 ) ) ;
#1439 = VERTEX_POINT ( 'NONE', #1645 ) ;
#1440 = VERTEX_POINT ( 'NONE', #2959 ) ;
#1441 = VECTOR ( 'NONE', #1346, 1000.000000000000000 ) ;
#1442 = DIRECTION ( 'NONE',  ( 0.000000000000000000, 0.000000000000000000, -1.000000000000000000 ) ) ;
#1443 = AXIS2_PLACEMENT_3D ( 'NONE', #1374, #1616, #852 ) ;
#1444 = PRESENTATION_STYLE_ASSIGNMENT (( #3013 ) ) ;
#1445 = CARTESIAN_POINT ( 'NONE',  ( -28.00000000000008882, 16.00000000000016342, -61.00000000000017053 ) ) ;
#1446 = CARTESIAN_POINT ( 'NONE',  ( 130.0000000000000000, -4.999999999999962697, -55.00000000000000711 ) ) ;
#1447 = EDGE_CURVE ( 'NONE', #2526, #1582, #329, .T. ) ;
#1448 = EDGE_LOOP ( 'NONE', ( #222, #2477, #1388, #1453 ) ) ;
#1449 = LINE ( 'NONE', #1983, #1920 ) ;
#1450 = ORIENTED_EDGE ( 'NONE', *, *, #2669, .T. ) ;
#1451 = ADVANCED_FACE ( 'NONE', ( #3282 ), #582, .T. ) ;
#1452 = VECTOR ( 'NONE', #2094, 1000.000000000000000 ) ;
#1453 = ORIENTED_EDGE ( 'NONE', *, *, #3049, .T. ) ;
#1454 = DIRECTION ( 'NONE',  ( -0.000000000000000000, -1.000000000000000000, 0.000000000000000000 ) ) ;
#1455 = CARTESIAN_POINT ( 'NONE',  ( 5.510910596163089556E-15, -85.00000000000000000, -50.00000000000000000 ) ) ;
#1456 = LINE ( 'NONE', #2033, #3400 ) ;
#1457 = ORIENTED_EDGE ( 'NONE', *, *, #2053, .T. ) ;
#1458 = ORIENTED_EDGE ( 'NONE', *, *, #1546, .T. ) ;
#1459 = VECTOR ( 'NONE', #3027, 1000.000000000000114 ) ;
#1460 = FACE_OUTER_BOUND ( 'NONE', #2647, .T. ) ;
#1461 = LINE ( 'NONE', #1942, #3044 ) ;
#1462 = CARTESIAN_POINT ( 'NONE',  ( 40.00000000000000000, -85.00000000000000000, -50.00000000000000000 ) ) ;
#1463 = VERTEX_POINT ( 'NONE', #1367 ) ;
#1464 = LINE ( 'NONE', #2476, #508 ) ;
#1465 = ORIENTED_EDGE ( 'NONE', *, *, #3011, .F. ) ;
#1466 = VECTOR ( 'NONE', #3152, 1000.000000000000114 ) ;
#1467 = CARTESIAN_POINT ( 'NONE',  ( 194.2086545794753647, -81.30127018922186721, -68.85398997629046391 ) ) ;
#1468 =( BOUNDED_CURVE ( )  B_SPLINE_CURVE ( 3, ( #2661, #3144, #1334, #218 ),
 .UNSPECIFIED., .F., .F. )
 B_SPLINE_CURVE_WITH_KNOTS ( ( 4, 4 ),
 ( 4.712388980384689674, 5.229455514521556658 ),
 .UNSPECIFIED. )
 CURVE ( )  GEOMETRIC_REPRESENTATION_ITEM ( )  RATIONAL_B_SPLINE_CURVE ( ( 1.000000000000000000, 0.9778440046739952374, 0.9778440046739952374, 1.000000000000000000 ) )
 REPRESENTATION_ITEM ( '' )  );
#1469 = ORIENTED_EDGE ( 'NONE', *, *, #2734, .T. ) ;
#1470 = CARTESIAN_POINT ( 'NONE',  ( 208.0163336986830416, -17.24936490538906142, -84.93838820721478555 ) ) ;
#1471 = VECTOR ( 'NONE', #1666, 1000.000000000000000 ) ;
#1472 = CARTESIAN_POINT ( 'NONE',  ( 228.2916512459885610, -30.00000000000002842, -49.82050807568897710 ) ) ;
#1473 = DIRECTION ( 'NONE',  ( -0.5000000000000011102, 0.000000000000000000, -0.8660254037844380415 ) ) ;
#1474 = ADVANCED_FACE ( 'NONE', ( #1971 ), #1917, .T. ) ;
#1475 = EDGE_LOOP ( 'NONE', ( #116, #1964, #458, #1326 ) ) ;
#1476 = VERTEX_POINT ( 'NONE', #2418 ) ;
#1477 = AXIS2_PLACEMENT_3D ( 'NONE', #825, #1915, #891 ) ;
#1478 = EDGE_CURVE ( 'NONE', #457, #2902, #40, .T. ) ;
#1479 = FACE_OUTER_BOUND ( 'NONE', #2496, .T. ) ;
#1480 = CARTESIAN_POINT ( 'NONE',  ( 193.6506350946110331, 23.30127018922184590, -29.82050807568893802 ) ) ;
#1481 = LINE ( 'NONE', #2529, #1783 ) ;
#1482 = EDGE_LOOP ( 'NONE', ( #2232, #760, #148 ) ) ;
#1483 = LINE ( 'NONE', #3296, #2194 ) ;
#1484 = ORIENTED_EDGE ( 'NONE', *, *, #117, .F. ) ;
#1485 = CARTESIAN_POINT ( 'NONE',  ( 172.0000000000000000, -30.00000000000002842, -67.32050807568882078 ) ) ;
#1486 = ORIENTED_EDGE ( 'NONE', *, *, #725, .T. ) ;
#1487 = DIRECTION ( 'NONE',  ( 0.5000000000000011102, -0.000000000000000000, 0.8660254037844380415 ) ) ;
#1488 = PLANE ( 'NONE',  #316 ) ;
#1489 = AXIS2_PLACEMENT_3D ( 'NONE', #415, #3256, #344 ) ;
#1490 = CARTESIAN_POINT ( 'NONE',  ( 196.3060796608386624, -103.3012701892218672, -85.22114317029982544 ) ) ;
#1491 = ORIENTED_EDGE ( 'NONE', *, *, #339, .F. ) ;
#1492 = ORIENTED_EDGE ( 'NONE', *, *, #483, .F. ) ;
#1493 = LINE ( 'NONE', #185, #3220 ) ;
#1494 = VECTOR ( 'NONE', #37, 1000.000000000000000 ) ;
#1495 = AXIS2_PLACEMENT_3D ( 'NONE', #469, #211, #3350 ) ;
#1496 = CARTESIAN_POINT ( 'NONE',  ( 185.3012701892219241, -30.00000000000002842, -75.00000000000001421 ) ) ;
#1497 = ORIENTED_EDGE ( 'NONE', *, *, #3262, .F. ) ;
#1498 = DIRECTION ( 'NONE',  ( 0.8660254037844380415, 2.403703357979454154E-16, -0.5000000000000013323 ) ) ;
#1499 = ORIENTED_EDGE ( 'NONE', *, *, #1192, .T. ) ;
#1500 = EDGE_CURVE ( 'NONE', #2203, #1891, #615, .T. ) ;
#1501 = LINE ( 'NONE', #2759, #295 ) ;
#1502 = ORIENTED_EDGE ( 'NONE', *, *, #735, .T. ) ;
#1503 = CARTESIAN_POINT ( 'NONE',  ( 173.0000000000000853, 0.000000000000000000, -65.58845726811996713 ) ) ;
#1504 = DIRECTION ( 'NONE',  ( -0.8660254037844380415, -0.000000000000000000, 0.5000000000000011102 ) ) ;
#1505 = CARTESIAN_POINT ( 'NONE',  ( 165.4807621135332454, -5.000000000000004441, -19.33012701892226914 ) ) ;
#1506 = ORIENTED_EDGE ( 'NONE', *, *, #56, .F. ) ;
#1507 = ORIENTED_EDGE ( 'NONE', *, *, #735, .F. ) ;
#1508 = EDGE_CURVE ( 'NONE', #2479, #770, #3145, .T. ) ;
#1509 = PLANE ( 'NONE',  #3180 ) ;
#1510 = LINE ( 'NONE', #140, #1898 ) ;
#1511 = VECTOR ( 'NONE', #1369, 1000.000000000000227 ) ;
#1512 = AXIS2_PLACEMENT_3D ( 'NONE', #1958, #335, #59 ) ;
#1513 = EDGE_CURVE ( 'NONE', #3259, #1678, #2277, .T. ) ;
#1514 = DIRECTION ( 'NONE',  ( 0.8660254037844377084, 0.000000000000000000, -0.5000000000000015543 ) ) ;
#1515 = ADVANCED_FACE ( 'NONE', ( #3038 ), #1488, .F. ) ;
#1516 = FACE_OUTER_BOUND ( 'NONE', #1940, .T. ) ;
#1517 = VERTEX_POINT ( 'NONE', #387 ) ;
#1518 = DIRECTION ( 'NONE',  ( 0.000000000000000000, 0.000000000000000000, 1.000000000000000000 ) ) ;
#1519 = ORIENTED_EDGE ( 'NONE', *, *, #1726, .T. ) ;
#1520 = CARTESIAN_POINT ( 'NONE',  ( 1.387778780781445676E-14, -50.00000000000000000, -15.57084224863302246 ) ) ;
#1521 = DIRECTION ( 'NONE',  ( 0.8660254037844379305, 0.000000000000000000, -0.5000000000000012212 ) ) ;
#1522 = AXIS2_PLACEMENT_3D ( 'NONE', #3190, #3207, #241 ) ;
#1523 = PLANE ( 'NONE',  #863 ) ;
#1524 = ORIENTED_EDGE ( 'NONE', *, *, #2212, .T. ) ;
#1525 = ORIENTED_EDGE ( 'NONE', *, *, #1699, .F. ) ;
#1526 = DIRECTION ( 'NONE',  ( -0.5773502691896362782, -0.5773502691896204020, 0.5773502691896205130 ) ) ;
#1527 = EDGE_CURVE ( 'NONE', #2357, #96, #2572, .T. ) ;
#1528 = LINE ( 'NONE', #1249, #2168 ) ;
#1529 = LINE ( 'NONE', #1003, #176 ) ;
#1530 = CARTESIAN_POINT ( 'NONE',  ( 208.8060796608386909, -103.3012701892218672, -63.57050807568888473 ) ) ;
#1531 = ORIENTED_EDGE ( 'NONE', *, *, #3066, .T. ) ;
#1532 = DIRECTION ( 'NONE',  ( -0.5000000000000005551, 0.000000000000000000, -0.8660254037844382635 ) ) ;
#1533 = VERTEX_POINT ( 'NONE', #1258 ) ;
#1534 = DIRECTION ( 'NONE',  ( 0.8660254037844380415, 0.000000000000000000, -0.5000000000000014433 ) ) ;
#1535 = DIRECTION ( 'NONE',  ( 0.8161262409927314554, 0.5778736529407393352, -2.004901983809549555E-17 ) ) ;
#1536 = EDGE_CURVE ( 'NONE', #1741, #2144, #436, .T. ) ;
#1537 = DIRECTION ( 'NONE',  ( 0.8660254037844379305, -0.000000000000000000, -0.5000000000000011102 ) ) ;
#1538 = ORIENTED_EDGE ( 'NONE', *, *, #708, .F. ) ;
#1539 = VERTEX_POINT ( 'NONE', #978 ) ;
#1540 = LINE ( 'NONE', #374, #1136 ) ;
#1541 = FACE_OUTER_BOUND ( 'NONE', #1654, .T. ) ;
#1542 = CARTESIAN_POINT ( 'NONE',  ( 40.00000000000000000, -10.00000000000000000, -87.32150807568886819 ) ) ;
#1543 = DIRECTION ( 'NONE',  ( -0.2961981327260188035, 0.9396926207859103153, 0.1710100716628317752 ) ) ;
#1544 = ORIENTED_EDGE ( 'NONE', *, *, #2041, .F. ) ;
#1545 = VECTOR ( 'NONE', #244, 1000.000000000000114 ) ;
#1546 = EDGE_CURVE ( 'NONE', #1533, #279, #2032, .T. ) ;
#1547 = EDGE_LOOP ( 'NONE', ( #962, #31, #781, #1212, #3198, #570 ) ) ;
#1548 = CARTESIAN_POINT ( 'NONE',  ( 0.000000000000000000, 0.000000000000000000, -75.00000000000001421 ) ) ;
#1549 = DIRECTION ( 'NONE',  ( 0.5000000000000016653, 0.000000000000000000, 0.8660254037844375974 ) ) ;
#1550 = DIRECTION ( 'NONE',  ( -1.000000000000000000, 0.000000000000000000, -0.000000000000000000 ) ) ;
#1551 = ORIENTED_EDGE ( 'NONE', *, *, #1351, .T. ) ;
#1552 = ORIENTED_EDGE ( 'NONE', *, *, #195, .F. ) ;
#1553 = CARTESIAN_POINT ( 'NONE',  ( -1.734723475976807094E-14, 60.00000000000000000, -75.00000000000001421 ) ) ;
#1554 = CARTESIAN_POINT ( 'NONE',  ( 228.2916512459885610, -19.99999999999999289, -49.82050807568898421 ) ) ;
#1555 = ORIENTED_EDGE ( 'NONE', *, *, #707, .T. ) ;
#1556 = DIRECTION ( 'NONE',  ( -0.000000000000000000, -0.000000000000000000, 1.000000000000000000 ) ) ;
#1557 = DIRECTION ( 'NONE',  ( 0.000000000000000000, 0.000000000000000000, 1.000000000000000000 ) ) ;
#1558 = CARTESIAN_POINT ( 'NONE',  ( 186.8205080756888492, -5.000000000000000000, -31.65063509461107216 ) ) ;
#1559 = ORIENTED_EDGE ( 'NONE', *, *, #2333, .F. ) ;
#1560 = PLANE ( 'NONE',  #1242 ) ;
#1561 = VECTOR ( 'NONE', #2160, 1000.000000000000000 ) ;
#1562 = EDGE_CURVE ( 'NONE', #2776, #2400, #2504, .T. ) ;
#1563 = CARTESIAN_POINT ( 'NONE',  ( 201.1637748154255689, -103.3012701892218672, -52.80736835487458336 ) ) ;
#1564 = ORIENTED_EDGE ( 'NONE', *, *, #2040, .T. ) ;
#1565 = CARTESIAN_POINT ( 'NONE',  ( 190.0531557454425808, -103.3012701892218672, -28.49479109907802865 ) ) ;
#1566 = PLANE ( 'NONE',  #1717 ) ;
#1567 = CARTESIAN_POINT ( 'NONE',  ( 187.0035207775812012, -103.3012701892218672, -57.33364779650338505 ) ) ;
#1568 = ORIENTED_EDGE ( 'NONE', *, *, #2834, .F. ) ;
#1569 = ORIENTED_EDGE ( 'NONE', *, *, #2295, .F. ) ;
#1570 = VECTOR ( 'NONE', #1599, 1000.000000000000000 ) ;
#1571 = CARTESIAN_POINT ( 'NONE',  ( 130.0000000000000000, -128.3022701892218436, -55.00000000000000711 ) ) ;
#1572 = EDGE_CURVE ( 'NONE', #2167, #126, #2796, .T. ) ;
#1573 = LINE ( 'NONE', #1646, #451 ) ;
#1574 = EDGE_CURVE ( 'NONE', #1789, #1786, #1226, .T. ) ;
#1575 = LINE ( 'NONE', #2662, #772 ) ;
#1576 = EDGE_CURVE ( 'NONE', #726, #3018, #1745, .T. ) ;
#1577 = EDGE_CURVE ( 'NONE', #1658, #1741, #420, .T. ) ;
#1578 = ADVANCED_FACE ( 'NONE', ( #2003 ), #3087, .F. ) ;
#1579 = VECTOR ( 'NONE', #1814, 1000.000000000000000 ) ;
#1580 = CARTESIAN_POINT ( 'NONE',  ( -2.999999999999864109, -34.00000000000029843, -38.61880215351727941 ) ) ;
#1581 = PLANE ( 'NONE',  #2941 ) ;
#1582 = VERTEX_POINT ( 'NONE', #2051 ) ;
#1583 = AXIS2_PLACEMENT_3D ( 'NONE', #1276, #2881, #2603 ) ;
#1584 = CARTESIAN_POINT ( 'NONE',  ( 228.2936512459885421, -44.99999999999994316, -20.57084224863302069 ) ) ;
#1585 = ORIENTED_EDGE ( 'NONE', *, *, #1802, .T. ) ;
#1586 = DIRECTION ( 'NONE',  ( -0.5000000000000011102, 0.000000000000000000, -0.8660254037844379305 ) ) ;
#1587 = CARTESIAN_POINT ( 'NONE',  ( 90.00000000000000000, -4.999999999999976907, -20.57084224863302424 ) ) ;
#1588 = DIRECTION ( 'NONE',  ( -0.8660254037844380415, 0.000000000000000000, 0.5000000000000012212 ) ) ;
#1589 = ORIENTED_EDGE ( 'NONE', *, *, #1393, .F. ) ;
#1590 = CARTESIAN_POINT ( 'NONE',  ( -20.00000000000000711, 24.00000000000002132, -69.00000000000002842 ) ) ;
#1591 = EDGE_CURVE ( 'NONE', #407, #1716, #652, .T. ) ;
#1592 = DIRECTION ( 'NONE',  ( 0.000000000000000000, 0.000000000000000000, 1.000000000000000000 ) ) ;
#1593 = DIRECTION ( 'NONE',  ( -0.8660254037844378194, 0.000000000000000000, 0.5000000000000015543 ) ) ;
#1594 = AXIS2_PLACEMENT_3D ( 'NONE', #973, #766, #3133 ) ;
#1595 = DIRECTION ( 'NONE',  ( 0.8660254037844378194, 0.000000000000000000, -0.5000000000000015543 ) ) ;
#1596 = CARTESIAN_POINT ( 'NONE',  ( 164.7644348416720561, -11.26702917377454938, -20.57084224863301003 ) ) ;
#1597 = ORIENTED_EDGE ( 'NONE', *, *, #1282, .F. ) ;
#1598 = LINE ( 'NONE', #801, #548 ) ;
#1599 = DIRECTION ( 'NONE',  ( -0.000000000000000000, -0.000000000000000000, -1.000000000000000000 ) ) ;
#1600 = ORIENTED_EDGE ( 'NONE', *, *, #2463, .T. ) ;
#1601 = CARTESIAN_POINT ( 'NONE',  ( 90.00000000000000000, -128.3022701892218436, -55.00000000000000711 ) ) ;
#1602 = AXIS2_PLACEMENT_3D ( 'NONE', #1472, #1760, #2523 ) ;
#1603 = EDGE_CURVE ( 'NONE', #690, #796, #946, .T. ) ;
#1604 = DIRECTION ( 'NONE',  ( 1.000000000000000000, 0.000000000000000000, -0.000000000000000000 ) ) ;
#1605 = VECTOR ( 'NONE', #669, 1000.000000000000114 ) ;
#1606 = LINE ( 'NONE', #2658, #753 ) ;
#1607 = ORIENTED_EDGE ( 'NONE', *, *, #2387, .F. ) ;
#1608 = LINE ( 'NONE', #2332, #186 ) ;
#1609 = LINE ( 'NONE', #3129, #3053 ) ;
#1610 = EDGE_CURVE ( 'NONE', #1166, #1175, #1731, .T. ) ;
#1611 = DIRECTION ( 'NONE',  ( -0.8660254037844380415, -1.602468905319643663E-16, 0.5000000000000009992 ) ) ;
#1612 = VECTOR ( 'NONE', #2966, 1000.000000000000000 ) ;
#1613 = CARTESIAN_POINT ( 'NONE',  ( 228.2916512459885894, -49.99999999999994316, -15.57084224863302246 ) ) ;
#1614 = CARTESIAN_POINT ( 'NONE',  ( 179.1132486540519722, -44.99999999999993605, -45.00000000000000711 ) ) ;
#1615 = ORIENTED_EDGE ( 'NONE', *, *, #443, .T. ) ;
#1616 = DIRECTION ( 'NONE',  ( 0.8660254037844380415, 0.000000000000000000, -0.5000000000000012212 ) ) ;
#1617 = ADVANCED_FACE ( 'NONE', ( #404 ), #702, .T. ) ;
#1618 = VECTOR ( 'NONE', #3275, 1000.000000000000000 ) ;
#1619 = FACE_BOUND ( 'NONE', #2761, .T. ) ;
#1620 = EDGE_CURVE ( 'NONE', #2539, #2323, #178, .T. ) ;
#1621 = ORIENTED_EDGE ( 'NONE', *, *, #1687, .T. ) ;
#1622 = CARTESIAN_POINT ( 'NONE',  ( 40.00000000000000711, -49.99999999999998579, -75.00000000000001421 ) ) ;
#1623 = AXIS2_PLACEMENT_3D ( 'NONE', #979, #947, #3284 ) ;
#1624 = VECTOR ( 'NONE', #834, 1000.000000000000000 ) ;
#1625 = CARTESIAN_POINT ( 'NONE',  ( 0.000000000000000000, 0.000000000000000000, -50.00000000000000000 ) ) ;
#1626 = VERTEX_POINT ( 'NONE', #1210 ) ;
#1627 = DIRECTION ( 'NONE',  ( 0.000000000000000000, -0.000000000000000000, -1.000000000000000000 ) ) ;
#1628 = DIRECTION ( 'NONE',  ( -0.8137976813493749129, -0.3420201433256631063, 0.4698463103929563789 ) ) ;
#1629 = EDGE_CURVE ( 'NONE', #2220, #1900, #2263, .T. ) ;
#1630 = VERTEX_POINT ( 'NONE', #1862 ) ;
#1631 = EDGE_CURVE ( 'NONE', #1626, #1914, #521, .T. ) ;
#1632 = CIRCLE ( 'NONE', #3008, 5.499999999999997335 ) ;
#1633 = CARTESIAN_POINT ( 'NONE',  ( 185.7451905283833469, -66.15063509461094782, -33.51313972081450743 ) ) ;
#1634 = AXIS2_PLACEMENT_3D ( 'NONE', #2903, #3182, #526 ) ;
#1635 = DIRECTION ( 'NONE',  ( 0.000000000000000000, -0.000000000000000000, -1.000000000000000000 ) ) ;
#1636 = ORIENTED_EDGE ( 'NONE', *, *, #1869, .F. ) ;
#1637 = CARTESIAN_POINT ( 'NONE',  ( 208.8060796608386909, -103.3012701892218672, -63.57050807568888473 ) ) ;
#1638 = CARTESIAN_POINT ( 'NONE',  ( 1.387778780781445676E-14, -50.00000000000000000, -50.00000000000000000 ) ) ;
#1639 = ORIENTED_EDGE ( 'NONE', *, *, #444, .F. ) ;
#1640 = AXIS2_PLACEMENT_3D ( 'NONE', #1070, #4, #1550 ) ;
#1641 = DIRECTION ( 'NONE',  ( 1.000000000000000000, -6.009258394948639083E-16, 0.000000000000000000 ) ) ;
#1642 = EDGE_LOOP ( 'NONE', ( #1255, #3104, #398, #2778 ) ) ;
#1643 = LINE ( 'NONE', #2204, #1304 ) ;
#1644 = ORIENTED_EDGE ( 'NONE', *, *, #1218, .T. ) ;
#1645 = CARTESIAN_POINT ( 'NONE',  ( 172.0000000000000000, -19.99999999999996092, -67.32050807568882078 ) ) ;
#1646 = CARTESIAN_POINT ( 'NONE',  ( 186.8205080756888492, -5.000000000000000000, -31.65063509461107216 ) ) ;
#1647 = ORIENTED_EDGE ( 'NONE', *, *, #1310, .F. ) ;
#1648 = EDGE_CURVE ( 'NONE', #1711, #3397, #2635, .T. ) ;
#1649 = DIRECTION ( 'NONE',  ( -2.891205793294678819E-16, 1.000000000000000000, 0.000000000000000000 ) ) ;
#1650 = DIRECTION ( 'NONE',  ( 0.8660254037844380415, 2.403703357979453168E-16, -0.5000000000000012212 ) ) ;
#1651 = ORIENTED_EDGE ( 'NONE', *, *, #2156, .F. ) ;
#1652 = LINE ( 'NONE', #820, #1744 ) ;
#1653 = DIRECTION ( 'NONE',  ( 0.5773502691896363892, -0.5773502691896202910, 0.5773502691896206240 ) ) ;
#1654 = EDGE_LOOP ( 'NONE', ( #206, #2331, #2030, #1673 ) ) ;
#1655 = CARTESIAN_POINT ( 'NONE',  ( 187.9137748154255689, -103.3012701892218672, -75.75704155516216076 ) ) ;
#1656 = ORIENTED_EDGE ( 'NONE', *, *, #1756, .T. ) ;
#1657 = FACE_OUTER_BOUND ( 'NONE', #1813, .T. ) ;
#1658 = VERTEX_POINT ( 'NONE', #1329 ) ;
#1659 = DIRECTION ( 'NONE',  ( 0.000000000000000000, 1.000000000000000000, 0.000000000000000000 ) ) ;
#1660 = VECTOR ( 'NONE', #2227, 999.9999999999998863 ) ;
#1661 = VECTOR ( 'NONE', #651, 1000.000000000000114 ) ;
#1662 = LINE ( 'NONE', #2711, #3108 ) ;
#1663 = ORIENTED_EDGE ( 'NONE', *, *, #3148, .F. ) ;
#1664 = CARTESIAN_POINT ( 'NONE',  ( 123.6368774458309048, -17.24936490538906142, 1.652291233283260885 ) ) ;
#1665 = PLANE ( 'NONE',  #388 ) ;
#1666 = DIRECTION ( 'NONE',  ( -0.000000000000000000, -0.000000000000000000, 1.000000000000000000 ) ) ;
#1667 = LINE ( 'NONE', #80, #1354 ) ;
#1668 = ORIENTED_EDGE ( 'NONE', *, *, #22, .F. ) ;
#1669 = CARTESIAN_POINT ( 'NONE',  ( 172.0000000000000853, -81.30127018922185300, -67.32050807568884920 ) ) ;
#1670 = ORIENTED_EDGE ( 'NONE', *, *, #272, .T. ) ;
#1671 = ADVANCED_FACE ( 'NONE', ( #1810 ), #2586, .F. ) ;
#1672 = CARTESIAN_POINT ( 'NONE',  ( -19.00000000000001421, -50.00000000000000711, -54.61880215351699519 ) ) ;
#1673 = ORIENTED_EDGE ( 'NONE', *, *, #653, .F. ) ;
#1674 = AXIS2_PLACEMENT_3D ( 'NONE', #1157, #2192, #616 ) ;
#1675 = CARTESIAN_POINT ( 'NONE',  ( 40.00000000000000000, -9.999999999999987566, -20.57084224863302424 ) ) ;
#1676 = VECTOR ( 'NONE', #1752, 1000.000000000000227 ) ;
#1677 = CARTESIAN_POINT ( 'NONE',  ( -20.00000000000000000, -5.782411586589358033E-15, -55.61880215351697387 ) ) ;
#1678 = VERTEX_POINT ( 'NONE', #1275 ) ;
#1679 = ADVANCED_FACE ( 'NONE', ( #3 ), #540, .F. ) ;
#1680 = LINE ( 'NONE', #2979, #60 ) ;
#1681 = ADVANCED_FACE ( 'NONE', ( #2619 ), #1566, .T. ) ;
#1682 = EDGE_CURVE ( 'NONE', #3126, #126, #2847, .T. ) ;
#1683 = EDGE_CURVE ( 'NONE', #2963, #5, #2899, .T. ) ;
#1684 = DIRECTION ( 'NONE',  ( -0.5000000000000011102, -0.000000000000000000, -0.8660254037844379305 ) ) ;
#1685 = CARTESIAN_POINT ( 'NONE',  ( 219.3060796608386909, -103.3012701892218672, -45.38397459621568686 ) ) ;
#1686 = VECTOR ( 'NONE', #2614, 1000.000000000000000 ) ;
#1687 = EDGE_CURVE ( 'NONE', #304, #3311, #1791, .T. ) ;
#1688 = CARTESIAN_POINT ( 'NONE',  ( 226.9163336986830757, 20.55063509461093929, -52.20262794416304075 ) ) ;
#1689 = VERTEX_POINT ( 'NONE', #501 ) ;
#1690 = FACE_OUTER_BOUND ( 'NONE', #1642, .T. ) ;
#1691 = ORIENTED_EDGE ( 'NONE', *, *, #145, .F. ) ;
#1692 = VECTOR ( 'NONE', #3253, 1000.000000000000000 ) ;
#1693 = DIRECTION ( 'NONE',  ( -2.891205793294678819E-16, 1.000000000000000000, 0.000000000000000000 ) ) ;
#1694 = ORIENTED_EDGE ( 'NONE', *, *, #3389, .T. ) ;
#1695 = FACE_OUTER_BOUND ( 'NONE', #1432, .T. ) ;
#1696 = LINE ( 'NONE', #298, #1385 ) ;
#1697 = DIRECTION ( 'NONE',  ( 0.000000000000000000, -1.000000000000000000, 0.000000000000000000 ) ) ;
#1698 = ORIENTED_EDGE ( 'NONE', *, *, #371, .F. ) ;
#1699 = EDGE_CURVE ( 'NONE', #2088, #916, #2397, .T. ) ;
#1700 = DIRECTION ( 'NONE',  ( 0.000000000000000000, -1.000000000000000000, 0.000000000000000000 ) ) ;
#1701 = EDGE_CURVE ( 'NONE', #2306, #3048, #2328, .T. ) ;
#1702 = LINE ( 'NONE', #605, #1888 ) ;
#1703 = CARTESIAN_POINT ( 'NONE',  ( 171.7902801900220879, -110.5003793765714022, -65.36754236822891073 ) ) ;
#1704 = CARTESIAN_POINT ( 'NONE',  ( 53.27531754730567570, 0.000000000000000000, 42.27555678129889571 ) ) ;
#1705 = ORIENTED_EDGE ( 'NONE', *, *, #2876, .F. ) ;
#1706 = DIRECTION ( 'NONE',  ( -2.891205793294679312E-16, 1.000000000000000000, 0.000000000000000000 ) ) ;
#1707 = ORIENTED_EDGE ( 'NONE', *, *, #2342, .F. ) ;
#1708 = ORIENTED_EDGE ( 'NONE', *, *, #1845, .T. ) ;
#1709 = LINE ( 'NONE', #2519, #1799 ) ;
#1710 = EDGE_CURVE ( 'NONE', #980, #2475, #3382, .T. ) ;
#1711 = VERTEX_POINT ( 'NONE', #1826 ) ;
#1712 = DIRECTION ( 'NONE',  ( 0.5000000000000011102, -0.000000000000000000, 0.8660254037844380415 ) ) ;
#1713 = DIRECTION ( 'NONE',  ( -1.000000000000000000, -2.775557561562891844E-16, -0.000000000000000000 ) ) ;
#1714 = CARTESIAN_POINT ( 'NONE',  ( 192.2753175473055478, -17.24936490538905787, -32.20262794416299101 ) ) ;
#1715 = VERTEX_POINT ( 'NONE', #3107 ) ;
#1716 = VERTEX_POINT ( 'NONE', #1064 ) ;
#1717 = AXIS2_PLACEMENT_3D ( 'NONE', #2119, #1604, #2657 ) ;
#1718 = CARTESIAN_POINT ( 'NONE',  ( 192.5753175473055592, -71.15063509461094782, -31.68301270189232710 ) ) ;
#1719 =( LENGTH_UNIT ( ) NAMED_UNIT ( * ) SI_UNIT ( .MILLI., .METRE. ) );
#1720 = DIRECTION ( 'NONE',  ( -0.5000000000000011102, 0.000000000000000000, -0.8660254037844380415 ) ) ;
#1721 = DIRECTION ( 'NONE',  ( -0.8660254037844380415, -0.000000000000000000, 0.5000000000000011102 ) ) ;
#1722 = VERTEX_POINT ( 'NONE', #1013 ) ;
#1723 = CARTESIAN_POINT ( 'NONE',  ( 206.6410161513775847, -19.99999999999996092, -87.32050807568884920 ) ) ;
#1724 = ORIENTED_EDGE ( 'NONE', *, *, #3268, .T. ) ;
#1725 = VECTOR ( 'NONE', #2698, 1000.000000000000000 ) ;
#1726 = EDGE_CURVE ( 'NONE', #3402, #2808, #1031, .T. ) ;
#1727 = DIRECTION ( 'NONE',  ( -0.8660254037844380415, -2.403703357979454154E-16, 0.5000000000000013323 ) ) ;
#1728 = EDGE_CURVE ( 'NONE', #402, #764, #757, .T. ) ;
#1729 = VERTEX_POINT ( 'NONE', #1308 ) ;
#1730 = FACE_OUTER_BOUND ( 'NONE', #2123, .T. ) ;
#1731 = LINE ( 'NONE', #2556, #1159 ) ;
#1732 = CARTESIAN_POINT ( 'NONE',  ( 198.3060796608386909, -103.3012701892218672, -81.75704155516208971 ) ) ;
#1733 = ORIENTED_EDGE ( 'NONE', *, *, #2905, .F. ) ;
#1734 = ORIENTED_EDGE ( 'NONE', *, *, #232, .F. ) ;
#1735 = VECTOR ( 'NONE', #1264, 1000.000000000000000 ) ;
#1736 = EDGE_CURVE ( 'NONE', #1729, #1176, #226, .T. ) ;
#1737 = PLANE ( 'NONE',  #846 ) ;
#1738 = PLANE ( 'NONE',  #1840 ) ;
#1739 = ORIENTED_EDGE ( 'NONE', *, *, #2038, .F. ) ;
#1740 = FACE_OUTER_BOUND ( 'NONE', #167, .T. ) ;
#1741 = VERTEX_POINT ( 'NONE', #3399 ) ;
#1742 = VERTEX_POINT ( 'NONE', #2363 ) ;
#1743 = DIRECTION ( 'NONE',  ( 0.000000000000000000, 1.000000000000000000, 0.000000000000000000 ) ) ;
#1744 = VECTOR ( 'NONE', #571, 1000.000000000000000 ) ;
#1745 = LINE ( 'NONE', #2249, #3035 ) ;
#1746 = CARTESIAN_POINT ( 'NONE',  ( 179.1132486540519722, -37.15063509461094782, -45.00000000000000711 ) ) ;
#1747 = EDGE_LOOP ( 'NONE', ( #767, #2300, #3421 ) ) ;
#1748 = ORIENTED_EDGE ( 'NONE', *, *, #2077, .F. ) ;
#1749 = CIRCLE ( 'NONE', #2681, 5.499999999999997335 ) ;
#1750 = PLANE ( 'NONE',  #2664 ) ;
#1751 = ADVANCED_FACE ( 'NONE', ( #2086 ), #3418, .F. ) ;
#1752 = DIRECTION ( 'NONE',  ( -0.5000000000000005551, 0.000000000000000000, -0.8660254037844382635 ) ) ;
#1753 = ORIENTED_EDGE ( 'NONE', *, *, #2259, .T. ) ;
#1754 = DIRECTION ( 'NONE',  ( 0.000000000000000000, 0.000000000000000000, -1.000000000000000000 ) ) ;
#1755 = ORIENTED_EDGE ( 'NONE', *, *, #754, .T. ) ;
#1756 = EDGE_CURVE ( 'NONE', #2530, #593, #2152, .T. ) ;
#1757 = DIRECTION ( 'NONE',  ( -0.8660254037844380415, -0.000000000000000000, 0.5000000000000011102 ) ) ;
#1758 = ORIENTED_EDGE ( 'NONE', *, *, #2293, .F. ) ;
#1759 = DIRECTION ( 'NONE',  ( -0.5000000000000007772, 0.000000000000000000, -0.8660254037844382635 ) ) ;
#1760 = DIRECTION ( 'NONE',  ( 0.000000000000000000, 1.000000000000000000, 0.000000000000000000 ) ) ;
#1761 = VECTOR ( 'NONE', #1079, 1000.000000000000000 ) ;
#1762 = CARTESIAN_POINT ( 'NONE',  ( 173.0000000000000853, 19.42617797022817427, -65.58845726811996713 ) ) ;
#1763 = ORIENTED_EDGE ( 'NONE', *, *, #483, .T. ) ;
#1764 = ORIENTED_EDGE ( 'NONE', *, *, #2522, .F. ) ;
#1765 = DIRECTION ( 'NONE',  ( 0.000000000000000000, -1.000000000000000000, 0.000000000000000000 ) ) ;
#1766 = AXIS2_PLACEMENT_3D ( 'NONE', #411, #2528, #893 ) ;
#1767 = CARTESIAN_POINT ( 'NONE',  ( 129.5350412241866422, -66.15063509461094782, -1.060194888847364236 ) ) ;
#1768 = DIRECTION ( 'NONE',  ( 0.8660254037844380415, 0.000000000000000000, -0.5000000000000012212 ) ) ;
#1769 = ORIENTED_EDGE ( 'NONE', *, *, #2595, .F. ) ;
#1770 = CARTESIAN_POINT ( 'NONE',  ( 192.6506350946110615, 0.000000000000000000, -31.55255888325783786 ) ) ;
#1771 = PRODUCT_CONTEXT ( 'NONE', #332, 'mechanical' ) ;
#1772 = ORIENTED_EDGE ( 'NONE', *, *, #1328, .T. ) ;
#1773 = CARTESIAN_POINT ( 'NONE',  ( 165.4807621135332454, -45.00000000000000711, -19.33012701892225138 ) ) ;
#1774 = EDGE_CURVE ( 'NONE', #1476, #159, #1879, .T. ) ;
#1775 = DIRECTION ( 'NONE',  ( -0.5000000000000005551, 0.000000000000000000, -0.8660254037844382635 ) ) ;
#1776 = DIRECTION ( 'NONE',  ( -0.8660254037844380415, 0.000000000000000000, 0.5000000000000012212 ) ) ;
#1777 = ORIENTED_EDGE ( 'NONE', *, *, #2218, .F. ) ;
#1778 = ORIENTED_EDGE ( 'NONE', *, *, #2825, .T. ) ;
#1779 = FACE_OUTER_BOUND ( 'NONE', #1111, .T. ) ;
#1780 = DIRECTION ( 'NONE',  ( -0.000000000000000000, -0.000000000000000000, 1.000000000000000000 ) ) ;
#1781 = VECTOR ( 'NONE', #2782, 999.9999999999998863 ) ;
#1782 = EDGE_CURVE ( 'NONE', #3218, #980, #1042, .T. ) ;
#1783 = VECTOR ( 'NONE', #156, 1000.000000000000114 ) ;
#1784 = PLANE ( 'NONE',  #2722 ) ;
#1785 = DIRECTION ( 'NONE',  ( 2.891205793294678819E-16, -1.000000000000000000, 0.000000000000000000 ) ) ;
#1786 = VERTEX_POINT ( 'NONE', #2080 ) ;
#1787 = CARTESIAN_POINT ( 'NONE',  ( 141.5747845494652211, -90.80127018922182458, -49.75450174517009572 ) ) ;
#1788 = ADVANCED_FACE ( 'NONE', ( #2631 ), #1560, .T. ) ;
#1789 = VERTEX_POINT ( 'NONE', #1006 ) ;
#1790 = LINE ( 'NONE', #3137, #2988 ) ;
#1791 = LINE ( 'NONE', #277, #1441 ) ;
#1792 = AXIS2_PLACEMENT_3D ( 'NONE', #35, #2671, #2915 ) ;
#1793 = CARTESIAN_POINT ( 'NONE',  ( 187.4451308199081154, -103.3012701892218672, -22.37024505275043040 ) ) ;
#1794 = AXIS2_PLACEMENT_3D ( 'NONE', #2302, #1798, #2494 ) ;
#1795 = VERTEX_POINT ( 'NONE', #1320 ) ;
#1796 = MANIFOLD_SOLID_BREP ( '\X2\501289d2\X0\1', #2642 ) ;
#1797 = ORIENTED_EDGE ( 'NONE', *, *, #1774, .T. ) ;
#1798 = DIRECTION ( 'NONE',  ( 0.8660254037844381525, 0.000000000000000000, -0.5000000000000012212 ) ) ;
#1799 = VECTOR ( 'NONE', #1948, 1000.000000000000000 ) ;
#1800 = LINE ( 'NONE', #1019, #3383 ) ;
#1801 = VECTOR ( 'NONE', #775, 1000.000000000000000 ) ;
#1802 = EDGE_CURVE ( 'NONE', #2833, #2220, #3081, .T. ) ;
#1803 = EDGE_CURVE ( 'NONE', #784, #588, #190, .T. ) ;
#1804 = DIRECTION ( 'NONE',  ( 2.775557561562891351E-16, -1.000000000000000000, -1.602468905319643416E-16 ) ) ;
#1805 = DIRECTION ( 'NONE',  ( 1.000000000000000000, 2.891205793294678819E-16, 0.000000000000000000 ) ) ;
#1806 = EDGE_LOOP ( 'NONE', ( #3101, #2117, #737, #2745 ) ) ;
#1807 = CARTESIAN_POINT ( 'NONE',  ( -19.00000000000000711, -75.00000000000001421, -54.61880215351699519 ) ) ;
#1808 = ORIENTED_EDGE ( 'NONE', *, *, #193, .T. ) ;
#1809 = LINE ( 'NONE', #756, #3425 ) ;
#1810 = FACE_OUTER_BOUND ( 'NONE', #189, .T. ) ;
#1811 = CARTESIAN_POINT ( 'NONE',  ( 198.4137748154255689, -103.3012701892218672, -57.57050807568899131 ) ) ;
#1812 = EDGE_LOOP ( 'NONE', ( #944, #1089, #2605, #39, #432, #2243, #3380, #1395, #577, #424 ) ) ;
#1813 = EDGE_LOOP ( 'NONE', ( #3287, #2261, #1306, #153, #673, #547, #617, #504, #2064, #438, #2158, #2948, #925, #2583, #2984, #1830 ) ) ;
#1814 = DIRECTION ( 'NONE',  ( 1.000000000000000000, 0.000000000000000000, 0.000000000000000000 ) ) ;
#1815 = DIRECTION ( 'NONE',  ( 1.000000000000000000, 2.891205793294678819E-16, -0.000000000000000000 ) ) ;
#1816 = DIRECTION ( 'NONE',  ( -0.000000000000000000, -1.000000000000000000, -0.000000000000000000 ) ) ;
#1817 = DIRECTION ( 'NONE',  ( 0.5000000000000012212, -0.000000000000000000, 0.8660254037844379305 ) ) ;
#1818 = CARTESIAN_POINT ( 'NONE',  ( 231.9527057354450221, 6.437980863289867003E-14, -101.9342188706945507 ) ) ;
#1819 = ORIENTED_EDGE ( 'NONE', *, *, #1282, .T. ) ;
#1820 = LINE ( 'NONE', #2582, #1686 ) ;
#1821 = AXIS2_PLACEMENT_3D ( 'NONE', #807, #2381, #2066 ) ;
#1822 = VECTOR ( 'NONE', #2968, 1000.000000000000114 ) ;
#1823 = DIRECTION ( 'NONE',  ( -0.5000000000000011102, 0.000000000000000000, -0.8660254037844379305 ) ) ;
#1824 = ORIENTED_EDGE ( 'NONE', *, *, #3229, .F. ) ;
#1825 = DIRECTION ( 'NONE',  ( 0.8660254037844379305, 0.000000000000000000, -0.5000000000000011102 ) ) ;
#1826 = CARTESIAN_POINT ( 'NONE',  ( 170.7436001592665491, -4.999999999999950262, -25.54478780595993115 ) ) ;
#1827 = EDGE_CURVE ( 'NONE', #1914, #1993, #1820, .T. ) ;
#1828 = EDGE_CURVE ( 'NONE', #42, #3311, #207, .T. ) ;
#1829 = DIRECTION ( 'NONE',  ( -0.5000000000000013323, 0.000000000000000000, -0.8660254037844378194 ) ) ;
#1830 = ORIENTED_EDGE ( 'NONE', *, *, #86, .F. ) ;
#1831 = ORIENTED_EDGE ( 'NONE', *, *, #2295, .T. ) ;
#1832 = CARTESIAN_POINT ( 'NONE',  ( 35.50000000000022027, 0.000000000000000000, 61.48780366869527825 ) ) ;
#1833 = LINE ( 'NONE', #763, #3329 ) ;
#1834 = ORIENTED_EDGE ( 'NONE', *, *, #3160, .T. ) ;
#1835 = FACE_OUTER_BOUND ( 'NONE', #2137, .T. ) ;
#1836 = VECTOR ( 'NONE', #1815, 1000.000000000000000 ) ;
#1837 = PLANE ( 'NONE',  #2198 ) ;
#1838 = ORIENTED_EDGE ( 'NONE', *, *, #1962, .T. ) ;
#1839 = CARTESIAN_POINT ( 'NONE',  ( 187.3757462811671815, 0.000000000000000000, 16.30972899580406832 ) ) ;
#1840 = AXIS2_PLACEMENT_3D ( 'NONE', #1767, #3098, #939 ) ;
#1841 = CARTESIAN_POINT ( 'NONE',  ( 193.6506350946110331, 0.000000000000000000, -29.82050807568893447 ) ) ;
#1842 = ORIENTED_EDGE ( 'NONE', *, *, #3157, .T. ) ;
#1843 = FACE_OUTER_BOUND ( 'NONE', #667, .T. ) ;
#1844 = DIRECTION ( 'NONE',  ( 0.000000000000000000, 1.000000000000000000, 0.000000000000000000 ) ) ;
#1845 = EDGE_CURVE ( 'NONE', #1930, #2475, #449, .T. ) ;
#1846 = FACE_OUTER_BOUND ( 'NONE', #1475, .T. ) ;
#1847 = ORIENTED_EDGE ( 'NONE', *, *, #957, .F. ) ;
#1848 =( GEOMETRIC_REPRESENTATION_CONTEXT ( 3 ) GLOBAL_UNCERTAINTY_ASSIGNED_CONTEXT ( ( #368 ) ) GLOBAL_UNIT_ASSIGNED_CONTEXT ( ( #3102, #516, #255 ) ) REPRESENTATION_CONTEXT ( 'NONE', 'WORKASPACE' ) );
#1849 = LINE ( 'NONE', #1313, #294 ) ;
#1850 = LINE ( 'NONE', #2904, #2946 ) ;
#1851 = ORIENTED_EDGE ( 'NONE', *, *, #2907, .T. ) ;
#1852 = VECTOR ( 'NONE', #2726, 1000.000000000000000 ) ;
#1853 = VECTOR ( 'NONE', #417, 1000.000000000000114 ) ;
#1854 = LINE ( 'NONE', #3407, #1955 ) ;
#1855 = EDGE_CURVE ( 'NONE', #1857, #3397, #223, .T. ) ;
#1856 = FACE_OUTER_BOUND ( 'NONE', #2870, .T. ) ;
#1857 = VERTEX_POINT ( 'NONE', #752 ) ;
#1858 = FACE_OUTER_BOUND ( 'NONE', #1482, .T. ) ;
#1859 = DIRECTION ( 'NONE',  ( 1.000000000000000000, 2.312964634635743450E-16, -0.000000000000000000 ) ) ;
#1860 = ORIENTED_EDGE ( 'NONE', *, *, #1216, .F. ) ;
#1861 = CARTESIAN_POINT ( 'NONE',  ( 204.4209647088800921, -81.30127018922185300, -11.16574996951135645 ) ) ;
#1862 = CARTESIAN_POINT ( 'NONE',  ( 179.9422863405993382, -37.15063509461094782, -45.00000000000001421 ) ) ;
#1863 = EDGE_CURVE ( 'NONE', #3009, #3046, #2376, .T. ) ;
#1864 = DIRECTION ( 'NONE',  ( 0.5000000000000012212, 0.000000000000000000, 0.8660254037844380415 ) ) ;
#1865 = EDGE_LOOP ( 'NONE', ( #1121, #606, #137, #1758 ) ) ;
#1866 = DIRECTION ( 'NONE',  ( -0.8660254037844378194, 0.000000000000000000, 0.5000000000000014433 ) ) ;
#1867 = CARTESIAN_POINT ( 'NONE',  ( 160.0000000000000000, -4.999999999999959144, -70.00000000000000000 ) ) ;
#1868 = ORIENTED_EDGE ( 'NONE', *, *, #1162, .F. ) ;
#1869 = EDGE_CURVE ( 'NONE', #907, #2935, #2844, .T. ) ;
#1870 = EDGE_CURVE ( 'NONE', #1985, #2808, #2307, .T. ) ;
#1871 = CARTESIAN_POINT ( 'NONE',  ( 123.6368774458309048, -17.24936490538906142, 1.652291233283260885 ) ) ;
#1872 = CARTESIAN_POINT ( 'NONE',  ( 185.4451905283833355, -5.000000000000000000, -34.03275496308517489 ) ) ;
#1873 = ORIENTED_EDGE ( 'NONE', *, *, #614, .F. ) ;
#1874 = LINE ( 'NONE', #1925, #2296 ) ;
#1875 = DIRECTION ( 'NONE',  ( 1.000000000000000000, -0.000000000000000000, 0.000000000000000000 ) ) ;
#1876 = ORIENTED_EDGE ( 'NONE', *, *, #1603, .F. ) ;
#1877 = DIRECTION ( 'NONE',  ( 0.5000000000000014433, 0.000000000000000000, 0.8660254037844379305 ) ) ;
#1878 = VECTOR ( 'NONE', #212, 1000.000000000000114 ) ;
#1879 = LINE ( 'NONE', #2938, #1104 ) ;
#1880 = EDGE_CURVE ( 'NONE', #2623, #609, #2340, .T. ) ;
#1881 = STYLED_ITEM ( 'NONE', ( #1444 ), #680 ) ;
#1882 = DIRECTION ( 'NONE',  ( 2.775557561562891351E-16, -1.000000000000000000, 1.734723475976806848E-16 ) ) ;
#1883 = EDGE_CURVE ( 'NONE', #2400, #3356, #467, .T. ) ;
#1884 = VERTEX_POINT ( 'NONE', #1563 ) ;
#1885 = PLANE ( 'NONE',  #747 ) ;
#1886 = LINE ( 'NONE', #330, #2278 ) ;
#1887 = EDGE_LOOP ( 'NONE', ( #2977, #976, #2767, #2758 ) ) ;
#1888 = VECTOR ( 'NONE', #1923, 1000.000000000000000 ) ;
#1889 = CARTESIAN_POINT ( 'NONE',  ( 1.387778780781445676E-14, -50.00000000000000000, -50.00000000000000000 ) ) ;
#1890 = CARTESIAN_POINT ( 'NONE',  ( 247.5031842508528541, 6.869593345583482406E-14, -75.00000000000001421 ) ) ;
#1891 = VERTEX_POINT ( 'NONE', #3135 ) ;
#1892 = DIRECTION ( 'NONE',  ( 0.8660254037844381525, 0.000000000000000000, -0.5000000000000012212 ) ) ;
#1893 = CARTESIAN_POINT ( 'NONE',  ( 1.387778780781446662E-15, -5.000000000000003553, -70.00000000000000000 ) ) ;
#1894 = ORIENTED_EDGE ( 'NONE', *, *, #965, .T. ) ;
#1895 = PLANE ( 'NONE',  #959 ) ;
#1896 = EDGE_LOOP ( 'NONE', ( #3257, #173, #2113, #2659 ) ) ;
#1897 = EDGE_CURVE ( 'NONE', #3151, #2181, #2039, .T. ) ;
#1898 = VECTOR ( 'NONE', #3075, 999.9999999999998863 ) ;
#1899 = LINE ( 'NONE', #1088, #1199 ) ;
#1900 = VERTEX_POINT ( 'NONE', #1325 ) ;
#1901 = CARTESIAN_POINT ( 'NONE',  ( 212.0568914845059396, 19.42617797022817427, 2.060063168748155427 ) ) ;
#1902 = CARTESIAN_POINT ( 'NONE',  ( 189.7535207775812012, -103.3012701892218672, -52.57050807568897710 ) ) ;
#1903 = VERTEX_POINT ( 'NONE', #1638 ) ;
#1904 = LINE ( 'NONE', #1108, #1347 ) ;
#1905 = AXIS2_PLACEMENT_3D ( 'NONE', #6, #1052, #794 ) ;
#1906 = EDGE_CURVE ( 'NONE', #992, #2001, #2394, .T. ) ;
#1907 = LINE ( 'NONE', #2112, #1612 ) ;
#1908 = ORIENTED_EDGE ( 'NONE', *, *, #880, .T. ) ;
#1909 = DIRECTION ( 'NONE',  ( 0.5481693696114606773, -0.7741751242191251547, -0.3164857331066852075 ) ) ;
#1910 = DIRECTION ( 'NONE',  ( -0.5000000000000013323, -1.387778780781449373E-16, -0.8660254037844378194 ) ) ;
#1911 = ORIENTED_EDGE ( 'NONE', *, *, #1351, .F. ) ;
#1912 = VECTOR ( 'NONE', #2052, 1000.000000000000227 ) ;
#1913 = CARTESIAN_POINT ( 'NONE',  ( 226.9163336986830757, -17.24936490538906142, -52.20262794416309760 ) ) ;
#1914 = VERTEX_POINT ( 'NONE', #2934 ) ;
#1915 = DIRECTION ( 'NONE',  ( -2.775557561562891351E-16, 1.000000000000000000, 0.000000000000000000 ) ) ;
#1916 = ORIENTED_EDGE ( 'NONE', *, *, #1782, .F. ) ;
#1917 = PLANE ( 'NONE',  #2928 ) ;
#1918 = DIRECTION ( 'NONE',  ( 1.000000000000000000, 2.775557561562891351E-16, 0.000000000000000000 ) ) ;
#1919 = ORIENTED_EDGE ( 'NONE', *, *, #985, .T. ) ;
#1920 = VECTOR ( 'NONE', #610, 1000.000000000000114 ) ;
#1921 = FACE_OUTER_BOUND ( 'NONE', #1071, .T. ) ;
#1922 = EDGE_CURVE ( 'NONE', #1884, #1139, #1632, .T. ) ;
#1923 = DIRECTION ( 'NONE',  ( -0.000000000000000000, 1.000000000000000000, -0.000000000000000000 ) ) ;
#1924 = EDGE_LOOP ( 'NONE', ( #2448, #1034, #689, #1708 ) ) ;
#1925 = CARTESIAN_POINT ( 'NONE',  ( 130.0000000000000000, -128.3022701892218436, -20.57084224863302779 ) ) ;
#1926 = VECTOR ( 'NONE', #1022, 1000.000000000000000 ) ;
#1927 = CARTESIAN_POINT ( 'NONE',  ( 221.7414727845688560, -73.30127018922186721, -21.16574996951136356 ) ) ;
#1928 = VERTEX_POINT ( 'NONE', #273 ) ;
#1929 = CARTESIAN_POINT ( 'NONE',  ( 238.3656564712920556, -99.94486109113256589, 57.62818081025078953 ) ) ;
#1930 = VERTEX_POINT ( 'NONE', #2341 ) ;
#1931 = CARTESIAN_POINT ( 'NONE',  ( 3.673940397442063911E-15, -39.99999999999995026, -20.57084224863302424 ) ) ;
#1932 = ORIENTED_EDGE ( 'NONE', *, *, #2310, .T. ) ;
#1933 = CARTESIAN_POINT ( 'NONE',  ( 185.4451905283833355, -5.000000000000000000, -34.03275496308517489 ) ) ;
#1934 = ADVANCED_FACE ( 'NONE', ( #1027, #804 ), #2359, .T. ) ;
#1935 = ADVANCED_FACE ( 'NONE', ( #3153 ), #3396, .T. ) ;
#1936 = ADVANCED_FACE ( 'NONE', ( #17 ), #839, .T. ) ;
#1937 = PRESENTATION_LAYER_ASSIGNMENT (  '', '', ( #1881 ) ) ;
#1938 = EDGE_CURVE ( 'NONE', #1463, #1795, #1082, .T. ) ;
#1939 = DIRECTION ( 'NONE',  ( 0.000000000000000000, 0.000000000000000000, -1.000000000000000000 ) ) ;
#1940 = EDGE_LOOP ( 'NONE', ( #3065, #75, #2883, #1198 ) ) ;
#1941 = DIRECTION ( 'NONE',  ( -2.390536346186104985E-16, -1.000000000000000000, 0.000000000000000000 ) ) ;
#1942 = CARTESIAN_POINT ( 'NONE',  ( 238.3656564712920556, -5.000000000000000000, 57.62818081025078953 ) ) ;
#1943 = CARTESIAN_POINT ( 'NONE',  ( -20.00000000000000000, -5.782411586589358033E-15, -69.00000000000005684 ) ) ;
#1944 = DIRECTION ( 'NONE',  ( -0.000000000000000000, -0.000000000000000000, -1.000000000000000000 ) ) ;
#1945 = ORIENTED_EDGE ( 'NONE', *, *, #1648, .F. ) ;
#1946 = LINE ( 'NONE', #906, #703 ) ;
#1947 = ORIENTED_EDGE ( 'NONE', *, *, #1218, .F. ) ;
#1948 = DIRECTION ( 'NONE',  ( -1.000000000000000000, -2.775557561562891844E-16, 0.000000000000000000 ) ) ;
#1949 = ORIENTED_EDGE ( 'NONE', *, *, #572, .T. ) ;
#1950 = VECTOR ( 'NONE', #1053, 1000.000000000000114 ) ;
#1951 = PLANE ( 'NONE',  #2485 ) ;
#1952 = EDGE_CURVE ( 'NONE', #3154, #1985, #2653, .T. ) ;
#1953 = DIRECTION ( 'NONE',  ( 0.000000000000000000, 1.000000000000000000, 0.000000000000000000 ) ) ;
#1954 = ADVANCED_FACE ( 'NONE', ( #306, #2136, #1619 ), #2411, .T. ) ;
#1955 = VECTOR ( 'NONE', #2628, 1000.000000000000000 ) ;
#1956 = CARTESIAN_POINT ( 'NONE',  ( 152.8508423767162014, -44.99999999999997158, -50.49123407523500617 ) ) ;
#1957 = ORIENTED_EDGE ( 'NONE', *, *, #858, .F. ) ;
#1958 = CARTESIAN_POINT ( 'NONE',  ( 214.7977383325632559, 15.55530234913254972, 0.4776345032147292224 ) ) ;
#1959 = SURFACE_SIDE_STYLE ('',( #903 ) ) ;
#1960 = CARTESIAN_POINT ( 'NONE',  ( -20.00000000000000711, 24.99999999999999289, -70.00000000000000000 ) ) ;
#1961 = VECTOR ( 'NONE', #1183, 1000.000000000000114 ) ;
#1962 = EDGE_CURVE ( 'NONE', #2967, #1630, #821, .T. ) ;
#1963 = CARTESIAN_POINT ( 'NONE',  ( 123.4119470995836423, -36.56255410347060320, -30.31852013770517473 ) ) ;
#1964 = ORIENTED_EDGE ( 'NONE', *, *, #16, .T. ) ;
#1965 = DIRECTION ( 'NONE',  ( 0.5000000000000012212, -0.000000000000000000, 0.8660254037844379305 ) ) ;
#1966 = VERTEX_POINT ( 'NONE', #290 ) ;
#1967 = ORIENTED_EDGE ( 'NONE', *, *, #3186, .T. ) ;
#1968 = VECTOR ( 'NONE', #431, 1000.000000000000227 ) ;
#1969 = ORIENTED_EDGE ( 'NONE', *, *, #2593, .F. ) ;
#1970 = CARTESIAN_POINT ( 'NONE',  ( 219.3060796608386909, -103.3012701892218672, -45.38397459621569396 ) ) ;
#1971 = FACE_OUTER_BOUND ( 'NONE', #1154, .T. ) ;
#1972 = DIRECTION ( 'NONE',  ( 1.000000000000000000, 0.000000000000000000, 0.000000000000000000 ) ) ;
#1973 = ORIENTED_EDGE ( 'NONE', *, *, #707, .F. ) ;
#1974 = EDGE_LOOP ( 'NONE', ( #230, #1129, #2940, #1531, #3424, #194 ) ) ;
#1975 = CARTESIAN_POINT ( 'NONE',  ( 206.6410161513775847, -30.00000000000002842, -87.32050807568884920 ) ) ;
#1976 = EDGE_CURVE ( 'NONE', #1795, #2599, #1359, .T. ) ;
#1977 = CARTESIAN_POINT ( 'NONE',  ( 90.00000000000000000, 0.000000000000000000, -20.57084224863302424 ) ) ;
#1978 = EDGE_CURVE ( 'NONE', #3259, #1722, #3414, .T. ) ;
#1979 = CARTESIAN_POINT ( 'NONE',  ( 170.2069345775965701, -106.9616492895757744, -65.53399257735395622 ) ) ;
#1980 = ADVANCED_FACE ( 'NONE', ( #2877 ), #498, .T. ) ;
#1981 = CARTESIAN_POINT ( 'NONE',  ( -19.00000000000001421, -50.00000000000000711, -70.00000000000000000 ) ) ;
#1982 = EDGE_LOOP ( 'NONE', ( #2423, #3181, #1705, #2520, #1117, #2007, #275, #52 ) ) ;
#1983 = CARTESIAN_POINT ( 'NONE',  ( 16.34936490538925824, -45.00000000000000711, 28.31793068761757937 ) ) ;
#1984 = ORIENTED_EDGE ( 'NONE', *, *, #3103, .T. ) ;
#1985 = VERTEX_POINT ( 'NONE', #1841 ) ;
#1986 = EDGE_LOOP ( 'NONE', ( #1486, #777 ) ) ;
#1987 = CARTESIAN_POINT ( 'NONE',  ( 217.0259105091364518, -45.00000000000000711, 69.94868888593960321 ) ) ;
#1988 = DIRECTION ( 'NONE',  ( -0.5773502691896362782, -0.5773502691896201799, 0.5773502691896207351 ) ) ;
#1989 = EDGE_CURVE ( 'NONE', #1711, #764, #2894, .T. ) ;
#1990 = ADVANCED_FACE ( 'NONE', ( #2216 ), #123, .F. ) ;
#1991 = PLANE ( 'NONE',  #1025 ) ;
#1992 = ORIENTED_EDGE ( 'NONE', *, *, #1066, .T. ) ;
#1993 = VERTEX_POINT ( 'NONE', #1446 ) ;
#1994 = VECTOR ( 'NONE', #497, 1000.000000000000000 ) ;
#1995 = DIRECTION ( 'NONE',  ( -1.000000000000000000, -2.891205793294679312E-16, 0.000000000000000000 ) ) ;
#1996 = FACE_OUTER_BOUND ( 'NONE', #917, .T. ) ;
#1997 = ORIENTED_EDGE ( 'NONE', *, *, #3251, .F. ) ;
#1998 = FACE_OUTER_BOUND ( 'NONE', #348, .T. ) ;
#1999 = ORIENTED_EDGE ( 'NONE', *, *, #3335, .F. ) ;
#2000 = CARTESIAN_POINT ( 'NONE',  ( 173.0753175473055308, -32.15063509461094782, -65.45800344948540328 ) ) ;
#2001 = VERTEX_POINT ( 'NONE', #2718 ) ;
#2002 = FACE_OUTER_BOUND ( 'NONE', #3175, .T. ) ;
#2003 = FACE_OUTER_BOUND ( 'NONE', #2691, .T. ) ;
#2004 = EDGE_CURVE ( 'NONE', #2306, #1440, #1394, .T. ) ;
#2005 = CARTESIAN_POINT ( 'NONE',  ( 90.00000000000000000, -128.3022701892218436, -55.00000000000000711 ) ) ;
#2006 = ORIENTED_EDGE ( 'NONE', *, *, #1546, .F. ) ;
#2007 = ORIENTED_EDGE ( 'NONE', *, *, #2135, .F. ) ;
#2008 = VECTOR ( 'NONE', #1700, 1000.000000000000000 ) ;
#2009 = DIRECTION ( 'NONE',  ( 0.000000000000000000, 0.000000000000000000, -1.000000000000000000 ) ) ;
#2010 = VECTOR ( 'NONE', #3312, 999.9999999999997726 ) ;
#2011 = CARTESIAN_POINT ( 'NONE',  ( 1.445602896647339351E-14, -50.00000000000000000, -70.00000000000000000 ) ) ;
#2012 = VERTEX_POINT ( 'NONE', #2495 ) ;
#2013 = DIRECTION ( 'NONE',  ( 2.775557561562891351E-16, -1.000000000000000000, 1.734723475976806848E-16 ) ) ;
#2014 = ORIENTED_EDGE ( 'NONE', *, *, #285, .T. ) ;
#2015 = VECTOR ( 'NONE', #1823, 1000.000000000000114 ) ;
#2016 = LINE ( 'NONE', #2744, #2130 ) ;
#2017 = ORIENTED_EDGE ( 'NONE', *, *, #1629, .F. ) ;
#2018 = LINE ( 'NONE', #1209, #2871 ) ;
#2019 = CIRCLE ( 'NONE', #3342, 25.00000000000001421 ) ;
#2020 = CARTESIAN_POINT ( 'NONE',  ( -19.99999999999998579, -50.00000000000000711, -54.61880215351699519 ) ) ;
#2021 = LINE ( 'NONE', #3072, #299 ) ;
#2022 = VERTEX_POINT ( 'NONE', #63 ) ;
#2023 = EDGE_LOOP ( 'NONE', ( #2482, #1808, #1412, #2315 ) ) ;
#2024 = AXIS2_PLACEMENT_3D ( 'NONE', #1398, #541, #843 ) ;
#2025 = DIRECTION ( 'NONE',  ( 0.000000000000000000, 1.000000000000000000, 0.000000000000000000 ) ) ;
#2026 = LINE ( 'NONE', #2787, #3113 ) ;
#2027 = ADVANCED_FACE ( 'NONE', ( #3294 ), #2458, .T. ) ;
#2028 = CARTESIAN_POINT ( 'NONE',  ( 208.8060796608386909, -103.3012701892218672, -63.57050807568888473 ) ) ;
#2029 = ORIENTED_EDGE ( 'NONE', *, *, #1883, .F. ) ;
#2030 = ORIENTED_EDGE ( 'NONE', *, *, #614, .T. ) ;
#2031 = CARTESIAN_POINT ( 'NONE',  ( -1.734723475976807094E-14, 60.00000000000000000, -75.00000000000001421 ) ) ;
#2032 = LINE ( 'NONE', #2297, #773 ) ;
#2033 = CARTESIAN_POINT ( 'NONE',  ( -19.00000000000001421, -50.00000000000000711, -54.61880215351699519 ) ) ;
#2034 = VERTEX_POINT ( 'NONE', #3273 ) ;
#2035 = VERTEX_POINT ( 'NONE', #1424 ) ;
#2036 = EDGE_CURVE ( 'NONE', #1857, #764, #101, .T. ) ;
#2037 = LINE ( 'NONE', #2316, #1692 ) ;
#2038 = EDGE_CURVE ( 'NONE', #2501, #407, #1377, .T. ) ;
#2039 =( BOUNDED_CURVE ( )  B_SPLINE_CURVE ( 3, ( #1060, #2116, #536, #2615 ),
 .UNSPECIFIED., .F., .F. )
 B_SPLINE_CURVE_WITH_KNOTS ( ( 4, 4 ),
 ( 1.570796326794896558, 2.226059829508671317 ),
 .UNSPECIFIED. )
 CURVE ( )  GEOMETRIC_REPRESENTATION_ITEM ( )  RATIONAL_B_SPLINE_CURVE ( ( 1.000000000000000000, 0.9645380695248413350, 0.9645380695248413350, 1.000000000000000000 ) )
 REPRESENTATION_ITEM ( '' )  );
#2040 = EDGE_CURVE ( 'NONE', #175, #1357, #608, .T. ) ;
#2041 = EDGE_CURVE ( 'NONE', #1716, #1166, #2754, .T. ) ;
#2042 = CARTESIAN_POINT ( 'NONE',  ( 192.6506350946110615, 19.42617797022816006, -31.55255888325783786 ) ) ;
#2043 = AXIS2_PLACEMENT_3D ( 'NONE', #723, #2813, #1775 ) ;
#2044 = CIRCLE ( 'NONE', #107, 5.499999999999997335 ) ;
#2045 = CARTESIAN_POINT ( 'NONE',  ( 160.0000000000000000, -44.99999999999996447, -45.00000000000000000 ) ) ;
#2046 = DIRECTION ( 'NONE',  ( -0.8660254037844379305, 0.000000000000000000, 0.5000000000000011102 ) ) ;
#2047 = ORIENTED_EDGE ( 'NONE', *, *, #2218, .T. ) ;
#2048 = ORIENTED_EDGE ( 'NONE', *, *, #1162, .T. ) ;
#2049 = FACE_OUTER_BOUND ( 'NONE', #2498, .T. ) ;
#2050 = VECTOR ( 'NONE', #3221, 1000.000000000000000 ) ;
#2051 = CARTESIAN_POINT ( 'NONE',  ( 208.0163336986830416, 20.55063509461093929, -84.93838820721478555 ) ) ;
#2052 = DIRECTION ( 'NONE',  ( -0.5000000000000005551, 0.000000000000000000, -0.8660254037844382635 ) ) ;
#2053 = EDGE_CURVE ( 'NONE', #3386, #1439, #2425, .T. ) ;
#2054 = ORIENTED_EDGE ( 'NONE', *, *, #1572, .T. ) ;
#2055 = ORIENTED_EDGE ( 'NONE', *, *, #880, .F. ) ;
#2056 = PLANE ( 'NONE',  #2069 ) ;
#2057 = EDGE_CURVE ( 'NONE', #940, #1630, #2474, .T. ) ;
#2058 = LINE ( 'NONE', #3405, #2885 ) ;
#2059 = VECTOR ( 'NONE', #2558, 1000.000000000000000 ) ;
#2060 = CIRCLE ( 'NONE', #284, 20.99999999999999645 ) ;
#2061 = CARTESIAN_POINT ( 'NONE',  ( 198.4137748154255974, -103.3012701892218672, -57.57050807568896289 ) ) ;
#2062 = DIRECTION ( 'NONE',  ( -0.8660254037844379305, -0.000000000000000000, 0.5000000000000011102 ) ) ;
#2063 = EDGE_LOOP ( 'NONE', ( #581, #3323 ) ) ;
#2064 = ORIENTED_EDGE ( 'NONE', *, *, #1728, .T. ) ;
#2065 = LINE ( 'NONE', #196, #3318 ) ;
#2066 = DIRECTION ( 'NONE',  ( -1.000000000000000000, 0.000000000000000000, -0.000000000000000000 ) ) ;
#2067 = VECTOR ( 'NONE', #3379, 1000.000000000000000 ) ;
#2068 = DIRECTION ( 'NONE',  ( 0.8660254037844380415, 0.000000000000000000, -0.5000000000000014433 ) ) ;
#2069 = AXIS2_PLACEMENT_3D ( 'NONE', #744, #1247, #3357 ) ;
#2070 = ORIENTED_EDGE ( 'NONE', *, *, #653, .T. ) ;
#2071 = ORIENTED_EDGE ( 'NONE', *, *, #1922, .F. ) ;
#2072 = CARTESIAN_POINT ( 'NONE',  ( 192.6506350946110615, 19.42617797022816006, -31.55255888325783786 ) ) ;
#2073 = CARTESIAN_POINT ( 'NONE',  ( 228.2916512459885610, -73.30127018922186721, -49.82050807568897710 ) ) ;
#2074 = AXIS2_PLACEMENT_3D ( 'NONE', #2399, #594, #2973 ) ;
#2075 = ORIENTED_EDGE ( 'NONE', *, *, #1008, .T. ) ;
#2076 = DIRECTION ( 'NONE',  ( 0.5000000000000006661, 0.000000000000000000, 0.8660254037844382635 ) ) ;
#2077 = EDGE_CURVE ( 'NONE', #1175, #980, #590, .T. ) ;
#2078 = CYLINDRICAL_SURFACE ( 'NONE', #1594, 25.00000000000000711 ) ;
#2079 = VERTEX_POINT ( 'NONE', #2701 ) ;
#2080 = CARTESIAN_POINT ( 'NONE',  ( 1.363145136744051166E-29, -10.00000000000000000, -15.57084224863302424 ) ) ;
#2081 = ADVANCED_FACE ( 'NONE', ( #322 ), #3015, .F. ) ;
#2082 = PRODUCT_DEFINITION_SHAPE ( 'NONE', 'NONE',  #2221 ) ;
#2083 = DIRECTION ( 'NONE',  ( -2.312964634635743450E-16, 1.000000000000000000, 0.000000000000000000 ) ) ;
#2084 = VERTEX_POINT ( 'NONE', #2179 ) ;
#2085 = DIRECTION ( 'NONE',  ( -0.5000000000000011102, 0.000000000000000000, -0.8660254037844379305 ) ) ;
#2086 = FACE_OUTER_BOUND ( 'NONE', #2588, .T. ) ;
#2087 = DIRECTION ( 'NONE',  ( 0.5773502691896362782, 0.5773502691896204020, 0.5773502691896205130 ) ) ;
#2088 = VERTEX_POINT ( 'NONE', #1409 ) ;
#2089 = ORIENTED_EDGE ( 'NONE', *, *, #2545, .F. ) ;
#2090 = CARTESIAN_POINT ( 'NONE',  ( 210.6327255372726484, -50.00000000000000000, 56.59199869795408233 ) ) ;
#2091 = CARTESIAN_POINT ( 'NONE',  ( 189.3205080756888492, -73.30127018922186721, -77.32050807568884920 ) ) ;
#2092 = DIRECTION ( 'NONE',  ( -0.8660254037844380415, -0.000000000000000000, 0.5000000000000011102 ) ) ;
#2093 = PLANE ( 'NONE',  #620 ) ;
#2094 = DIRECTION ( 'NONE',  ( 0.8660254037844378194, 0.000000000000000000, -0.5000000000000015543 ) ) ;
#2095 = VERTEX_POINT ( 'NONE', #3240 ) ;
#2096 = DIRECTION ( 'NONE',  ( 0.000000000000000000, 1.000000000000000000, 0.000000000000000000 ) ) ;
#2097 = VECTOR ( 'NONE', #197, 1000.000000000000000 ) ;
#2098 = AXIS2_PLACEMENT_3D ( 'NONE', #2795, #1487, #1416 ) ;
#2099 = DIRECTION ( 'NONE',  ( -6.009258394948639083E-16, -1.000000000000000000, 3.469446951953626022E-16 ) ) ;
#2100 = EDGE_LOOP ( 'NONE', ( #312, #1410, #3001, #2190 ) ) ;
#2101 = PLANE ( 'NONE',  #433 ) ;
#2102 = CARTESIAN_POINT ( 'NONE',  ( 227.2163336986830871, -32.15063509461094782, -51.68301270189237329 ) ) ;
#2103 = FACE_BOUND ( 'NONE', #2750, .T. ) ;
#2104 = VERTEX_POINT ( 'NONE', #886 ) ;
#2105 = ORIENTED_EDGE ( 'NONE', *, *, #2955, .T. ) ;
#2106 = DIRECTION ( 'NONE',  ( -0.5000000000000011102, 0.000000000000000000, -0.8660254037844379305 ) ) ;
#2107 = EDGE_CURVE ( 'NONE', #1143, #1099, #870, .T. ) ;
#2108 = DIRECTION ( 'NONE',  ( 0.5000000000000014433, 0.000000000000000000, 0.8660254037844379305 ) ) ;
#2109 = ORIENTED_EDGE ( 'NONE', *, *, #235, .F. ) ;
#2110 = DIRECTION ( 'NONE',  ( 0.000000000000000000, -1.000000000000000000, 0.000000000000000000 ) ) ;
#2111 = VECTOR ( 'NONE', #1939, 1000.000000000000000 ) ;
#2112 = CARTESIAN_POINT ( 'NONE',  ( 175.8753175473055421, -17.24936490538906142, -60.60826118829256615 ) ) ;
#2113 = ORIENTED_EDGE ( 'NONE', *, *, #1736, .F. ) ;
#2114 = DIRECTION ( 'NONE',  ( -0.8660254037844378194, 0.000000000000000000, 0.5000000000000014433 ) ) ;
#2115 = EDGE_CURVE ( 'NONE', #1176, #2429, #1667, .T. ) ;
#2116 = CARTESIAN_POINT ( 'NONE',  ( 167.5808654829152715, -98.63040922659897092, -64.01783087862915522 ) ) ;
#2117 = ORIENTED_EDGE ( 'NONE', *, *, #854, .T. ) ;
#2118 = CARTESIAN_POINT ( 'NONE',  ( 171.2451905283833185, -5.000000000000000000, -58.62787643056319808 ) ) ;
#2119 = CARTESIAN_POINT ( 'NONE',  ( 40.00000000000000000, -50.00000000000000000, -75.00000000000001421 ) ) ;
#2120 = VECTOR ( 'NONE', #2634, 1000.000000000000000 ) ;
#2121 = EDGE_CURVE ( 'NONE', #1582, #2508, #2998, .T. ) ;
#2122 = PLANE ( 'NONE',  #2353 ) ;
#2123 = EDGE_LOOP ( 'NONE', ( #954, #851, #36, #1115 ) ) ;
#2124 = EDGE_CURVE ( 'NONE', #3402, #3397, #644, .T. ) ;
#2125 = VECTOR ( 'NONE', #3118, 1000.000000000000114 ) ;
#2126 = PLANE ( 'NONE',  #1634 ) ;
#2127 = DIRECTION ( 'NONE',  ( -0.5000000000000011102, 0.000000000000000000, -0.8660254037844379305 ) ) ;
#2128 = EDGE_LOOP ( 'NONE', ( #46, #2105, #2604, #28, #124, #201, #1894, #1932, #2570, #2271, #1663, #328 ) ) ;
#2129 = AXIS2_PLACEMENT_3D ( 'NONE', #3371, #1720, #459 ) ;
#2130 = VECTOR ( 'NONE', #1188, 1000.000000000000000 ) ;
#2131 = DIRECTION ( 'NONE',  ( 0.8660254037844379305, 0.000000000000000000, -0.5000000000000012212 ) ) ;
#2132 = DIRECTION ( 'NONE',  ( -0.8660254037844380415, -0.000000000000000000, 0.5000000000000011102 ) ) ;
#2133 = ORIENTED_EDGE ( 'NONE', *, *, #1591, .F. ) ;
#2134 = DIRECTION ( 'NONE',  ( 0.5000000000000011102, -0.000000000000000000, 0.8660254037844380415 ) ) ;
#2135 = EDGE_CURVE ( 'NONE', #96, #2913, #731, .T. ) ;
#2136 = FACE_BOUND ( 'NONE', #1896, .T. ) ;
#2137 = EDGE_LOOP ( 'NONE', ( #2630, #2409, #3117, #3016, #2684, #3338, #1919, #297 ) ) ;
#2138 = CARTESIAN_POINT ( 'NONE',  ( 173.3753175473054853, 0.000000000000000000, -64.93838820721472871 ) ) ;
#2139 = CARTESIAN_POINT ( 'NONE',  ( 208.8060796608386909, -103.3012701892218672, -63.57050807568888473 ) ) ;
#2140 = FACE_OUTER_BOUND ( 'NONE', #3227, .T. ) ;
#2141 = ORIENTED_EDGE ( 'NONE', *, *, #34, .F. ) ;
#2142 = PLANE ( 'NONE',  #636 ) ;
#2143 = LINE ( 'NONE', #1403, #789 ) ;
#2144 = VERTEX_POINT ( 'NONE', #1462 ) ;
#2145 = DIRECTION ( 'NONE',  ( 0.5773502691896362782, 0.5773502691896201799, 0.5773502691896207351 ) ) ;
#2146 = DIRECTION ( 'NONE',  ( -0.2961981327260195251, 0.9396926207859100932, 0.1710100716628325801 ) ) ;
#2147 = ORIENTED_EDGE ( 'NONE', *, *, #2453, .F. ) ;
#2148 = CARTESIAN_POINT ( 'NONE',  ( 164.7644348416720845, -45.00000000000000711, -20.57084224863301714 ) ) ;
#2149 = DIRECTION ( 'NONE',  ( 0.8660254037844380415, 0.000000000000000000, -0.5000000000000011102 ) ) ;
#2150 = ORIENTED_EDGE ( 'NONE', *, *, #557, .F. ) ;
#2151 = CARTESIAN_POINT ( 'NONE',  ( 162.1284737398948437, -13.13347139114622308, -20.57084224863302069 ) ) ;
#2152 = CIRCLE ( 'NONE', #828, 25.00000000000000000 ) ;
#2153 = CARTESIAN_POINT ( 'NONE',  ( -44.66666666666689878, -49.33333333333384019, -44.33333333333381887 ) ) ;
#2154 = ORIENTED_EDGE ( 'NONE', *, *, #3412, .T. ) ;
#2155 = CARTESIAN_POINT ( 'NONE',  ( 175.5753175473055308, -66.15063509461094782, -61.12787643056320519 ) ) ;
#2156 = EDGE_CURVE ( 'NONE', #727, #1930, #748, .T. ) ;
#2157 = LINE ( 'NONE', #3007, #1511 ) ;
#2158 = ORIENTED_EDGE ( 'NONE', *, *, #442, .T. ) ;
#2159 = VECTOR ( 'NONE', #3150, 1000.000000000000114 ) ;
#2160 = DIRECTION ( 'NONE',  ( 0.000000000000000000, 0.000000000000000000, 1.000000000000000000 ) ) ;
#2161 = LINE ( 'NONE', #2422, #711 ) ;
#2162 = ORIENTED_EDGE ( 'NONE', *, *, #1118, .T. ) ;
#2163 = DIRECTION ( 'NONE',  ( -0.000000000000000000, 1.000000000000000000, -0.000000000000000000 ) ) ;
#2164 = CARTESIAN_POINT ( 'NONE',  ( -19.99999999999997868, -75.00000000000001421, -69.00000000000005684 ) ) ;
#2165 = VERTEX_POINT ( 'NONE', #464 ) ;
#2166 = CARTESIAN_POINT ( 'NONE',  ( 40.00000000000000000, -50.00000000000000000, -50.00000000000000000 ) ) ;
#2167 = VERTEX_POINT ( 'NONE', #170 ) ;
#2168 = VECTOR ( 'NONE', #2025, 1000.000000000000000 ) ;
#2169 = CARTESIAN_POINT ( 'NONE',  ( 228.2936512459885421, -4.999999999999935163, -20.57084224863302779 ) ) ;
#2170 = ORIENTED_EDGE ( 'NONE', *, *, #2187, .T. ) ;
#2171 = DIRECTION ( 'NONE',  ( 0.8660254037844380415, -4.842171946378971851E-16, -0.5000000000000012212 ) ) ;
#2172 = CARTESIAN_POINT ( 'NONE',  ( 90.00000000000000000, 0.000000000000000000, -55.00000000000000711 ) ) ;
#2173 = EDGE_LOOP ( 'NONE', ( #3085, #613, #1555, #50, #67 ) ) ;
#2174 = FACE_OUTER_BOUND ( 'NONE', #1009, .T. ) ;
#2175 = CIRCLE ( 'NONE', #1794, 25.00000000000001421 ) ;
#2176 = ORIENTED_EDGE ( 'NONE', *, *, #2727, .F. ) ;
#2177 = DIRECTION ( 'NONE',  ( -0.6704553245517351767, -0.6329714662133689718, 0.3870875621095637431 ) ) ;
#2178 = VECTOR ( 'NONE', #2777, 1000.000000000000000 ) ;
#2179 = CARTESIAN_POINT ( 'NONE',  ( 189.7753175473055478, -17.24936490538906142, -36.53275496308518910 ) ) ;
#2180 = ADVANCED_FACE ( 'NONE', ( #678 ), #1738, .F. ) ;
#2181 = VERTEX_POINT ( 'NONE', #987 ) ;
#2182 = ADVANCED_FACE ( 'NONE', ( #204 ), #1784, .F. ) ;
#2183 = VECTOR ( 'NONE', #1137, 1000.000000000000000 ) ;
#2184 = LINE ( 'NONE', #2118, #3314 ) ;
#2185 = VERTEX_POINT ( 'NONE', #953 ) ;
#2186 = EDGE_CURVE ( 'NONE', #64, #2526, #2579, .T. ) ;
#2187 = EDGE_CURVE ( 'NONE', #3301, #932, #2514, .T. ) ;
#2188 = EDGE_CURVE ( 'NONE', #519, #2022, #1529, .T. ) ;
#2189 = LINE ( 'NONE', #38, #693 ) ;
#2190 = ORIENTED_EDGE ( 'NONE', *, *, #2907, .F. ) ;
#2191 = DIRECTION ( 'NONE',  ( 1.000000000000000000, 0.000000000000000000, 9.629649721936188844E-33 ) ) ;
#2192 = DIRECTION ( 'NONE',  ( 1.000000000000000000, 2.775557561562891351E-16, 0.000000000000000000 ) ) ;
#2193 = ORIENTED_EDGE ( 'NONE', *, *, #530, .F. ) ;
#2194 = VECTOR ( 'NONE', #2986, 1000.000000000000114 ) ;
#2195 = LINE ( 'NONE', #1389, #2389 ) ;
#2196 = DIRECTION ( 'NONE',  ( -0.5773502691896366112, 0.5773502691896204020, 0.5773502691896204020 ) ) ;
#2197 = CARTESIAN_POINT ( 'NONE',  ( 189.3205080756888492, -73.30127018922186721, -77.32050807568884920 ) ) ;
#2198 = AXIS2_PLACEMENT_3D ( 'NONE', #1110, #818, #1635 ) ;
#2199 = DIRECTION ( 'NONE',  ( -0.6704553245517352877, -0.6329714662133689718, 0.3870875621095634100 ) ) ;
#2200 = EDGE_CURVE ( 'NONE', #2902, #168, #413, .T. ) ;
#2201 = ORIENTED_EDGE ( 'NONE', *, *, #2229, .T. ) ;
#2202 = LINE ( 'NONE', #1723, #1618 ) ;
#2203 = VERTEX_POINT ( 'NONE', #2321 ) ;
#2204 = CARTESIAN_POINT ( 'NONE',  ( 115.0350412241866138, -37.15063509461094782, -26.17493159859606777 ) ) ;
#2205 = VECTOR ( 'NONE', #1241, 1000.000000000000000 ) ;
#2206 = EDGE_LOOP ( 'NONE', ( #3406, #1753, #3369, #2842, #793, #2860 ) ) ;
#2207 = CARTESIAN_POINT ( 'NONE',  ( 185.3012701892218104, 6.869593345583482406E-14, -75.00000000000001421 ) ) ;
#2208 = CARTESIAN_POINT ( 'NONE',  ( -1.460399282160837586, -17.53960071783867392, -37.07920143567832838 ) ) ;
#2209 = AXIS2_PLACEMENT_3D ( 'NONE', #3417, #2584, #1825 ) ;
#2210 = CARTESIAN_POINT ( 'NONE',  ( -19.00000000000000711, -75.00000000000001421, -70.00000000000000000 ) ) ;
#2211 = ORIENTED_EDGE ( 'NONE', *, *, #3385, .F. ) ;
#2212 = EDGE_CURVE ( 'NONE', #2705, #2339, #2304, .T. ) ;
#2213 = DIRECTION ( 'NONE',  ( 0.8660254037844379305, -0.000000000000000000, -0.5000000000000011102 ) ) ;
#2214 = PLANE ( 'NONE',  #1766 ) ;
#2215 = LINE ( 'NONE', #1445, #240 ) ;
#2216 = FACE_OUTER_BOUND ( 'NONE', #2412, .T. ) ;
#2217 = ORIENTED_EDGE ( 'NONE', *, *, #1002, .T. ) ;
#2218 = EDGE_CURVE ( 'NONE', #105, #842, #2060, .T. ) ;
#2219 = LINE ( 'NONE', #125, #2499 ) ;
#2220 = VERTEX_POINT ( 'NONE', #3077 ) ;
#2221 = PRODUCT_DEFINITION ( '�', '', #1195, #2729 ) ;
#2222 = AXIS2_PLACEMENT_3D ( 'NONE', #627, #1965, #3242 ) ;
#2223 = LINE ( 'NONE', #3330, #1853 ) ;
#2224 = VERTEX_POINT ( 'NONE', #1496 ) ;
#2225 = VECTOR ( 'NONE', #897, 1000.000000000000000 ) ;
#2226 = CARTESIAN_POINT ( 'NONE',  ( 189.7535207775812012, -103.3012701892218672, -52.57050807568897710 ) ) ;
#2227 = DIRECTION ( 'NONE',  ( 0.5773502691896366112, -0.5773502691896204020, 0.5773502691896204020 ) ) ;
#2228 = AXIS2_PLACEMENT_3D ( 'NONE', #1234, #1202, #2254 ) ;
#2229 = EDGE_CURVE ( 'NONE', #519, #2913, #2026, .T. ) ;
#2230 = DIRECTION ( 'NONE',  ( 0.000000000000000000, -0.000000000000000000, -1.000000000000000000 ) ) ;
#2231 = EDGE_CURVE ( 'NONE', #2808, #3019, #3062, .T. ) ;
#2232 = ORIENTED_EDGE ( 'NONE', *, *, #1055, .F. ) ;
#2233 = ORIENTED_EDGE ( 'NONE', *, *, #2798, .T. ) ;
#2234 = CARTESIAN_POINT ( 'NONE',  ( 198.3060796608386909, -103.3012701892218672, -81.75704155516208971 ) ) ;
#2235 = PLANE ( 'NONE',  #1113 ) ;
#2236 = CARTESIAN_POINT ( 'NONE',  ( 192.6506350946110615, 19.42617797022816006, -31.55255888325783786 ) ) ;
#2237 = AXIS2_PLACEMENT_3D ( 'NONE', #3254, #2442, #1132 ) ;
#2238 = VECTOR ( 'NONE', #2561, 1000.000000000000000 ) ;
#2239 = CARTESIAN_POINT ( 'NONE',  ( 0.000000000000000000, 0.000000000000000000, -75.00000000000001421 ) ) ;
#2240 = ORIENTED_EDGE ( 'NONE', *, *, #339, .T. ) ;
#2241 = DIRECTION ( 'NONE',  ( 0.8660254037844378194, 0.000000000000000000, -0.5000000000000013323 ) ) ;
#2242 = ADVANCED_FACE ( 'NONE', ( #1996 ), #142, .F. ) ;
#2243 = ORIENTED_EDGE ( 'NONE', *, *, #82, .F. ) ;
#2244 = EDGE_CURVE ( 'NONE', #159, #1715, #2549, .T. ) ;
#2245 = VECTOR ( 'NONE', #2313, 1000.000000000000000 ) ;
#2246 = LINE ( 'NONE', #699, #918 ) ;
#2247 = VERTEX_POINT ( 'NONE', #2285 ) ;
#2248 = CARTESIAN_POINT ( 'NONE',  ( 193.6506350946110899, -81.30127018922185300, -29.82050807568893802 ) ) ;
#2249 = CARTESIAN_POINT ( 'NONE',  ( -1.734723475976807094E-14, 60.00000000000000000, -50.00000000000000000 ) ) ;
#2250 = DIRECTION ( 'NONE',  ( -2.312964634635742957E-16, 1.000000000000000000, 0.000000000000000000 ) ) ;
#2251 = ORIENTED_EDGE ( 'NONE', *, *, #1897, .T. ) ;
#2252 = ORIENTED_EDGE ( 'NONE', *, *, #1782, .T. ) ;
#2253 = FACE_OUTER_BOUND ( 'NONE', #890, .T. ) ;
#2254 = DIRECTION ( 'NONE',  ( -0.8660254037844379305, 0.000000000000000000, 0.5000000000000011102 ) ) ;
#2255 = ORIENTED_EDGE ( 'NONE', *, *, #2727, .T. ) ;
#2256 = LINE ( 'NONE', #2531, #2010 ) ;
#2257 = ORIENTED_EDGE ( 'NONE', *, *, #2229, .F. ) ;
#2258 = ORIENTED_EDGE ( 'NONE', *, *, #598, .T. ) ;
#2259 = EDGE_CURVE ( 'NONE', #585, #2931, #1481, .T. ) ;
#2260 = CARTESIAN_POINT ( 'NONE',  ( 185.3012701892218104, 6.869593345583482406E-14, -75.00000000000001421 ) ) ;
#2261 = ORIENTED_EDGE ( 'NONE', *, *, #1631, .F. ) ;
#2262 = DIRECTION ( 'NONE',  ( 1.000000000000000000, 2.891205793294678819E-16, -0.000000000000000000 ) ) ;
#2263 = LINE ( 'NONE', #3320, #2869 ) ;
#2264 = CARTESIAN_POINT ( 'NONE',  ( 0.000000000000000000, 0.000000000000000000, -50.00000000000000000 ) ) ;
#2265 = ORIENTED_EDGE ( 'NONE', *, *, #2737, .F. ) ;
#2266 = ORIENTED_EDGE ( 'NONE', *, *, #1536, .F. ) ;
#2267 = VECTOR ( 'NONE', #2602, 999.9999999999998863 ) ;
#2268 = CIRCLE ( 'NONE', #2707, 20.99999999999999645 ) ;
#2269 = FACE_OUTER_BOUND ( 'NONE', #1887, .T. ) ;
#2270 = CARTESIAN_POINT ( 'NONE',  ( 221.3060796608387477, -103.3012701892218672, -41.91987298107792981 ) ) ;
#2271 = ORIENTED_EDGE ( 'NONE', *, *, #2004, .F. ) ;
#2272 = LINE ( 'NONE', #1818, #257 ) ;
#2273 = ORIENTED_EDGE ( 'NONE', *, *, #1012, .T. ) ;
#2274 = CARTESIAN_POINT ( 'NONE',  ( 238.3656564712920556, -37.15063509461094782, 57.62818081025078953 ) ) ;
#2275 = ORIENTED_EDGE ( 'NONE', *, *, #56, .T. ) ;
#2276 = LINE ( 'NONE', #2207, #2377 ) ;
#2277 = LINE ( 'NONE', #455, #545 ) ;
#2278 = VECTOR ( 'NONE', #3247, 1000.000000000000000 ) ;
#2279 = LINE ( 'NONE', #1196, #412 ) ;
#2280 = ORIENTED_EDGE ( 'NONE', *, *, #1827, .T. ) ;
#2281 = EDGE_LOOP ( 'NONE', ( #2525, #1957, #1450, #1457 ) ) ;
#2282 = VECTOR ( 'NONE', #2821, 1000.000000000000227 ) ;
#2283 = EDGE_CURVE ( 'NONE', #593, #2095, #1251, .T. ) ;
#2284 = DIRECTION ( 'NONE',  ( 0.000000000000000000, 0.000000000000000000, -1.000000000000000000 ) ) ;
#2285 = CARTESIAN_POINT ( 'NONE',  ( 188.7624885908245744, -81.30127018922183879, -38.28702617508733397 ) ) ;
#2286 = ORIENTED_EDGE ( 'NONE', *, *, #1938, .F. ) ;
#2287 = DIRECTION ( 'NONE',  ( 0.000000000000000000, -0.000000000000000000, -1.000000000000000000 ) ) ;
#2288 = ORIENTED_EDGE ( 'NONE', *, *, #3263, .T. ) ;
#2289 = VECTOR ( 'NONE', #2199, 1000.000000000000227 ) ;
#2290 = ADVANCED_FACE ( 'NONE', ( #694 ), #2856, .F. ) ;
#2291 = ADVANCED_FACE ( 'NONE', ( #2872 ), #3169, .F. ) ;
#2292 = EDGE_LOOP ( 'NONE', ( #1589, #2672, #3234 ) ) ;
#2293 = EDGE_CURVE ( 'NONE', #3298, #1272, #1854, .T. ) ;
#2294 = CARTESIAN_POINT ( 'NONE',  ( 188.5808654829153852, -98.63040922659897092, -27.64476391968262448 ) ) ;
#2295 = EDGE_CURVE ( 'NONE', #3328, #2981, #2337, .T. ) ;
#2296 = VECTOR ( 'NONE', #2982, 1000.000000000000000 ) ;
#2297 = CARTESIAN_POINT ( 'NONE',  ( 90.00000000000000000, 0.000000000000000000, -20.57084224863302424 ) ) ;
#2298 = EDGE_CURVE ( 'NONE', #2581, #2705, #817, .T. ) ;
#2299 = CARTESIAN_POINT ( 'NONE',  ( 228.2916512459885610, -30.00000000000002842, -49.82050807568897710 ) ) ;
#2300 = ORIENTED_EDGE ( 'NONE', *, *, #3251, .T. ) ;
#2301 = ORIENTED_EDGE ( 'NONE', *, *, #2937, .F. ) ;
#2302 = CARTESIAN_POINT ( 'NONE',  ( 182.8253175473055592, -103.3012701892218672, -48.57050807568885631 ) ) ;
#2303 = CARTESIAN_POINT ( 'NONE',  ( -20.00000000000000000, -5.782411586589358033E-15, -54.61880215351699519 ) ) ;
#2304 = LINE ( 'NONE', #3375, #1676 ) ;
#2305 = CARTESIAN_POINT ( 'NONE',  ( 171.5451905283833298, -5.000000000000000000, -58.10826118829255194 ) ) ;
#2306 = VERTEX_POINT ( 'NONE', #2594 ) ;
#2307 = LINE ( 'NONE', #3363, #2895 ) ;
#2308 = ADVANCED_FACE ( 'NONE', ( #1336 ), #1317, .T. ) ;
#2309 = ORIENTED_EDGE ( 'NONE', *, *, #1952, .F. ) ;
#2310 = EDGE_CURVE ( 'NONE', #2035, #2247, #2388, .T. ) ;
#2311 = LINE ( 'NONE', #3365, #993 ) ;
#2312 = CARTESIAN_POINT ( 'NONE',  ( 227.2163336986830871, -32.15063509461094782, -51.68301270189237329 ) ) ;
#2313 = DIRECTION ( 'NONE',  ( 0.000000000000000000, 1.000000000000000000, 0.000000000000000000 ) ) ;
#2314 = ORIENTED_EDGE ( 'NONE', *, *, #3413, .T. ) ;
#2315 = ORIENTED_EDGE ( 'NONE', *, *, #492, .T. ) ;
#2316 = CARTESIAN_POINT ( 'NONE',  ( 171.5451905283833298, -5.000000000000000000, -58.10826118829255194 ) ) ;
#2317 = CARTESIAN_POINT ( 'NONE',  ( 170.1698729810778445, -5.000000000000000000, -60.49038105676662269 ) ) ;
#2318 = AXIS2_PLACEMENT_3D ( 'NONE', #2102, #3156, #824 ) ;
#2319 = ADVANCED_FACE ( 'NONE', ( #2372 ), #3426, .F. ) ;
#2320 = AXIS2_PLACEMENT_3D ( 'NONE', #2618, #500, #1011 ) ;
#2321 = CARTESIAN_POINT ( 'NONE',  ( 40.00000000000000711, -39.99999999999995026, -20.57084224863302424 ) ) ;
#2322 = CARTESIAN_POINT ( 'NONE',  ( 1.041752371433769619E-29, -10.00000000000000000, -20.57084224863302424 ) ) ;
#2323 = VERTEX_POINT ( 'NONE', #782 ) ;
#2324 = DIRECTION ( 'NONE',  ( 0.5000000000000011102, 0.000000000000000000, 0.8660254037844380415 ) ) ;
#2325 = ORIENTED_EDGE ( 'NONE', *, *, #1194, .F. ) ;
#2326 = CARTESIAN_POINT ( 'NONE',  ( 193.6506350946110331, -134.8518645242728269, -29.82050807568893447 ) ) ;
#2327 = VECTOR ( 'NONE', #340, 999.9999999999998863 ) ;
#2328 = LINE ( 'NONE', #3123, #1545 ) ;
#2329 = CARTESIAN_POINT ( 'NONE',  ( 184.1387354857860146, -94.62383515162207459, -21.78043363442880676 ) ) ;
#2330 = ORIENTED_EDGE ( 'NONE', *, *, #1107, .T. ) ;
#2331 = ORIENTED_EDGE ( 'NONE', *, *, #3028, .T. ) ;
#2332 = CARTESIAN_POINT ( 'NONE',  ( 185.7451905283833753, -5.000000000000000000, -33.51313972081449322 ) ) ;
#2333 = EDGE_CURVE ( 'NONE', #1742, #1786, #1078, .T. ) ;
#2334 = CARTESIAN_POINT ( 'NONE',  ( 190.0753175473055592, -66.15063509461094782, -36.01313972081450743 ) ) ;
#2335 = ADVANCED_FACE ( 'NONE', ( #1835 ), #219, .F. ) ;
#2336 = VECTOR ( 'NONE', #1941, 1000.000000000000000 ) ;
#2337 = LINE ( 'NONE', #3185, #453 ) ;
#2338 = CARTESIAN_POINT ( 'NONE',  ( 238.7258169865498871, -4.999999999999934275, -64.79433899129959684 ) ) ;
#2339 = VERTEX_POINT ( 'NONE', #2355 ) ;
#2340 = LINE ( 'NONE', #3394, #2616 ) ;
#2341 = CARTESIAN_POINT ( 'NONE',  ( 2.168404344971009499E-14, -75.00000000000001421, -70.00000000000000000 ) ) ;
#2342 = EDGE_CURVE ( 'NONE', #2931, #887, #532, .T. ) ;
#2343 = ORIENTED_EDGE ( 'NONE', *, *, #640, .T. ) ;
#2344 = CARTESIAN_POINT ( 'NONE',  ( 175.8753175473055421, -17.24936490538906142, -60.60826118829256615 ) ) ;
#2345 = DIRECTION ( 'NONE',  ( -2.891205793294678819E-16, 1.000000000000000000, 0.000000000000000000 ) ) ;
#2346 = LINE ( 'NONE', #1331, #2626 ) ;
#2347 = AXIS2_PLACEMENT_3D ( 'NONE', #845, #3261, #92 ) ;
#2348 = ORIENTED_EDGE ( 'NONE', *, *, #2595, .T. ) ;
#2349 = ORIENTED_EDGE ( 'NONE', *, *, #3049, .F. ) ;
#2350 = LINE ( 'NONE', #1571, #72 ) ;
#2351 = VECTOR ( 'NONE', #1207, 1000.000000000000114 ) ;
#2352 = PLANE ( 'NONE',  #2888 ) ;
#2353 = AXIS2_PLACEMENT_3D ( 'NONE', #2849, #1588, #1864 ) ;
#2354 = PLANE ( 'NONE',  #3206 ) ;
#2355 = CARTESIAN_POINT ( 'NONE',  ( 175.5753175473055308, -66.15063509461094782, -61.12787643056320519 ) ) ;
#2356 = CARTESIAN_POINT ( 'NONE',  ( 198.3060796608386909, -103.3012701892218672, -81.75704155516208971 ) ) ;
#2357 = VERTEX_POINT ( 'NONE', #765 ) ;
#2358 = DIRECTION ( 'NONE',  ( -0.5481693696114611214, 0.7741751242191248217, 0.3164857331066855406 ) ) ;
#2359 = PLANE ( 'NONE',  #910 ) ;
#2360 = ORIENTED_EDGE ( 'NONE', *, *, #2802, .T. ) ;
#2361 = CARTESIAN_POINT ( 'NONE',  ( 179.9422863405993382, -17.24936490538906142, -45.00000000000000711 ) ) ;
#2362 = ADVANCED_FACE ( 'NONE', ( #252 ), #2407, .F. ) ;
#2363 = CARTESIAN_POINT ( 'NONE',  ( 2.775557561562891351E-15, -10.00000000000000000, -20.57084224863302779 ) ) ;
#2364 = CARTESIAN_POINT ( 'NONE',  ( 169.0531557454425240, -103.3012701892218672, -64.86785805802442439 ) ) ;
#2365 = ORIENTED_EDGE ( 'NONE', *, *, #1880, .T. ) ;
#2366 = ORIENTED_EDGE ( 'NONE', *, *, #991, .T. ) ;
#2367 = AXIS2_PLACEMENT_3D ( 'NONE', #1252, #1768, #750 ) ;
#2368 = FACE_OUTER_BOUND ( 'NONE', #1151, .T. ) ;
#2369 = DIRECTION ( 'NONE',  ( -1.000000000000000000, 0.000000000000000000, -0.000000000000000000 ) ) ;
#2370 = ADVANCED_FACE ( 'NONE', ( #2610, #236 ), #2093, .T. ) ;
#2371 = CARTESIAN_POINT ( 'NONE',  ( 160.1797199089039054, -90.80127018922182458, -60.49606618319761964 ) ) ;
#2372 = FACE_OUTER_BOUND ( 'NONE', #54, .T. ) ;
#2373 = VECTOR ( 'NONE', #1315, 1000.000000000000114 ) ;
#2374 = DIRECTION ( 'NONE',  ( 0.5481693696114606773, -0.7741751242191251547, -0.3164857331066852075 ) ) ;
#2375 = ORIENTED_EDGE ( 'NONE', *, *, #1562, .T. ) ;
#2376 = LINE ( 'NONE', #1303, #1408 ) ;
#2377 = VECTOR ( 'NONE', #1454, 1000.000000000000000 ) ;
#2378 = DIRECTION ( 'NONE',  ( -0.5000000000000011102, 0.000000000000000000, -0.8660254037844380415 ) ) ;
#2379 = ORIENTED_EDGE ( 'NONE', *, *, #2547, .F. ) ;
#2380 = DIRECTION ( 'NONE',  ( 0.000000000000000000, 1.000000000000000000, 0.000000000000000000 ) ) ;
#2381 = DIRECTION ( 'NONE',  ( 0.000000000000000000, 0.000000000000000000, -1.000000000000000000 ) ) ;
#2382 = LINE ( 'NONE', #3109, #1801 ) ;
#2383 = ORIENTED_EDGE ( 'NONE', *, *, #394, .F. ) ;
#2384 = FACE_OUTER_BOUND ( 'NONE', #466, .T. ) ;
#2385 = CARTESIAN_POINT ( 'NONE',  ( 185.3012701892218388, 5.551115123125782702E-14, -75.00000000000001421 ) ) ;
#2386 = ORIENTED_EDGE ( 'NONE', *, *, #2004, .T. ) ;
#2387 = EDGE_CURVE ( 'NONE', #2167, #2755, #512, .T. ) ;
#2388 = LINE ( 'NONE', #493, #127 ) ;
#2389 = VECTOR ( 'NONE', #2421, 1000.000000000000114 ) ;
#2390 = LINE ( 'NONE', #45, #2050 ) ;
#2391 = ORIENTED_EDGE ( 'NONE', *, *, #2962, .F. ) ;
#2392 = LINE ( 'NONE', #2914, #2960 ) ;
#2393 = VECTOR ( 'NONE', #1220, 1000.000000000000114 ) ;
#2394 = LINE ( 'NONE', #1584, #1077 ) ;
#2395 = EDGE_LOOP ( 'NONE', ( #3069, #685, #1269, #2832 ) ) ;
#2396 = DIRECTION ( 'NONE',  ( -0.5000000000000012212, 7.211110073938385635E-16, -0.8660254037844380415 ) ) ;
#2397 = LINE ( 'NONE', #21, #1878 ) ;
#2398 = EDGE_CURVE ( 'NONE', #2165, #3218, #1093, .T. ) ;
#2399 = CARTESIAN_POINT ( 'NONE',  ( -20.00000000000000000, -5.782411586589358033E-15, 0.000000000000000000 ) ) ;
#2400 = VERTEX_POINT ( 'NONE', #3202 ) ;
#2401 = VECTOR ( 'NONE', #49, 1000.000000000000000 ) ;
#2402 = FACE_OUTER_BOUND ( 'NONE', #2993, .T. ) ;
#2403 = ADVANCED_FACE ( 'NONE', ( #2174 ), #2470, .F. ) ;
#2404 = CARTESIAN_POINT ( 'NONE',  ( -19.00000000000000711, 24.99999999999999289, -54.61880215351699519 ) ) ;
#2405 = ORIENTED_EDGE ( 'NONE', *, *, #2854, .T. ) ;
#2406 = VECTOR ( 'NONE', #296, 1000.000000000000114 ) ;
#2407 = PLANE ( 'NONE',  #3332 ) ;
#2408 = CARTESIAN_POINT ( 'NONE',  ( 186.8205080756888492, -99.94486109113255168, -31.65063509461107216 ) ) ;
#2409 = ORIENTED_EDGE ( 'NONE', *, *, #1232, .F. ) ;
#2410 = FACE_OUTER_BOUND ( 'NONE', #1332, .T. ) ;
#2411 = PLANE ( 'NONE',  #1522 ) ;
#2412 = EDGE_LOOP ( 'NONE', ( #3162, #2952, #2275, #1797 ) ) ;
#2413 = DIRECTION ( 'NONE',  ( 0.5000000000000014433, 0.000000000000000000, 0.8660254037844379305 ) ) ;
#2414 = ADVANCED_FACE ( 'NONE', ( #2945 ), #2697, .T. ) ;
#2415 = EDGE_CURVE ( 'NONE', #560, #343, #1904, .T. ) ;
#2416 = DIRECTION ( 'NONE',  ( -4.193443915056526365E-16, -1.000000000000000000, 2.421085973189493321E-16 ) ) ;
#2417 = ORIENTED_EDGE ( 'NONE', *, *, #1500, .T. ) ;
#2418 = CARTESIAN_POINT ( 'NONE',  ( 173.3753175473055421, -17.24936490538905787, -64.93838820721464344 ) ) ;
#2419 = LINE ( 'NONE', #1124, #8 ) ;
#2420 = VERTEX_POINT ( 'NONE', #1633 ) ;
#2421 = DIRECTION ( 'NONE',  ( -0.8660254037844380415, -0.000000000000000000, 0.5000000000000011102 ) ) ;
#2422 = CARTESIAN_POINT ( 'NONE',  ( -20.00000000000000711, 24.99999999999999289, -54.61880215351699519 ) ) ;
#2423 = ORIENTED_EDGE ( 'NONE', *, *, #1906, .F. ) ;
#2424 = LINE ( 'NONE', #271, #1822 ) ;
#2425 = LINE ( 'NONE', #3224, #2401 ) ;
#2426 = AXIS2_PLACEMENT_3D ( 'NONE', #1379, #3192, #1586 ) ;
#2427 = ORIENTED_EDGE ( 'NONE', *, *, #812, .T. ) ;
#2428 = CARTESIAN_POINT ( 'NONE',  ( 160.0000000000000000, -44.99999999999996447, -70.00000000000000000 ) ) ;
#2429 = VERTEX_POINT ( 'NONE', #97 ) ;
#2430 = VECTOR ( 'NONE', #132, 1000.000000000000227 ) ;
#2431 = FACE_OUTER_BOUND ( 'NONE', #135, .T. ) ;
#2432 = ORIENTED_EDGE ( 'NONE', *, *, #1976, .F. ) ;
#2433 = LINE ( 'NONE', #633, #162 ) ;
#2434 = LINE ( 'NONE', #57, #3272 ) ;
#2435 = ORIENTED_EDGE ( 'NONE', *, *, #2310, .F. ) ;
#2436 = ADVANCED_FACE ( 'NONE', ( #1921 ), #1160, .F. ) ;
#2437 = CARTESIAN_POINT ( 'NONE',  ( -20.00000000000000000, -5.782411586589358033E-15, -69.00000000000002842 ) ) ;
#2438 = EDGE_CURVE ( 'NONE', #2981, #304, #3250, .T. ) ;
#2439 = CARTESIAN_POINT ( 'NONE',  ( -19.66666666666667140, 0.6666666666666530849, -69.33333333333335702 ) ) ;
#2440 = ORIENTED_EDGE ( 'NONE', *, *, #1880, .F. ) ;
#2441 = LINE ( 'NONE', #3172, #2735 ) ;
#2442 = DIRECTION ( 'NONE',  ( -0.8660254037844380415, 0.000000000000000000, 0.5000000000000012212 ) ) ;
#2443 = ORIENTED_EDGE ( 'NONE', *, *, #1012, .F. ) ;
#2444 = CARTESIAN_POINT ( 'NONE',  ( 206.6410161513775847, -30.00000000000002842, -87.32050807568884920 ) ) ;
#2445 = ORIENTED_EDGE ( 'NONE', *, *, #208, .F. ) ;
#2446 = VECTOR ( 'NONE', #878, 1000.000000000000000 ) ;
#2447 = FACE_BOUND ( 'NONE', #487, .T. ) ;
#2448 = ORIENTED_EDGE ( 'NONE', *, *, #1710, .F. ) ;
#2449 = DIRECTION ( 'NONE',  ( -1.000000000000000000, 0.000000000000000000, 0.000000000000000000 ) ) ;
#2450 = LINE ( 'NONE', #3217, #2446 ) ;
#2451 = AXIS2_PLACEMENT_3D ( 'NONE', #1043, #2099, #786 ) ;
#2452 = ORIENTED_EDGE ( 'NONE', *, *, #779, .F. ) ;
#2453 = EDGE_CURVE ( 'NONE', #152, #143, #355, .T. ) ;
#2454 = LINE ( 'NONE', #1889, #2336 ) ;
#2455 = CIRCLE ( 'NONE', #1905, 21.00000000000002842 ) ;
#2456 = CARTESIAN_POINT ( 'NONE',  ( 152.4234256186223320, 0.000000000000000000, -53.70856651003111182 ) ) ;
#2457 = DIRECTION ( 'NONE',  ( 0.5000000000000011102, 0.000000000000000000, 0.8660254037844380415 ) ) ;
#2458 = PLANE ( 'NONE',  #2512 ) ;
#2459 = ORIENTED_EDGE ( 'NONE', *, *, #3028, .F. ) ;
#2460 = CARTESIAN_POINT ( 'NONE',  ( 190.0531557454425808, -103.3012701892218672, -28.49479109907802865 ) ) ;
#2461 = ORIENTED_EDGE ( 'NONE', *, *, #232, .T. ) ;
#2462 = PLANE ( 'NONE',  #2074 ) ;
#2463 = EDGE_CURVE ( 'NONE', #1582, #1928, #2195, .T. ) ;
#2464 = ORIENTED_EDGE ( 'NONE', *, *, #2665, .T. ) ;
#2465 = FACE_OUTER_BOUND ( 'NONE', #1223, .T. ) ;
#2466 = DIRECTION ( 'NONE',  ( -0.5000000000000011102, 0.000000000000000000, -0.8660254037844379305 ) ) ;
#2467 = LINE ( 'NONE', #3233, #2225 ) ;
#2468 = ORIENTED_EDGE ( 'NONE', *, *, #3200, .T. ) ;
#2469 = EDGE_CURVE ( 'NONE', #2181, #2957, #44, .T. ) ;
#2470 = CYLINDRICAL_SURFACE ( 'NONE', #2836, 20.99999999999998934 ) ;
#2471 = DIRECTION ( 'NONE',  ( -0.000000000000000000, 0.000000000000000000, 1.000000000000000000 ) ) ;
#2472 = DIRECTION ( 'NONE',  ( 0.000000000000000000, 1.000000000000000000, 0.000000000000000000 ) ) ;
#2473 = AXIS2_PLACEMENT_3D ( 'NONE', #447, #2873, #1004 ) ;
#2474 = LINE ( 'NONE', #853, #2958 ) ;
#2475 = VERTEX_POINT ( 'NONE', #2682 ) ;
#2476 = CARTESIAN_POINT ( 'NONE',  ( -19.99999999999998579, -50.00000000000000711, -55.61880215351694545 ) ) ;
#2477 = ORIENTED_EDGE ( 'NONE', *, *, #1536, .T. ) ;
#2478 = ADVANCED_FACE ( 'NONE', ( #1179 ), #3269, .F. ) ;
#2479 = VERTEX_POINT ( 'NONE', #2234 ) ;
#2480 = EDGE_CURVE ( 'NONE', #2429, #776, #1680, .T. ) ;
#2481 = VECTOR ( 'NONE', #112, 1000.000000000000114 ) ;
#2482 = ORIENTED_EDGE ( 'NONE', *, *, #2053, .F. ) ;
#2483 = PLANE ( 'NONE',  #2651 ) ;
#2484 = CARTESIAN_POINT ( 'NONE',  ( 250.1540839316074312, -17.24936490538906142, -45.00000000000000711 ) ) ;
#2485 = AXIS2_PLACEMENT_3D ( 'NONE', #3070, #3319, #1172 ) ;
#2486 = FACE_OUTER_BOUND ( 'NONE', #1974, .T. ) ;
#2487 = ORIENTED_EDGE ( 'NONE', *, *, #2908, .T. ) ;
#2488 = EDGE_LOOP ( 'NONE', ( #1967, #2047 ) ) ;
#2489 = EDGE_CURVE ( 'NONE', #1272, #479, #2733, .T. ) ;
#2490 = DIRECTION ( 'NONE',  ( 0.000000000000000000, -1.000000000000000000, 0.000000000000000000 ) ) ;
#2491 = EDGE_CURVE ( 'NONE', #1143, #690, #639, .T. ) ;
#2492 = LINE ( 'NONE', #2439, #113 ) ;
#2493 = VECTOR ( 'NONE', #120, 1000.000000000000000 ) ;
#2494 = DIRECTION ( 'NONE',  ( -0.5000000000000013323, 0.000000000000000000, -0.8660254037844378194 ) ) ;
#2495 = CARTESIAN_POINT ( 'NONE',  ( 192.5035207775812012, -103.3012701892218672, -47.80736835487456915 ) ) ;
#2496 = EDGE_LOOP ( 'NONE', ( #2916, #2217, #826, #19 ) ) ;
#2497 = LINE ( 'NONE', #1222, #1126 ) ;
#2498 = EDGE_LOOP ( 'NONE', ( #1568, #307, #1868 ) ) ;
#2499 = VECTOR ( 'NONE', #104, 1000.000000000000000 ) ;
#2500 = LINE ( 'NONE', #684, #3347 ) ;
#2501 = VERTEX_POINT ( 'NONE', #2751 ) ;
#2502 = AXIS2_PLACEMENT_3D ( 'NONE', #2264, #1244, #2230 ) ;
#2503 = CARTESIAN_POINT ( 'NONE',  ( 0.000000000000000000, 0.000000000000000000, -50.00000000000000000 ) ) ;
#2504 = LINE ( 'NONE', #2312, #2542 ) ;
#2505 =( BOUNDED_CURVE ( )  B_SPLINE_CURVE ( 3, ( #434, #1256, #2294, #1565 ),
 .UNSPECIFIED., .F., .F. )
 B_SPLINE_CURVE_WITH_KNOTS ( ( 4, 4 ),
 ( 4.057125477670915359, 4.712388980384689674 ),
 .UNSPECIFIED. )
 CURVE ( )  GEOMETRIC_REPRESENTATION_ITEM ( )  RATIONAL_B_SPLINE_CURVE ( ( 1.000000000000000000, 0.9645380695248413350, 0.9645380695248413350, 1.000000000000000000 ) )
 REPRESENTATION_ITEM ( '' )  );
#2506 = AXIS2_PLACEMENT_3D ( 'NONE', #1613, #2889, #1283 ) ;
#2507 = DIRECTION ( 'NONE',  ( -0.000000000000000000, 1.000000000000000000, -0.000000000000000000 ) ) ;
#2508 = VERTEX_POINT ( 'NONE', #603 ) ;
#2509 = ORIENTED_EDGE ( 'NONE', *, *, #1855, .T. ) ;
#2510 = CARTESIAN_POINT ( 'NONE',  ( 162.4451308199080586, -103.3012701892218672, -65.67151524197232959 ) ) ;
#2511 = CARTESIAN_POINT ( 'NONE',  ( 173.0753175473055308, -71.15063509461094782, -65.45800344948540328 ) ) ;
#2512 = AXIS2_PLACEMENT_3D ( 'NONE', #2239, #922, #624 ) ;
#2513 = VECTOR ( 'NONE', #2449, 1000.000000000000000 ) ;
#2514 = LINE ( 'NONE', #3343, #338 ) ;
#2515 = VERTEX_POINT ( 'NONE', #2713 ) ;
#2516 = CARTESIAN_POINT ( 'NONE',  ( 90.00000000000000000, 0.000000000000000000, -55.00000000000000711 ) ) ;
#2517 = ORIENTED_EDGE ( 'NONE', *, *, #1429, .F. ) ;
#2518 = VECTOR ( 'NONE', #486, 1000.000000000000114 ) ;
#2519 = CARTESIAN_POINT ( 'NONE',  ( 247.5031842508528825, -49.99999999999993605, -75.00000000000001421 ) ) ;
#2520 = ORIENTED_EDGE ( 'NONE', *, *, #3427, .T. ) ;
#2521 = LINE ( 'NONE', #3280, #1048 ) ;
#2522 = EDGE_CURVE ( 'NONE', #3048, #3259, #118, .T. ) ;
#2523 = DIRECTION ( 'NONE',  ( 0.000000000000000000, -0.000000000000000000, 1.000000000000000000 ) ) ;
#2524 = DIRECTION ( 'NONE',  ( 0.000000000000000000, 1.000000000000000000, 0.000000000000000000 ) ) ;
#2525 = ORIENTED_EDGE ( 'NONE', *, *, #134, .F. ) ;
#2526 = VERTEX_POINT ( 'NONE', #3288 ) ;
#2527 = DIRECTION ( 'NONE',  ( 1.000000000000000000, 0.000000000000000000, -0.000000000000000000 ) ) ;
#2528 = DIRECTION ( 'NONE',  ( 0.8660254037844377084, 0.000000000000000000, -0.5000000000000017764 ) ) ;
#2529 = CARTESIAN_POINT ( 'NONE',  ( 152.4234256186223320, 0.000000000000000000, -53.70856651003111182 ) ) ;
#2530 = VERTEX_POINT ( 'NONE', #1371 ) ;
#2531 = CARTESIAN_POINT ( 'NONE',  ( 206.6410161513775563, -30.00000000000002842, -87.32050807568890605 ) ) ;
#2532 = ORIENTED_EDGE ( 'NONE', *, *, #1620, .F. ) ;
#2533 = LINE ( 'NONE', #3068, #579 ) ;
#2534 = EDGE_LOOP ( 'NONE', ( #706, #1597, #2552, #674 ) ) ;
#2535 = CARTESIAN_POINT ( 'NONE',  ( 207.7163336986830586, -71.15063509461094782, -85.45800344948546012 ) ) ;
#2536 = EDGE_CURVE ( 'NONE', #1903, #1741, #2454, .T. ) ;
#2537 = CARTESIAN_POINT ( 'NONE',  ( -2.999999999999864109, -34.00000000000029843, -85.99999999999972999 ) ) ;
#2538 = DIRECTION ( 'NONE',  ( -0.8660254037844380415, 0.000000000000000000, 0.5000000000000011102 ) ) ;
#2539 = VERTEX_POINT ( 'NONE', #2994 ) ;
#2540 = AXIS2_PLACEMENT_3D ( 'NONE', #1335, #1611, #3146 ) ;
#2541 = ORIENTED_EDGE ( 'NONE', *, *, #34, .T. ) ;
#2542 = VECTOR ( 'NONE', #1504, 1000.000000000000114 ) ;
#2543 = AXIS2_PLACEMENT_3D ( 'NONE', #928, #164, #3333 ) ;
#2544 = CARTESIAN_POINT ( 'NONE',  ( 190.0753175473055592, -37.15063509461094782, -36.01313972081450743 ) ) ;
#2545 = EDGE_CURVE ( 'NONE', #805, #2732, #586, .T. ) ;
#2546 = EDGE_CURVE ( 'NONE', #2719, #2581, #77, .T. ) ;
#2547 = EDGE_CURVE ( 'NONE', #2022, #2957, #203, .T. ) ;
#2548 = EDGE_CURVE ( 'NONE', #1857, #1715, #1510, .T. ) ;
#2549 = LINE ( 'NONE', #3310, #3168 ) ;
#2550 = VERTEX_POINT ( 'NONE', #1230 ) ;
#2551 = LINE ( 'NONE', #3064, #1038 ) ;
#2552 = ORIENTED_EDGE ( 'NONE', *, *, #1418, .F. ) ;
#2553 = DIRECTION ( 'NONE',  ( -0.5000000000000011102, -1.387778780781448634E-16, -0.8660254037844379305 ) ) ;
#2554 = ORIENTED_EDGE ( 'NONE', *, *, #1574, .T. ) ;
#2555 = CARTESIAN_POINT ( 'NONE',  ( 40.00000000000000000, -85.00000000000000000, -75.00000000000001421 ) ) ;
#2556 = CARTESIAN_POINT ( 'NONE',  ( -19.99999999999997868, -74.00000000000007105, -54.61880215351699519 ) ) ;
#2557 = VECTOR ( 'NONE', #2943, 1000.000000000000000 ) ;
#2558 = DIRECTION ( 'NONE',  ( 1.000000000000000000, 2.891205793294678819E-16, -0.000000000000000000 ) ) ;
#2559 = ORIENTED_EDGE ( 'NONE', *, *, #2867, .F. ) ;
#2560 = EDGE_LOOP ( 'NONE', ( #840, #2944, #3204, #2029 ) ) ;
#2561 = DIRECTION ( 'NONE',  ( 2.891205793294678819E-16, -1.000000000000000000, -0.000000000000000000 ) ) ;
#2562 = VECTOR ( 'NONE', #2145, 1000.000000000000114 ) ;
#2563 = FACE_OUTER_BOUND ( 'NONE', #600, .T. ) ;
#2564 = EDGE_CURVE ( 'NONE', #969, #2224, #712, .T. ) ;
#2565 = DIRECTION ( 'NONE',  ( 2.891205793294678819E-16, -1.000000000000000000, 0.000000000000000000 ) ) ;
#2566 = CARTESIAN_POINT ( 'NONE',  ( -20.00000000000000711, 24.99999999999999289, -70.00000000000000000 ) ) ;
#2567 = ORIENTED_EDGE ( 'NONE', *, *, #2231, .F. ) ;
#2568 = VECTOR ( 'NONE', #1518, 1000.000000000000000 ) ;
#2569 = CARTESIAN_POINT ( 'NONE',  ( 122.7643769885573164, 0.000000000000000000, -120.8780461012404714 ) ) ;
#2570 = ORIENTED_EDGE ( 'NONE', *, *, #1138, .T. ) ;
#2571 = FACE_OUTER_BOUND ( 'NONE', #948, .T. ) ;
#2572 = LINE ( 'NONE', #3352, #2097 ) ;
#2573 = ADVANCED_FACE ( 'NONE', ( #2253 ), #1737, .F. ) ;
#2574 = LINE ( 'NONE', #1260, #2245 ) ;
#2575 = VERTEX_POINT ( 'NONE', #2510 ) ;
#2576 = ORIENTED_EDGE ( 'NONE', *, *, #3268, .F. ) ;
#2577 = LINE ( 'NONE', #475, #3061 ) ;
#2578 = DIRECTION ( 'NONE',  ( 2.891205793294679312E-16, -1.000000000000000000, 0.000000000000000000 ) ) ;
#2579 = LINE ( 'NONE', #3325, #2282 ) ;
#2580 = FACE_OUTER_BOUND ( 'NONE', #391, .T. ) ;
#2581 = VERTEX_POINT ( 'NONE', #2544 ) ;
#2582 = CARTESIAN_POINT ( 'NONE',  ( 89.99999999999997158, -4.999999999999976907, -55.00000000000000711 ) ) ;
#2583 = ORIENTED_EDGE ( 'NONE', *, *, #3095, .T. ) ;
#2584 = DIRECTION ( 'NONE',  ( 0.5000000000000012212, -0.000000000000000000, 0.8660254037844380415 ) ) ;
#2585 = EDGE_CURVE ( 'NONE', #844, #2144, #2837, .T. ) ;
#2586 = PLANE ( 'NONE',  #1821 ) ;
#2587 = ADVANCED_FACE ( 'NONE', ( #2563 ), #919, .T. ) ;
#2588 = EDGE_LOOP ( 'NONE', ( #3420, #3163, #325, #2375 ) ) ;
#2589 = VERTEX_POINT ( 'NONE', #3096 ) ;
#2590 = LINE ( 'NONE', #1350, #139 ) ;
#2591 = CARTESIAN_POINT ( 'NONE',  ( 162.1284737398948437, -17.24936490538906142, -20.57084224863301714 ) ) ;
#2592 = VECTOR ( 'NONE', #3216, 1000.000000000000114 ) ;
#2593 = EDGE_CURVE ( 'NONE', #279, #705, #1493, .T. ) ;
#2594 = CARTESIAN_POINT ( 'NONE',  ( 181.8303550035148248, -90.80127018922175353, -22.99606618319772267 ) ) ;
#2595 = EDGE_CURVE ( 'NONE', #2508, #64, #658, .T. ) ;
#2596 = FACE_OUTER_BOUND ( 'NONE', #1865, .T. ) ;
#2597 = ORIENTED_EDGE ( 'NONE', *, *, #2937, .T. ) ;
#2598 = CARTESIAN_POINT ( 'NONE',  ( 2.168404344971009499E-14, -75.00000000000001421, -70.00000000000000000 ) ) ;
#2599 = VERTEX_POINT ( 'NONE', #1200 ) ;
#2600 = LINE ( 'NONE', #977, #833 ) ;
#2601 = VECTOR ( 'NONE', #514, 1000.000000000000114 ) ;
#2602 = DIRECTION ( 'NONE',  ( -0.8660254037844380415, -2.403703357979453168E-16, 0.5000000000000012212 ) ) ;
#2603 = DIRECTION ( 'NONE',  ( -0.5000000000000011102, 0.000000000000000000, -0.8660254037844379305 ) ) ;
#2604 = ORIENTED_EDGE ( 'NONE', *, *, #3360, .F. ) ;
#2605 = ORIENTED_EDGE ( 'NONE', *, *, #1855, .F. ) ;
#2606 = PLANE ( 'NONE',  #3395 ) ;
#2607 = DIRECTION ( 'NONE',  ( -0.5000000000000011102, 0.000000000000000000, -0.8660254037844379305 ) ) ;
#2608 = ORIENTED_EDGE ( 'NONE', *, *, #463, .T. ) ;
#2609 = AXIS2_PLACEMENT_3D ( 'NONE', #984, #1995, #2578 ) ;
#2610 = FACE_OUTER_BOUND ( 'NONE', #595, .T. ) ;
#2611 = EDGE_CURVE ( 'NONE', #588, #3356, #1528, .T. ) ;
#2612 = CARTESIAN_POINT ( 'NONE',  ( 173.0000000000000853, 0.000000000000000000, -65.58845726811996713 ) ) ;
#2613 = EDGE_LOOP ( 'NONE', ( #1076, #418, #3403, #625, #353, #1005, #3295, #1365, #525, #700 ) ) ;
#2614 = DIRECTION ( 'NONE',  ( 1.000000000000000000, 2.775557561562891351E-16, 0.000000000000000000 ) ) ;
#2615 = CARTESIAN_POINT ( 'NONE',  ( 167.1942126785861547, -90.50453814755927340, -58.77238278010615602 ) ) ;
#2616 = VECTOR ( 'NONE', #768, 1000.000000000000114 ) ;
#2617 = VERTEX_POINT ( 'NONE', #1718 ) ;
#2618 = CARTESIAN_POINT ( 'NONE',  ( 208.8060796608386909, -103.3012701892218672, -63.57050807568888473 ) ) ;
#2619 = FACE_OUTER_BOUND ( 'NONE', #263, .T. ) ;
#2620 = CARTESIAN_POINT ( 'NONE',  ( 109.7368774458308849, -17.24936490538906142, -22.42321499192411594 ) ) ;
#2621 = VECTOR ( 'NONE', #2818, 1000.000000000000114 ) ;
#2622 = ORIENTED_EDGE ( 'NONE', *, *, #2955, .F. ) ;
#2623 = VERTEX_POINT ( 'NONE', #2768 ) ;
#2624 = LINE ( 'NONE', #2090, #1191 ) ;
#2625 = DIRECTION ( 'NONE',  ( -0.8660254037844379305, 0.000000000000000000, 0.5000000000000014433 ) ) ;
#2626 = VECTOR ( 'NONE', #1291, 1000.000000000000114 ) ;
#2627 = LINE ( 'NONE', #251, #2373 ) ;
#2628 = DIRECTION ( 'NONE',  ( 0.000000000000000000, 0.000000000000000000, -1.000000000000000000 ) ) ;
#2629 = DIRECTION ( 'NONE',  ( 0.000000000000000000, -1.000000000000000000, 0.000000000000000000 ) ) ;
#2630 = ORIENTED_EDGE ( 'NONE', *, *, #854, .F. ) ;
#2631 = FACE_OUTER_BOUND ( 'NONE', #84, .T. ) ;
#2632 = CARTESIAN_POINT ( 'NONE',  ( 250.1540839316074312, -37.15063509461094782, -45.00000000000000711 ) ) ;
#2633 = ORIENTED_EDGE ( 'NONE', *, *, #598, .F. ) ;
#2634 = DIRECTION ( 'NONE',  ( 0.000000000000000000, -1.000000000000000000, -3.204937810639280423E-16 ) ) ;
#2635 = LINE ( 'NONE', #2880, #3088 ) ;
#2636 = FACE_OUTER_BOUND ( 'NONE', #1228, .T. ) ;
#2637 = EDGE_CURVE ( 'NONE', #2203, #663, #730, .T. ) ;
#2638 = ORIENTED_EDGE ( 'NONE', *, *, #1577, .T. ) ;
#2639 = VECTOR ( 'NONE', #2132, 1000.000000000000114 ) ;
#2640 = LINE ( 'NONE', #264, #578 ) ;
#2641 = CARTESIAN_POINT ( 'NONE',  ( 227.2163336986830871, -32.15063509461094782, -51.68301270189237329 ) ) ;
#2642 = CLOSED_SHELL ( 'NONE', ( #310, #2291, #337, #2403, #1954, #1267, #1935, #829, #2027, #3094, #2573, #2648, #410, #3264, #2081, #1515, #1322, #2771, #2656, #192, #1671, #2370, #2362, #2893, #1265, #2985, #568, #1152, #1363, #160, #1474, #1990, #713, #1617, #25, #1751, #1030, #3012, #668, #3159, #3051, #1337, #2478, #729, #2308, #1094, #596, #933, #3076, #1934, #392, #326, #2909, #3158, #274, #1451, #106, #1980, #3106, #1788, #73, #2242, #3281, #2840, #888, #710, #260, #2436, #2978, #2414, #1679, #814, #2180, #364, #210, #2852, #2716, #2335, #3213, #3199, #2290, #90, #2748, #102, #2652, #749, #354, #1000, #1681, #2650, #654, #2319, #2951, #1578, #2182, #2649, #1259, #138, #1086, #1936, #383, #3308, #803, #435 ) ) ;
#2643 = LINE ( 'NONE', #2926, #2925 ) ;
#2644 = AXIS2_PLACEMENT_3D ( 'NONE', #2693, #55, #2466 ) ;
#2645 = DIRECTION ( 'NONE',  ( 0.5000000000000015543, -0.000000000000000000, 0.8660254037844378194 ) ) ;
#2646 = CARTESIAN_POINT ( 'NONE',  ( -20.00000000000000000, 0.9999999999999731326, -69.00000000000002842 ) ) ;
#2647 = EDGE_LOOP ( 'NONE', ( #1229, #359, #1755, #128 ) ) ;
#2648 = ADVANCED_FACE ( 'NONE', ( #1460 ), #1750, .F. ) ;
#2649 = ADVANCED_FACE ( 'NONE', ( #1479 ), #934, .T. ) ;
#2650 = ADVANCED_FACE ( 'NONE', ( #675 ), #2785, .T. ) ;
#2651 = AXIS2_PLACEMENT_3D ( 'NONE', #3037, #912, #149 ) ;
#2652 = ADVANCED_FACE ( 'NONE', ( #2269 ), #3324, .F. ) ;
#2653 = LINE ( 'NONE', #1342, #1187 ) ;
#2654 = ORIENTED_EDGE ( 'NONE', *, *, #3385, .T. ) ;
#2655 = DIRECTION ( 'NONE',  ( -6.009258394948639083E-16, -1.000000000000000000, 3.469446951953626022E-16 ) ) ;
#2656 = ADVANCED_FACE ( 'NONE', ( #3060 ), #2352, .F. ) ;
#2657 = DIRECTION ( 'NONE',  ( -0.000000000000000000, 0.000000000000000000, -1.000000000000000000 ) ) ;
#2658 = CARTESIAN_POINT ( 'NONE',  ( 193.6506350946110615, -128.3012701892218672, -29.82050807568892381 ) ) ;
#2659 = ORIENTED_EDGE ( 'NONE', *, *, #1321, .F. ) ;
#2660 = DIRECTION ( 'NONE',  ( -0.5000000000000011102, 0.000000000000000000, -0.8660254037844379305 ) ) ;
#2661 = CARTESIAN_POINT ( 'NONE',  ( 190.0531557454425808, -103.3012701892218672, -28.49479109907802865 ) ) ;
#2662 = CARTESIAN_POINT ( 'NONE',  ( 1.387778780781445676E-14, -50.00000000000000000, -50.00000000000000000 ) ) ;
#2663 = DIRECTION ( 'NONE',  ( 1.000000000000000000, 2.312964634635746901E-16, 0.000000000000000000 ) ) ;
#2664 = AXIS2_PLACEMENT_3D ( 'NONE', #2303, #393, #3307 ) ;
#2665 = EDGE_CURVE ( 'NONE', #320, #647, #1468, .T. ) ;
#2666 = LINE ( 'NONE', #1596, #1761 ) ;
#2667 = ORIENTED_EDGE ( 'NONE', *, *, #991, .F. ) ;
#2668 = PLANE ( 'NONE',  #1219 ) ;
#2669 = EDGE_CURVE ( 'NONE', #3046, #3386, #250, .T. ) ;
#2670 = VECTOR ( 'NONE', #3359, 1000.000000000000000 ) ;
#2671 = DIRECTION ( 'NONE',  ( -0.7071067811865376918, 0.7071067811865573427, 0.000000000000000000 ) ) ;
#2672 = ORIENTED_EDGE ( 'NONE', *, *, #1055, .T. ) ;
#2673 = FACE_OUTER_BOUND ( 'NONE', #2281, .T. ) ;
#2674 = CARTESIAN_POINT ( 'NONE',  ( 208.0163336986830416, -17.24936490538906142, -84.93838820721478555 ) ) ;
#2675 = ORIENTED_EDGE ( 'NONE', *, *, #198, .F. ) ;
#2676 = VECTOR ( 'NONE', #1721, 1000.000000000000114 ) ;
#2677 = CARTESIAN_POINT ( 'NONE',  ( 123.6368774458309048, -17.24936490538906142, -20.57084224863302069 ) ) ;
#2678 = VECTOR ( 'NONE', #1279, 1000.000000000000000 ) ;
#2679 = LINE ( 'NONE', #2210, #2111 ) ;
#2680 = CARTESIAN_POINT ( 'NONE',  ( 25.50000000000019540, -37.15063509461094782, 44.16729559300652852 ) ) ;
#2681 = AXIS2_PLACEMENT_3D ( 'NONE', #503, #758, #808 ) ;
#2682 = CARTESIAN_POINT ( 'NONE',  ( 2.168404344971009499E-14, -75.00000000000001421, -54.61880215351699519 ) ) ;
#2683 = LINE ( 'NONE', #2408, #3215 ) ;
#2684 = ORIENTED_EDGE ( 'NONE', *, *, #2522, .T. ) ;
#2685 = LINE ( 'NONE', #341, #351 ) ;
#2686 = DIRECTION ( 'NONE',  ( -1.000000000000000000, -2.775557561562891351E-16, 0.000000000000000000 ) ) ;
#2687 = ORIENTED_EDGE ( 'NONE', *, *, #1216, .T. ) ;
#2688 = DIRECTION ( 'NONE',  ( -0.000000000000000000, 1.000000000000000000, 0.000000000000000000 ) ) ;
#2689 = ORIENTED_EDGE ( 'NONE', *, *, #816, .F. ) ;
#2690 = DIRECTION ( 'NONE',  ( 0.5000000000000012212, -0.000000000000000000, 0.8660254037844380415 ) ) ;
#2691 = EDGE_LOOP ( 'NONE', ( #2391, #2252, #997, #3031 ) ) ;
#2692 = EDGE_CURVE ( 'NONE', #3154, #585, #780, .T. ) ;
#2693 = CARTESIAN_POINT ( 'NONE',  ( 235.3138707406113781, -128.3012701892218672, 42.34233287089818276 ) ) ;
#2694 = EDGE_CURVE ( 'NONE', #3019, #2084, #2058, .T. ) ;
#2695 = DIRECTION ( 'NONE',  ( 2.775557561562891351E-16, -1.000000000000000000, 0.000000000000000000 ) ) ;
#2696 = ORIENTED_EDGE ( 'NONE', *, *, #2188, .F. ) ;
#2697 = PLANE ( 'NONE',  #1512 ) ;
#2698 = DIRECTION ( 'NONE',  ( -0.000000000000000000, -1.000000000000000000, -0.000000000000000000 ) ) ;
#2699 = ORIENTED_EDGE ( 'NONE', *, *, #1257, .F. ) ;
#2700 = CARTESIAN_POINT ( 'NONE',  ( 1.387778780781445676E-14, -50.00000000000000000, -15.57084224863302246 ) ) ;
#2701 = CARTESIAN_POINT ( 'NONE',  ( 130.0000000000000000, -4.999999999999961808, -20.57084224863302779 ) ) ;
#2702 = AXIS2_PLACEMENT_3D ( 'NONE', #3176, #2688, #539 ) ;
#2703 = EDGE_LOOP ( 'NONE', ( #942, #2258, #3370, #2288 ) ) ;
#2704 = LINE ( 'NONE', #841, #2728 ) ;
#2705 = VERTEX_POINT ( 'NONE', #2334 ) ;
#2706 = VECTOR ( 'NONE', #1549, 1000.000000000000114 ) ;
#2707 = AXIS2_PLACEMENT_3D ( 'NONE', #1637, #1892, #1097 ) ;
#2708 = CARTESIAN_POINT ( 'NONE',  ( 169.5014774713271777, -45.00000000000000711, -21.65148811307946630 ) ) ;
#2709 = ORIENTED_EDGE ( 'NONE', *, *, #1429, .T. ) ;
#2710 = LINE ( 'NONE', #2208, #1660 ) ;
#2711 = CARTESIAN_POINT ( 'NONE',  ( 40.00000000000000000, 0.000000000000000000, -50.00000000000000000 ) ) ;
#2712 = VERTEX_POINT ( 'NONE', #1554 ) ;
#2713 = CARTESIAN_POINT ( 'NONE',  ( 171.2451905283833185, -37.15063509461094782, -58.62787643056319808 ) ) ;
#2714 = DIRECTION ( 'NONE',  ( 0.000000000000000000, -0.000000000000000000, 1.000000000000000000 ) ) ;
#2715 = DIRECTION ( 'NONE',  ( -0.000000000000000000, -0.000000000000000000, -1.000000000000000000 ) ) ;
#2716 = ADVANCED_FACE ( 'NONE', ( #1314 ), #795, .F. ) ;
#2717 = AXIS2_PLACEMENT_3D ( 'NONE', #476, #282, #3166 ) ;
#2718 = CARTESIAN_POINT ( 'NONE',  ( 1.249000902703301266E-14, -45.00000000000000711, -20.57084224863302779 ) ) ;
#2719 = VERTEX_POINT ( 'NONE', #3114 ) ;
#2720 = FACE_OUTER_BOUND ( 'NONE', #2023, .T. ) ;
#2721 = ORIENTED_EDGE ( 'NONE', *, *, #1906, .T. ) ;
#2722 = AXIS2_PLACEMENT_3D ( 'NONE', #2839, #2565, #2805 ) ;
#2723 = CARTESIAN_POINT ( 'NONE',  ( 228.2916512459885610, 23.30127018922184590, -49.82050807568898421 ) ) ;
#2724 = ORIENTED_EDGE ( 'NONE', *, *, #1683, .F. ) ;
#2725 = CARTESIAN_POINT ( 'NONE',  ( 39.99999999999998579, 60.00000000000000000, -50.00000000000000000 ) ) ;
#2726 = DIRECTION ( 'NONE',  ( -1.000000000000000000, -2.775557561562891351E-16, -0.000000000000000000 ) ) ;
#2727 = EDGE_CURVE ( 'NONE', #3297, #683, #1833, .T. ) ;
#2728 = VECTOR ( 'NONE', #276, 1000.000000000000114 ) ;
#2729 = PRODUCT_DEFINITION_CONTEXT ( 'detailed design', #511, 'design' ) ;
#2730 = DIRECTION ( 'NONE',  ( 0.5000000000000012212, 0.000000000000000000, 0.8660254037844380415 ) ) ;
#2731 = PRESENTATION_LAYER_ASSIGNMENT (  '', '', ( #136 ) ) ;
#2732 = VERTEX_POINT ( 'NONE', #2868 ) ;
#2733 = LINE ( 'NONE', #2437, #618 ) ;
#2734 = EDGE_CURVE ( 'NONE', #805, #776, #2886, .T. ) ;
#2735 = VECTOR ( 'NONE', #2457, 1000.000000000000114 ) ;
#2736 = FACE_OUTER_BOUND ( 'NONE', #2891, .T. ) ;
#2737 = EDGE_CURVE ( 'NONE', #3141, #168, #1850, .T. ) ;
#2738 = CARTESIAN_POINT ( 'NONE',  ( -7.228014483236696753E-15, 25.00000000000000000, -54.61880215351699519 ) ) ;
#2739 = DIRECTION ( 'NONE',  ( 0.5000000000000008882, -0.000000000000000000, 0.8660254037844380415 ) ) ;
#2740 = ORIENTED_EDGE ( 'NONE', *, *, #1426, .F. ) ;
#2741 = CYLINDRICAL_SURFACE ( 'NONE', #95, 20.99999999999998934 ) ;
#2742 = ORIENTED_EDGE ( 'NONE', *, *, #985, .F. ) ;
#2743 = EDGE_LOOP ( 'NONE', ( #2622, #2689, #1023, #430 ) ) ;
#2744 = CARTESIAN_POINT ( 'NONE',  ( 228.2936512459885421, -4.999999999999935163, -20.57084224863302779 ) ) ;
#2745 = ORIENTED_EDGE ( 'NONE', *, *, #1500, .F. ) ;
#2746 = CARTESIAN_POINT ( 'NONE',  ( 156.8436001592664866, -4.999999999999959144, -49.62029403116729753 ) ) ;
#2747 = PLANE ( 'NONE',  #408 ) ;
#2748 = ADVANCED_FACE ( 'NONE', ( #1541 ), #490, .F. ) ;
#2749 = CARTESIAN_POINT ( 'NONE',  ( 192.6506350946110615, 0.000000000000000000, -31.55255888325783786 ) ) ;
#2750 = EDGE_LOOP ( 'NONE', ( #1158, #2071 ) ) ;
#2751 = CARTESIAN_POINT ( 'NONE',  ( -19.00000000000000711, -75.00000000000001421, -70.00000000000000000 ) ) ;
#2752 = CARTESIAN_POINT ( 'NONE',  ( 221.3060796608387477, -103.3012701892218672, -41.91987298107792270 ) ) ;
#2753 = DIRECTION ( 'NONE',  ( -0.7071067811865379138, -2.044391222244471487E-16, -0.7071067811865571207 ) ) ;
#2754 = LINE ( 'NONE', #2164, #1018 ) ;
#2755 = VERTEX_POINT ( 'NONE', #2591 ) ;
#2756 = CARTESIAN_POINT ( 'NONE',  ( 189.7535207775812012, -103.3012701892218672, -52.57050807568897710 ) ) ;
#2757 = ORIENTED_EDGE ( 'NONE', *, *, #2911, .T. ) ;
#2758 = ORIENTED_EDGE ( 'NONE', *, *, #1292, .F. ) ;
#2759 = CARTESIAN_POINT ( 'NONE',  ( 179.5544268690792364, -44.99999999999995737, -4.239268990253966862 ) ) ;
#2760 = VECTOR ( 'NONE', #2191, 1000.000000000000000 ) ;
#2761 = EDGE_LOOP ( 'NONE', ( #3033, #1651, #2443, #3267 ) ) ;
#2762 = CARTESIAN_POINT ( 'NONE',  ( 228.2916512459885610, -30.00000000000002842, -49.82050807568897710 ) ) ;
#2763 = CARTESIAN_POINT ( 'NONE',  ( 13.84936490538918186, -134.8518645242728269, 23.98780366869532088 ) ) ;
#2764 = VECTOR ( 'NONE', #454, 1000.000000000000114 ) ;
#2765 = CARTESIAN_POINT ( 'NONE',  ( 109.7368774458308849, -17.24936490538906142, -22.42321499192411594 ) ) ;
#2766 = ORIENTED_EDGE ( 'NONE', *, *, #2834, .T. ) ;
#2767 = ORIENTED_EDGE ( 'NONE', *, *, #2593, .T. ) ;
#2768 = CARTESIAN_POINT ( 'NONE',  ( 179.1132486540519722, -17.24936490538906142, -45.00000000000002132 ) ) ;
#2769 = VECTOR ( 'NONE', #1163, 1000.000000000000000 ) ;
#2770 = CARTESIAN_POINT ( 'NONE',  ( 182.1718671043240931, -4.999999999999949374, -5.750448814660330754 ) ) ;
#2771 = ADVANCED_FACE ( 'NONE', ( #746, #3390 ), #3423, .F. ) ;
#2772 = ORIENTED_EDGE ( 'NONE', *, *, #82, .T. ) ;
#2773 = CARTESIAN_POINT ( 'NONE',  ( 206.6410161513775847, -19.99999999999996092, -87.32050807568884920 ) ) ;
#2774 = EDGE_LOOP ( 'NONE', ( #974, #1102, #529, #3052, #1224, #491, #2265, #2874, #509, #1420, #989, #2461, #1639, #2365, #224, #696 ) ) ;
#2775 = EDGE_CURVE ( 'NONE', #2800, #2034, #1800, .T. ) ;
#2776 = VERTEX_POINT ( 'NONE', #2641 ) ;
#2777 = DIRECTION ( 'NONE',  ( -0.000000000000000000, 1.000000000000000000, -0.000000000000000000 ) ) ;
#2778 = ORIENTED_EDGE ( 'NONE', *, *, #530, .T. ) ;
#2779 = AXIS2_PLACEMENT_3D ( 'NONE', #1405, #2490, #1442 ) ;
#2780 = LINE ( 'NONE', #2762, #1661 ) ;
#2781 = DIRECTION ( 'NONE',  ( 0.000000000000000000, 0.000000000000000000, 1.000000000000000000 ) ) ;
#2782 = DIRECTION ( 'NONE',  ( -0.5000000000000012212, 3.246074964561449053E-16, -0.8660254037844380415 ) ) ;
#2783 = ORIENTED_EDGE ( 'NONE', *, *, #3413, .F. ) ;
#2784 = ORIENTED_EDGE ( 'NONE', *, *, #1513, .F. ) ;
#2785 = PLANE ( 'NONE',  #174 ) ;
#2786 = VECTOR ( 'NONE', #79, 1000.000000000000114 ) ;
#2787 = CARTESIAN_POINT ( 'NONE',  ( 160.0000000000000000, 5.316141419468791973E-14, -54.61880215351699519 ) ) ;
#2788 = ORIENTED_EDGE ( 'NONE', *, *, #2121, .T. ) ;
#2789 = CYLINDRICAL_SURFACE ( 'NONE', #1489, 5.499999999999997335 ) ;
#2790 = ORIENTED_EDGE ( 'NONE', *, *, #1922, .T. ) ;
#2791 =( GEOMETRIC_REPRESENTATION_CONTEXT ( 3 ) GLOBAL_UNCERTAINTY_ASSIGNED_CONTEXT ( ( #895 ) ) GLOBAL_UNIT_ASSIGNED_CONTEXT ( ( #384, #109, #3278 ) ) REPRESENTATION_CONTEXT ( 'NONE', 'WORKASPACE' ) );
#2792 = VECTOR ( 'NONE', #1537, 1000.000000000000114 ) ;
#2793 = CARTESIAN_POINT ( 'NONE',  ( 161.0538309550454414, -98.88735236914853033, -64.86824789047041406 ) ) ;
#2794 = ORIENTED_EDGE ( 'NONE', *, *, #1508, .T. ) ;
#2795 = CARTESIAN_POINT ( 'NONE',  ( 123.6368774458309048, -17.24936490538906142, 1.652291233283260885 ) ) ;
#2796 = LINE ( 'NONE', #165, #2430 ) ;
#2797 = PLANE ( 'NONE',  #563 ) ;
#2798 = EDGE_CURVE ( 'NONE', #3364, #1343, #546, .T. ) ;
#2799 = VERTEX_POINT ( 'NONE', #2385 ) ;
#2800 = VERTEX_POINT ( 'NONE', #1036 ) ;
#2801 = EDGE_CURVE ( 'NONE', #796, #2247, #1609, .T. ) ;
#2802 = EDGE_CURVE ( 'NONE', #1099, #2981, #233, .T. ) ;
#2803 = EDGE_CURVE ( 'NONE', #370, #2088, #1573, .T. ) ;
#2804 = CARTESIAN_POINT ( 'NONE',  ( 129.5350412241866422, -37.15063509461094782, -1.060194888847364236 ) ) ;
#2805 = DIRECTION ( 'NONE',  ( 1.000000000000000000, 2.891205793294678819E-16, 0.000000000000000000 ) ) ;
#2806 = EDGE_LOOP ( 'NONE', ( #1033, #474, #505, #1339 ) ) ;
#2807 = CYLINDRICAL_SURFACE ( 'NONE', #3415, 25.00000000000000711 ) ;
#2808 = VERTEX_POINT ( 'NONE', #1091 ) ;
#2809 = AXIS2_PLACEMENT_3D ( 'NONE', #2857, #478, #221 ) ;
#2810 = LINE ( 'NONE', #1170, #914 ) ;
#2811 = EDGE_LOOP ( 'NONE', ( #2266, #345, #3317, #390 ) ) ;
#2812 = LINE ( 'NONE', #2326, #318 ) ;
#2813 = DIRECTION ( 'NONE',  ( 0.8660254037844381525, 0.000000000000000000, -0.5000000000000012212 ) ) ;
#2814 = DIRECTION ( 'NONE',  ( -0.8660254037844380415, -0.000000000000000000, 0.5000000000000011102 ) ) ;
#2815 = EDGE_CURVE ( 'NONE', #980, #2501, #2679, .T. ) ;
#2816 = EDGE_LOOP ( 'NONE', ( #1949, #171, #1425, #2257 ) ) ;
#2817 = EDGE_LOOP ( 'NONE', ( #2757, #499, #2314, #61 ) ) ;
#2818 = DIRECTION ( 'NONE',  ( -0.8660254037844380415, -0.000000000000000000, 0.5000000000000011102 ) ) ;
#2819 =( GEOMETRIC_REPRESENTATION_CONTEXT ( 3 ) GLOBAL_UNCERTAINTY_ASSIGNED_CONTEXT ( ( #93 ) ) GLOBAL_UNIT_ASSIGNED_CONTEXT ( ( #1719, #935, #1390 ) ) REPRESENTATION_CONTEXT ( 'NONE', 'WORKASPACE' ) );
#2820 = DIRECTION ( 'NONE',  ( 0.8660254037844379305, -0.000000000000000000, -0.5000000000000011102 ) ) ;
#2821 = DIRECTION ( 'NONE',  ( -0.5000000000000008882, 0.000000000000000000, -0.8660254037844380415 ) ) ;
#2822 = CARTESIAN_POINT ( 'NONE',  ( -19.00000000000001421, -50.00000000000000711, -70.00000000000000000 ) ) ;
#2823 = ORIENTED_EDGE ( 'NONE', *, *, #1067, .F. ) ;
#2824 = SURFACE_SIDE_STYLE ('',( #717 ) ) ;
#2825 = EDGE_CURVE ( 'NONE', #2935, #370, #2450, .T. ) ;
#2826 = APPLICATION_PROTOCOL_DEFINITION ( 'draft international standard', 'automotive_design', 1998, #511 ) ;
#2827 = ORIENTED_EDGE ( 'NONE', *, *, #3293, .T. ) ;
#2828 = CARTESIAN_POINT ( 'NONE',  ( 227.2163336986830871, -71.15063509461094782, -51.68301270189237329 ) ) ;
#2829 = DIRECTION ( 'NONE',  ( 0.5000000000000012212, -0.000000000000000000, 0.8660254037844379305 ) ) ;
#2830 = VECTOR ( 'NONE', #2820, 1000.000000000000114 ) ;
#2831 = CARTESIAN_POINT ( 'NONE',  ( 182.8253175473057013, -113.6822481884063620, -48.57050807568894868 ) ) ;
#2832 = ORIENTED_EDGE ( 'NONE', *, *, #2798, .F. ) ;
#2833 = VERTEX_POINT ( 'NONE', #2749 ) ;
#2834 = EDGE_CURVE ( 'NONE', #2833, #1245, #1886, .T. ) ;
#2835 = CARTESIAN_POINT ( 'NONE',  ( -19.99999999999997868, -74.00000000000007105, -69.00000000000005684 ) ) ;
#2836 = AXIS2_PLACEMENT_3D ( 'NONE', #901, #619, #866 ) ;
#2837 = LINE ( 'NONE', #441, #281 ) ;
#2838 = EDGE_CURVE ( 'NONE', #2732, #2845, #2143, .T. ) ;
#2839 = CARTESIAN_POINT ( 'NONE',  ( -19.99999999999998579, -50.00000000000000711, -70.00000000000000000 ) ) ;
#2840 = ADVANCED_FACE ( 'NONE', ( #2992 ), #74, .F. ) ;
#2841 = LINE ( 'NONE', #2612, #2921 ) ;
#2842 = ORIENTED_EDGE ( 'NONE', *, *, #2911, .F. ) ;
#2843 = VECTOR ( 'NONE', #2983, 1000.000000000000114 ) ;
#2844 = LINE ( 'NONE', #1254, #2067 ) ;
#2845 = VERTEX_POINT ( 'NONE', #2404 ) ;
#2846 = LINE ( 'NONE', #1240, #1161 ) ;
#2847 = LINE ( 'NONE', #1046, #100 ) ;
#2848 = VECTOR ( 'NONE', #3194, 1000.000000000000000 ) ;
#2849 = CARTESIAN_POINT ( 'NONE',  ( 158.1506350946108910, 0.000000000000000000, -91.30831174438417008 ) ) ;
#2850 = ORIENTED_EDGE ( 'NONE', *, *, #1341, .T. ) ;
#2851 = EDGE_LOOP ( 'NONE', ( #181, #2554, #1559, #3322 ) ) ;
#2852 = ADVANCED_FACE ( 'NONE', ( #94 ), #3266, .F. ) ;
#2853 = FACE_OUTER_BOUND ( 'NONE', #1415, .T. ) ;
#2854 = EDGE_CURVE ( 'NONE', #705, #270, #369, .T. ) ;
#2855 = DIRECTION ( 'NONE',  ( 0.000000000000000000, 0.000000000000000000, -1.000000000000000000 ) ) ;
#2856 = PLANE ( 'NONE',  #3277 ) ;
#2857 = CARTESIAN_POINT ( 'NONE',  ( -20.00000000000000711, 24.00000000000002132, 0.000000000000000000 ) ) ;
#2858 = ORIENTED_EDGE ( 'NONE', *, *, #2469, .F. ) ;
#2859 = FILL_AREA_STYLE_COLOUR ( '', #3286 ) ;
#2860 = ORIENTED_EDGE ( 'NONE', *, *, #961, .T. ) ;
#2861 = DIRECTION ( 'NONE',  ( -0.5000000000000011102, 0.000000000000000000, -0.8660254037844379305 ) ) ;
#2862 = CARTESIAN_POINT ( 'NONE',  ( 172.0740607132333366, 0.000000000000000000, -19.67266812516900032 ) ) ;
#2863 = DIRECTION ( 'NONE',  ( -0.5000000000000018874, 0.000000000000000000, -0.8660254037844375974 ) ) ;
#2864 = ORIENTED_EDGE ( 'NONE', *, *, #761, .F. ) ;
#2865 = ORIENTED_EDGE ( 'NONE', *, *, #1478, .F. ) ;
#2866 = PLANE ( 'NONE',  #1020 ) ;
#2867 = EDGE_CURVE ( 'NONE', #406, #3298, #352, .T. ) ;
#2868 = CARTESIAN_POINT ( 'NONE',  ( -19.00000000000000711, 24.99999999999999289, -70.00000000000000000 ) ) ;
#2869 = VECTOR ( 'NONE', #3138, 1000.000000000000000 ) ;
#2870 = EDGE_LOOP ( 'NONE', ( #3091, #2724, #1499, #1585 ) ) ;
#2871 = VECTOR ( 'NONE', #1435, 1000.000000000000114 ) ;
#2872 = FACE_OUTER_BOUND ( 'NONE', #755, .T. ) ;
#2873 = DIRECTION ( 'NONE',  ( -0.5000000000000012212, 0.000000000000000000, -0.8660254037844380415 ) ) ;
#2874 = ORIENTED_EDGE ( 'NONE', *, *, #3309, .T. ) ;
#2875 = CARTESIAN_POINT ( 'NONE',  ( 207.7163336986830586, -71.15063509461094782, -85.45800344948546012 ) ) ;
#2876 = EDGE_CURVE ( 'NONE', #3241, #907, #2467, .T. ) ;
#2877 = FACE_OUTER_BOUND ( 'NONE', #1028, .T. ) ;
#2878 = ORIENTED_EDGE ( 'NONE', *, *, #145, .T. ) ;
#2879 = DIRECTION ( 'NONE',  ( -2.312964634635746901E-16, 1.000000000000000000, -0.000000000000000000 ) ) ;
#2880 = CARTESIAN_POINT ( 'NONE',  ( 137.3119470995836764, -36.56255410347060320, -6.243013912497801243 ) ) ;
#2881 = DIRECTION ( 'NONE',  ( 0.8660254037844380415, 0.000000000000000000, -0.5000000000000012212 ) ) ;
#2882 = VERTEX_POINT ( 'NONE', #1956 ) ;
#2883 = ORIENTED_EDGE ( 'NONE', *, *, #450, .T. ) ;
#2884 = DIRECTION ( 'NONE',  ( -0.5000000000000014433, 0.000000000000000000, -0.8660254037844378194 ) ) ;
#2885 = VECTOR ( 'NONE', #528, 1000.000000000000227 ) ;
#2886 = LINE ( 'NONE', #1281, #1836 ) ;
#2887 = FACE_OUTER_BOUND ( 'NONE', #538, .T. ) ;
#2888 = AXIS2_PLACEMENT_3D ( 'NONE', #3373, #2625, #9 ) ;
#2889 = DIRECTION ( 'NONE',  ( 9.629649721936187476E-33, -3.469446951953617270E-17, -1.000000000000000000 ) ) ;
#2890 = CARTESIAN_POINT ( 'NONE',  ( 238.3656564712920556, -5.000000000000000000, 57.62818081025078953 ) ) ;
#2891 = EDGE_LOOP ( 'NONE', ( #908, #1184, #216, #1694 ) ) ;
#2892 = DIRECTION ( 'NONE',  ( -0.8161262409927310113, -0.5778736529407398903, 0.000000000000000000 ) ) ;
#2893 = ADVANCED_FACE ( 'NONE', ( #564 ), #1142, .T. ) ;
#2894 = LINE ( 'NONE', #2770, #18 ) ;
#2895 = VECTOR ( 'NONE', #1286, 999.9999999999998863 ) ;
#2896 = ORIENTED_EDGE ( 'NONE', *, *, #1897, .F. ) ;
#2897 = LINE ( 'NONE', #1344, #3173 ) ;
#2898 =( BOUNDED_CURVE ( )  B_SPLINE_CURVE ( 3, ( #643, #1703, #1979, #280 ),
 .UNSPECIFIED., .F., .F. )
 B_SPLINE_CURVE_WITH_KNOTS ( ( 4, 4 ),
 ( 1.053729792658031128, 1.570796326794896558 ),
 .UNSPECIFIED. )
 CURVE ( )  GEOMETRIC_REPRESENTATION_ITEM ( )  RATIONAL_B_SPLINE_CURVE ( ( 1.000000000000000000, 0.9778440046739953484, 0.9778440046739953484, 1.000000000000000000 ) )
 REPRESENTATION_ITEM ( '' )  );
#2899 = LINE ( 'NONE', #2862, #2706 ) ;
#2900 = LINE ( 'NONE', #3161, #1912 ) ;
#2901 = VECTOR ( 'NONE', #249, 1000.000000000000000 ) ;
#2902 = VERTEX_POINT ( 'NONE', #300 ) ;
#2903 = CARTESIAN_POINT ( 'NONE',  ( 228.2916512459885610, -19.99999999999999289, -49.82050807568898421 ) ) ;
#2904 = CARTESIAN_POINT ( 'NONE',  ( 179.3205080756887924, -134.8518645242728269, -44.64101615137766288 ) ) ;
#2905 = EDGE_CURVE ( 'NONE', #2104, #683, #1419, .T. ) ;
#2906 = ORIENTED_EDGE ( 'NONE', *, *, #2438, .T. ) ;
#2907 = EDGE_CURVE ( 'NONE', #3285, #2581, #2157, .T. ) ;
#2908 = EDGE_CURVE ( 'NONE', #2776, #1171, #2419, .T. ) ;
#2909 = ADVANCED_FACE ( 'NONE', ( #41, #1105 ), #847, .F. ) ;
#2910 = CARTESIAN_POINT ( 'NONE',  ( 1.363145136744051166E-29, -10.00000000000000000, -87.32150807568886819 ) ) ;
#2911 = EDGE_CURVE ( 'NONE', #2323, #949, #2434, .T. ) ;
#2912 = FACE_OUTER_BOUND ( 'NONE', #2206, .T. ) ;
#2913 = VERTEX_POINT ( 'NONE', #599 ) ;
#2914 = CARTESIAN_POINT ( 'NONE',  ( 228.2916512459885610, -19.99999999999999289, -49.82050807568898421 ) ) ;
#2915 = DIRECTION ( 'NONE',  ( 0.000000000000000000, 0.000000000000000000, 1.000000000000000000 ) ) ;
#2916 = ORIENTED_EDGE ( 'NONE', *, *, #195, .T. ) ;
#2917 = FACE_OUTER_BOUND ( 'NONE', #2817, .T. ) ;
#2918 = DIRECTION ( 'NONE',  ( 0.000000000000000000, -0.000000000000000000, 1.000000000000000000 ) ) ;
#2919 = CARTESIAN_POINT ( 'NONE',  ( 175.5753175473055308, -37.15063509461094782, -61.12787643056320519 ) ) ;
#2920 = ORIENTED_EDGE ( 'NONE', *, *, #1508, .F. ) ;
#2921 = VECTOR ( 'NONE', #2046, 1000.000000000000114 ) ;
#2922 = DIRECTION ( 'NONE',  ( -0.000000000000000000, 1.000000000000000000, -0.000000000000000000 ) ) ;
#2923 = EDGE_CURVE ( 'NONE', #2034, #726, #1662, .T. ) ;
#2924 = DIRECTION ( 'NONE',  ( -0.8660254037844380415, -0.000000000000000000, 0.5000000000000011102 ) ) ;
#2925 = VECTOR ( 'NONE', #1816, 1000.000000000000000 ) ;
#2926 = CARTESIAN_POINT ( 'NONE',  ( 192.2753175473055762, -17.24936490538906142, -32.20262794416299812 ) ) ;
#2927 = EDGE_CURVE ( 'NONE', #647, #543, #688, .T. ) ;
#2928 = AXIS2_PLACEMENT_3D ( 'NONE', #877, #3022, #1627 ) ;
#2929 = DIRECTION ( 'NONE',  ( 0.8660254037844380415, -0.000000000000000000, -0.5000000000000011102 ) ) ;
#2930 = DIRECTION ( 'NONE',  ( -2.312964634635742957E-16, 1.000000000000000000, 0.000000000000000000 ) ) ;
#2931 = VERTEX_POINT ( 'NONE', #1762 ) ;
#2932 = CARTESIAN_POINT ( 'NONE',  ( 187.4451308199081154, -103.3012701892218672, -22.37024505275043040 ) ) ;
#2933 = CIRCLE ( 'NONE', #1443, 25.00000000000000000 ) ;
#2934 = CARTESIAN_POINT ( 'NONE',  ( 90.00000000000000000, -4.999999999999976907, -55.00000000000000711 ) ) ;
#2935 = VERTEX_POINT ( 'NONE', #1505 ) ;
#2936 = LINE ( 'NONE', #1116, #881 ) ;
#2937 = EDGE_CURVE ( 'NONE', #1966, #3151, #179, .T. ) ;
#2938 = CARTESIAN_POINT ( 'NONE',  ( 173.3753175473055421, -17.24936490538906142, -64.93838820721474292 ) ) ;
#2939 = DIRECTION ( 'NONE',  ( 2.775557561562891351E-16, -1.000000000000000000, 3.469446951953617270E-17 ) ) ;
#2940 = ORIENTED_EDGE ( 'NONE', *, *, #1144, .F. ) ;
#2941 = AXIS2_PLACEMENT_3D ( 'NONE', #1318, #2374, #3170 ) ;
#2942 = DIRECTION ( 'NONE',  ( 0.000000000000000000, 0.000000000000000000, -1.000000000000000000 ) ) ;
#2943 = DIRECTION ( 'NONE',  ( -2.891205793294678819E-16, 1.000000000000000000, 0.000000000000000000 ) ) ;
#2944 = ORIENTED_EDGE ( 'NONE', *, *, #3131, .T. ) ;
#2945 = FACE_OUTER_BOUND ( 'NONE', #3074, .T. ) ;
#2946 = VECTOR ( 'NONE', #3183, 1000.000000000000000 ) ;
#2947 = DIRECTION ( 'NONE',  ( 2.891205793294678819E-16, -1.000000000000000000, -0.000000000000000000 ) ) ;
#2948 = ORIENTED_EDGE ( 'NONE', *, *, #623, .F. ) ;
#2949 = DIRECTION ( 'NONE',  ( 0.000000000000000000, 0.000000000000000000, -1.000000000000000000 ) ) ;
#2950 = DIRECTION ( 'NONE',  ( 2.775557561562891351E-16, -1.000000000000000000, 0.000000000000000000 ) ) ;
#2951 = ADVANCED_FACE ( 'NONE', ( #3354 ), #114, .F. ) ;
#2952 = ORIENTED_EDGE ( 'NONE', *, *, #531, .F. ) ;
#2953 = DIRECTION ( 'NONE',  ( -0.8660254037844379305, 0.000000000000000000, 0.5000000000000014433 ) ) ;
#2954 = ORIENTED_EDGE ( 'NONE', *, *, #87, .F. ) ;
#2955 = EDGE_CURVE ( 'NONE', #2530, #2575, #3023, .T. ) ;
#2956 = PLANE ( 'NONE',  #1477 ) ;
#2957 = VERTEX_POINT ( 'NONE', #405 ) ;
#2958 = VECTOR ( 'NONE', #1165, 1000.000000000000000 ) ;
#2959 = CARTESIAN_POINT ( 'NONE',  ( 193.6506350946111468, -90.80127018922175353, -29.82050807568898421 ) ) ;
#2960 = VECTOR ( 'NONE', #1407, 1000.000000000000114 ) ;
#2961 = DIRECTION ( 'NONE',  ( 0.8660254037844379305, 0.000000000000000000, -0.5000000000000014433 ) ) ;
#2962 = EDGE_CURVE ( 'NONE', #3218, #2550, #3089, .T. ) ;
#2963 = VERTEX_POINT ( 'NONE', #1227 ) ;
#2964 = VECTOR ( 'NONE', #23, 1000.000000000000114 ) ;
#2965 = DIRECTION ( 'NONE',  ( 6.009258394948618129E-17, 1.000000000000000000, -3.469446951953617270E-17 ) ) ;
#2966 = DIRECTION ( 'NONE',  ( 0.000000000000000000, 1.000000000000000000, 0.000000000000000000 ) ) ;
#2967 = VERTEX_POINT ( 'NONE', #1746 ) ;
#2968 = DIRECTION ( 'NONE',  ( -0.5000000000000011102, 0.000000000000000000, -0.8660254037844379305 ) ) ;
#2969 = DIRECTION ( 'NONE',  ( -2.891205793294679312E-16, 1.000000000000000000, 0.000000000000000000 ) ) ;
#2970 = ORIENTED_EDGE ( 'NONE', *, *, #1562, .F. ) ;
#2971 = FACE_OUTER_BOUND ( 'NONE', #2851, .T. ) ;
#2972 = ORIENTED_EDGE ( 'NONE', *, *, #266, .T. ) ;
#2973 = DIRECTION ( 'NONE',  ( -2.891205793294678819E-16, 1.000000000000000000, 0.000000000000000000 ) ) ;
#2974 = ORIENTED_EDGE ( 'NONE', *, *, #2803, .T. ) ;
#2975 = LINE ( 'NONE', #1901, #2481 ) ;
#2976 = DIRECTION ( 'NONE',  ( -0.5000000000000011102, 0.000000000000000000, -0.8660254037844379305 ) ) ;
#2977 = ORIENTED_EDGE ( 'NONE', *, *, #86, .T. ) ;
#2978 = ADVANCED_FACE ( 'NONE', ( #2486 ), #2797, .F. ) ;
#2979 = CARTESIAN_POINT ( 'NONE',  ( 0.000000000000000000, 0.000000000000000000, -70.00000000000000000 ) ) ;
#2980 = FACE_OUTER_BOUND ( 'NONE', #1448, .T. ) ;
#2981 = VERTEX_POINT ( 'NONE', #422 ) ;
#2982 = DIRECTION ( 'NONE',  ( -0.000000000000000000, 1.000000000000000000, -0.000000000000000000 ) ) ;
#2983 = DIRECTION ( 'NONE',  ( -0.5000000000000011102, 0.000000000000000000, -0.8660254037844379305 ) ) ;
#2984 = ORIENTED_EDGE ( 'NONE', *, *, #3353, .T. ) ;
#2985 = ADVANCED_FACE ( 'NONE', ( #704 ), #133, .F. ) ;
#2986 = DIRECTION ( 'NONE',  ( -0.8660254037844380415, -0.000000000000000000, 0.5000000000000011102 ) ) ;
#2987 = EDGE_LOOP ( 'NONE', ( #146, #1133, #2772, #734 ) ) ;
#2988 = VECTOR ( 'NONE', #2879, 1000.000000000000000 ) ;
#2989 = DIRECTION ( 'NONE',  ( 0.000000000000000000, 1.000000000000000000, -1.734723475976806848E-16 ) ) ;
#2990 = ORIENTED_EDGE ( 'NONE', *, *, #462, .F. ) ;
#2991 = DIRECTION ( 'NONE',  ( 0.000000000000000000, -1.000000000000000000, 0.000000000000000000 ) ) ;
#2992 = FACE_OUTER_BOUND ( 'NONE', #1982, .T. ) ;
#2993 = EDGE_LOOP ( 'NONE', ( #759, #926, #1748, #3111 ) ) ;
#2994 = CARTESIAN_POINT ( 'NONE',  ( 192.2753175473055762, 20.55063509461093929, -32.20262794416299812 ) ) ;
#2995 = DIRECTION ( 'NONE',  ( 3.851859888774471706E-32, -1.387778780781445676E-16, -1.000000000000000000 ) ) ;
#2996 = DIRECTION ( 'NONE',  ( 0.8660254037844378194, 0.000000000000000000, -0.5000000000000014433 ) ) ;
#2997 = VECTOR ( 'NONE', #864, 999.9999999999998863 ) ;
#2998 = LINE ( 'NONE', #1688, #291 ) ;
#2999 = ORIENTED_EDGE ( 'NONE', *, *, #1447, .T. ) ;
#3000 = CARTESIAN_POINT ( 'NONE',  ( 25.50000000000019540, -134.8518645242728269, 44.16729559300652852 ) ) ;
#3001 = ORIENTED_EDGE ( 'NONE', *, *, #2298, .F. ) ;
#3002 = EDGE_CURVE ( 'NONE', #2599, #2001, #389, .T. ) ;
#3003 = LINE ( 'NONE', #649, #2178 ) ;
#3004 = EDGE_LOOP ( 'NONE', ( #2280, #1294, #2405, #2459 ) ) ;
#3005 = CARTESIAN_POINT ( 'NONE',  ( 1.445602896647339351E-14, -50.00000000000000000, -70.00000000000000000 ) ) ;
#3006 = DIRECTION ( 'NONE',  ( -0.5000000000000011102, 0.000000000000000000, -0.8660254037844380415 ) ) ;
#3007 = CARTESIAN_POINT ( 'NONE',  ( 190.0753175473055592, -37.15063509461094782, -36.01313972081450743 ) ) ;
#3008 = AXIS2_PLACEMENT_3D ( 'NONE', #1305, #3174, #518 ) ;
#3009 = VERTEX_POINT ( 'NONE', #2299 ) ;
#3010 = CARTESIAN_POINT ( 'NONE',  ( 172.0000000000000853, -81.30127018922185300, -67.32050807568884920 ) ) ;
#3011 = EDGE_CURVE ( 'NONE', #3245, #2034, #2279, .T. ) ;
#3012 = ADVANCED_FACE ( 'NONE', ( #915 ), #3336, .T. ) ;
#3013 = SURFACE_STYLE_USAGE ( .BOTH. , #1959 ) ;
#3014 = LINE ( 'NONE', #3388, #1579 ) ;
#3015 = PLANE ( 'NONE',  #2237 ) ;
#3016 = ORIENTED_EDGE ( 'NONE', *, *, #1243, .F. ) ;
#3017 = CARTESIAN_POINT ( 'NONE',  ( 238.3656564712920556, -37.15063509461094782, 57.62818081025078953 ) ) ;
#3018 = VERTEX_POINT ( 'NONE', #3039 ) ;
#3019 = VERTEX_POINT ( 'NONE', #1714 ) ;
#3020 = ORIENTED_EDGE ( 'NONE', *, *, #198, .T. ) ;
#3021 = FACE_OUTER_BOUND ( 'NONE', #3058, .T. ) ;
#3022 = DIRECTION ( 'NONE',  ( 0.000000000000000000, -1.000000000000000000, 0.000000000000000000 ) ) ;
#3023 = LINE ( 'NONE', #1490, #122 ) ;
#3024 = ORIENTED_EDGE ( 'NONE', *, *, #815, .F. ) ;
#3025 = ORIENTED_EDGE ( 'NONE', *, *, #3408, .F. ) ;
#3026 = EDGE_CURVE ( 'NONE', #407, #3218, #1456, .T. ) ;
#3027 = DIRECTION ( 'NONE',  ( -0.8660254037844380415, -0.000000000000000000, 0.5000000000000011102 ) ) ;
#3028 = EDGE_CURVE ( 'NONE', #1914, #270, #967, .T. ) ;
#3029 = DIRECTION ( 'NONE',  ( -2.891205793294679312E-16, 1.000000000000000000, 0.000000000000000000 ) ) ;
#3030 = CARTESIAN_POINT ( 'NONE',  ( 206.6410161513775847, -19.99999999999996092, -87.32050807568884920 ) ) ;
#3031 = ORIENTED_EDGE ( 'NONE', *, *, #183, .T. ) ;
#3032 = DIRECTION ( 'NONE',  ( 0.8660254037844378194, 0.000000000000000000, -0.5000000000000013323 ) ) ;
#3033 = ORIENTED_EDGE ( 'NONE', *, *, #1845, .F. ) ;
#3034 = ORIENTED_EDGE ( 'NONE', *, *, #1368, .T. ) ;
#3035 = VECTOR ( 'NONE', #3334, 1000.000000000000000 ) ;
#3036 = ORIENTED_EDGE ( 'NONE', *, *, #85, .T. ) ;
#3037 = CARTESIAN_POINT ( 'NONE',  ( 16.34936490538924758, 0.000000000000000000, 28.31793068761758647 ) ) ;
#3038 = FACE_OUTER_BOUND ( 'NONE', #1237, .T. ) ;
#3039 = CARTESIAN_POINT ( 'NONE',  ( -1.734723475976807094E-14, 60.00000000000000000, -50.00000000000000000 ) ) ;
#3040 = EDGE_LOOP ( 'NONE', ( #3184, #3255, #2709, #1370 ) ) ;
#3041 = ORIENTED_EDGE ( 'NONE', *, *, #965, .F. ) ;
#3042 = DIRECTION ( 'NONE',  ( -0.5481693696114603442, 0.7741751242191253768, 0.3164857331066854851 ) ) ;
#3043 = DIRECTION ( 'NONE',  ( -0.000000000000000000, -1.000000000000000000, -0.000000000000000000 ) ) ;
#3044 = VECTOR ( 'NONE', #1684, 1000.000000000000114 ) ;
#3045 = DIRECTION ( 'NONE',  ( 0.5000000000000014433, 0.000000000000000000, 0.8660254037844379305 ) ) ;
#3046 = VERTEX_POINT ( 'NONE', #3056 ) ;
#3047 = DIRECTION ( 'NONE',  ( -0.8137976813493745798, -0.3420201433256641055, 0.4698463103929561568 ) ) ;
#3048 = VERTEX_POINT ( 'NONE', #672 ) ;
#3049 = EDGE_CURVE ( 'NONE', #143, #1903, #2021, .T. ) ;
#3050 = LINE ( 'NONE', #2260, #3121 ) ;
#3051 = ADVANCED_FACE ( 'NONE', ( #724, #151 ), #1991, .F. ) ;
#3052 = ORIENTED_EDGE ( 'NONE', *, *, #623, .T. ) ;
#3053 = VECTOR ( 'NONE', #2607, 1000.000000000000114 ) ;
#3054 = LINE ( 'NONE', #686, #604 ) ;
#3055 = DIRECTION ( 'NONE',  ( 1.000000000000000000, 0.000000000000000000, 0.000000000000000000 ) ) ;
#3056 = CARTESIAN_POINT ( 'NONE',  ( 193.6506350946110331, -30.00000000000002842, -29.82050807568893092 ) ) ;
#3057 = ORIENTED_EDGE ( 'NONE', *, *, #1774, .F. ) ;
#3058 = EDGE_LOOP ( 'NONE', ( #2343, #809, #1051, #2089 ) ) ;
#3059 = VECTOR ( 'NONE', #376, 999.9999999999998863 ) ;
#3060 = FACE_OUTER_BOUND ( 'NONE', #215, .T. ) ;
#3061 = VECTOR ( 'NONE', #202, 1000.000000000000114 ) ;
#3062 = LINE ( 'NONE', #427, #1010 ) ;
#3063 = ORIENTED_EDGE ( 'NONE', *, *, #2040, .F. ) ;
#3064 = CARTESIAN_POINT ( 'NONE',  ( 147.3188547966613271, -50.00000000000000000, -53.07084224863292121 ) ) ;
#3065 = ORIENTED_EDGE ( 'NONE', *, *, #1087, .F. ) ;
#3066 = EDGE_CURVE ( 'NONE', #609, #927, #246, .T. ) ;
#3067 = VECTOR ( 'NONE', #2087, 1000.000000000000114 ) ;
#3068 = CARTESIAN_POINT ( 'NONE',  ( 207.7163336986830586, -32.15063509461094782, -85.45800344948546012 ) ) ;
#3069 = ORIENTED_EDGE ( 'NONE', *, *, #22, .T. ) ;
#3070 = CARTESIAN_POINT ( 'NONE',  ( 228.2916512459885610, -73.30127018922186721, -49.82050807568897710 ) ) ;
#3071 = DIRECTION ( 'NONE',  ( -0.8660254037844378194, 6.938893903907236266E-16, 0.5000000000000015543 ) ) ;
#3072 = CARTESIAN_POINT ( 'NONE',  ( 1.387778780781445676E-14, -50.00000000000000000, -50.00000000000000000 ) ) ;
#3073 = ORIENTED_EDGE ( 'NONE', *, *, #2923, .F. ) ;
#3074 = EDGE_LOOP ( 'NONE', ( #2509, #1945, #3346, #1311 ) ) ;
#3075 = DIRECTION ( 'NONE',  ( 0.8660254037844380415, 0.000000000000000000, -0.5000000000000012212 ) ) ;
#3076 = ADVANCED_FACE ( 'NONE', ( #2636 ), #262, .F. ) ;
#3077 = CARTESIAN_POINT ( 'NONE',  ( 193.6506350946110615, 0.000000000000000000, -29.82050807568895934 ) ) ;
#3078 = PLANE ( 'NONE',  #2473 ) ;
#3079 = ORIENTED_EDGE ( 'NONE', *, *, #1802, .F. ) ;
#3080 = AXIS2_PLACEMENT_3D ( 'NONE', #3116, #697, #1754 ) ;
#3081 = LINE ( 'NONE', #1770, #1466 ) ;
#3082 = CLOSED_SHELL ( 'NONE', ( #695, #445, #2587, #958, #1324 ) ) ;
#3083 = EDGE_CURVE ( 'NONE', #3298, #2845, #3401, .T. ) ;
#3084 = CARTESIAN_POINT ( 'NONE',  ( 0.000000000000000000, 0.000000000000000000, 0.000000000000000000 ) ) ;
#3085 = ORIENTED_EDGE ( 'NONE', *, *, #2669, .F. ) ;
#3086 = LINE ( 'NONE', #2828, #2764 ) ;
#3087 = PLANE ( 'NONE',  #3316 ) ;
#3088 = VECTOR ( 'NONE', #261, 1000.000000000000227 ) ;
#3089 = LINE ( 'NONE', #437, #2059 ) ;
#3090 = ORIENTED_EDGE ( 'NONE', *, *, #2927, .T. ) ;
#3091 = ORIENTED_EDGE ( 'NONE', *, *, #1073, .F. ) ;
#3092 = DIRECTION ( 'NONE',  ( -0.6704553245517353988, -0.6329714662133686387, 0.3870875621095637986 ) ) ;
#3093 = VECTOR ( 'NONE', #2177, 1000.000000000000114 ) ;
#3094 = ADVANCED_FACE ( 'NONE', ( #996 ), #1032, .F. ) ;
#3095 = EDGE_CURVE ( 'NONE', #2935, #473, #2346, .T. ) ;
#3096 = CARTESIAN_POINT ( 'NONE',  ( 171.2451905283833185, -66.15063509461094782, -58.62787643056319808 ) ) ;
#3097 =( BOUNDED_CURVE ( )  B_SPLINE_CURVE ( 3, ( #129, #363, #2793, #401 ),
 .UNSPECIFIED., .F., .F. )
 B_SPLINE_CURVE_WITH_KNOTS ( ( 4, 4 ),
 ( 4.188790204786389637, 4.712388980384689674 ),
 .UNSPECIFIED. )
 CURVE ( )  GEOMETRIC_REPRESENTATION_ITEM ( )  RATIONAL_B_SPLINE_CURVE ( ( 1.000000000000000000, 0.9772838841927120601, 0.9772838841927120601, 1.000000000000000000 ) )
 REPRESENTATION_ITEM ( '' )  );
#3098 = DIRECTION ( 'NONE',  ( 0.000000000000000000, -1.000000000000000000, 0.000000000000000000 ) ) ;
#3099 = VECTOR ( 'NONE', #3043, 1000.000000000000000 ) ;
#3100 = CARTESIAN_POINT ( 'NONE',  ( 1.387778780781445084E-15, -4.999999999999998224, -20.57084224863302779 ) ) ;
#3101 = ORIENTED_EDGE ( 'NONE', *, *, #2637, .T. ) ;
#3102 =( LENGTH_UNIT ( ) NAMED_UNIT ( * ) SI_UNIT ( .MILLI., .METRE. ) );
#3103 = EDGE_CURVE ( 'NONE', #309, #1985, #2382, .T. ) ;
#3104 = ORIENTED_EDGE ( 'NONE', *, *, #7, .T. ) ;
#3105 = CARTESIAN_POINT ( 'NONE',  ( 208.9137748154256542, -103.3012701892218672, -39.38397459621577923 ) ) ;
#3106 = ADVANCED_FACE ( 'NONE', ( #1309 ), #741, .T. ) ;
#3107 = CARTESIAN_POINT ( 'NONE',  ( 175.8753175473055421, 0.000000000000000000, -60.60826118829256615 ) ) ;
#3108 = VECTOR ( 'NONE', #2250, 1000.000000000000000 ) ;
#3109 = CARTESIAN_POINT ( 'NONE',  ( 193.6506350946110331, -19.99999999999999289, -29.82050807568893802 ) ) ;
#3110 = ORIENTED_EDGE ( 'NONE', *, *, #1177, .F. ) ;
#3111 = ORIENTED_EDGE ( 'NONE', *, *, #1610, .F. ) ;
#3112 = DIRECTION ( 'NONE',  ( 1.000000000000000000, 2.891205793294678819E-16, -0.000000000000000000 ) ) ;
#3113 = VECTOR ( 'NONE', #1804, 1000.000000000000000 ) ;
#3114 = CARTESIAN_POINT ( 'NONE',  ( 185.7451905283833753, -37.15063509461094782, -33.51313972081450743 ) ) ;
#3115 = DIRECTION ( 'NONE',  ( 0.8660254037844380415, 0.000000000000000000, -0.5000000000000014433 ) ) ;
#3116 = CARTESIAN_POINT ( 'NONE',  ( -20.00000000000000000, 0.9999999999999729106, 0.000000000000000000 ) ) ;
#3117 = ORIENTED_EDGE ( 'NONE', *, *, #3283, .T. ) ;
#3118 = DIRECTION ( 'NONE',  ( -0.8660254037844380415, -0.000000000000000000, 0.5000000000000011102 ) ) ;
#3119 = AXIS2_PLACEMENT_3D ( 'NONE', #1832, #2884, #1866 ) ;
#3120 = ORIENTED_EDGE ( 'NONE', *, *, #1393, .T. ) ;
#3121 = VECTOR ( 'NONE', #3348, 1000.000000000000000 ) ;
#3122 = DIRECTION ( 'NONE',  ( 0.000000000000000000, 1.000000000000000000, 0.000000000000000000 ) ) ;
#3123 = CARTESIAN_POINT ( 'NONE',  ( 168.9694898912723033, -49.99999999999998579, -15.57084224863301181 ) ) ;
#3124 = VECTOR ( 'NONE', #2690, 999.9999999999998863 ) ;
#3125 = CARTESIAN_POINT ( 'NONE',  ( 179.3205080756887924, -37.15063509461094782, -44.64101615137768420 ) ) ;
#3126 = VERTEX_POINT ( 'NONE', #3368 ) ;
#3127 = ORIENTED_EDGE ( 'NONE', *, *, #2038, .T. ) ;
#3128 = DIRECTION ( 'NONE',  ( 0.000000000000000000, 1.000000000000000000, 0.000000000000000000 ) ) ;
#3129 = CARTESIAN_POINT ( 'NONE',  ( 204.4209647088800921, -81.30127018922185300, -11.16574996951135645 ) ) ;
#3130 = CARTESIAN_POINT ( 'NONE',  ( 173.0740607132333366, 0.000000000000000000, -17.94061731760012535 ) ) ;
#3131 = EDGE_CURVE ( 'NONE', #2617, #588, #2900, .T. ) ;
#3132 = CARTESIAN_POINT ( 'NONE',  ( -19.99999999999998579, -50.00000000000000711, -70.00000000000000000 ) ) ;
#3133 = DIRECTION ( 'NONE',  ( 0.5000000000000014433, 0.000000000000000000, 0.8660254037844378194 ) ) ;
#3134 = ORIENTED_EDGE ( 'NONE', *, *, #1366, .F. ) ;
#3135 = CARTESIAN_POINT ( 'NONE',  ( 40.00000000000000000, -10.00000000000000000, -20.57084224863302424 ) ) ;
#3136 = ORIENTED_EDGE ( 'NONE', *, *, #1177, .T. ) ;
#3137 = CARTESIAN_POINT ( 'NONE',  ( 40.00000000000000000, -10.00000000000000000, -15.57084224863302424 ) ) ;
#3138 = DIRECTION ( 'NONE',  ( 0.000000000000000000, 1.000000000000000000, 0.000000000000000000 ) ) ;
#3139 = CARTESIAN_POINT ( 'NONE',  ( 181.8303550035148248, -90.80127018922175353, -22.99606618319772267 ) ) ;
#3140 = ORIENTED_EDGE ( 'NONE', *, *, #725, .F. ) ;
#3141 = VERTEX_POINT ( 'NONE', #3125 ) ;
#3142 = DIRECTION ( 'NONE',  ( -0.5000000000000013323, 0.000000000000000000, -0.8660254037844378194 ) ) ;
#3143 = AXIS2_PLACEMENT_3D ( 'NONE', #1601, #576, #259 ) ;
#3144 = CARTESIAN_POINT ( 'NONE',  ( 191.2069345775966553, -106.9616492895757602, -29.16092561840741482 ) ) ;
#3145 = CIRCLE ( 'NONE', #2043, 20.99999999999999645 ) ;
#3146 = DIRECTION ( 'NONE',  ( 0.5000000000000009992, 0.000000000000000000, 0.8660254037844380415 ) ) ;
#3147 = VECTOR ( 'NONE', #2949, 1000.000000000000000 ) ;
#3148 = EDGE_CURVE ( 'NONE', #2095, #2306, #527, .T. ) ;
#3149 = DIRECTION ( 'NONE',  ( -0.8660254037844380415, -0.000000000000000000, 0.5000000000000011102 ) ) ;
#3150 = DIRECTION ( 'NONE',  ( -0.5000000000000011102, -0.000000000000000000, -0.8660254037844379305 ) ) ;
#3151 = VERTEX_POINT ( 'NONE', #2364 ) ;
#3152 = DIRECTION ( 'NONE',  ( 0.5000000000000016653, 0.000000000000000000, 0.8660254037844375974 ) ) ;
#3153 = FACE_OUTER_BOUND ( 'NONE', #819, .T. ) ;
#3154 = VERTEX_POINT ( 'NONE', #3419 ) ;
#3155 = CARTESIAN_POINT ( 'NONE',  ( 173.3753175473055421, 19.42617797022817427, -64.93838820721474292 ) ) ;
#3156 = DIRECTION ( 'NONE',  ( 0.000000000000000000, 1.000000000000000000, 0.000000000000000000 ) ) ;
#3157 = EDGE_CURVE ( 'NONE', #1139, #1884, #1749, .T. ) ;
#3158 = ADVANCED_FACE ( 'NONE', ( #2103, #3384 ), #1523, .T. ) ;
#3159 = ADVANCED_FACE ( 'NONE', ( #1846 ), #2122, .T. ) ;
#3160 = EDGE_CURVE ( 'NONE', #2589, #2339, #472, .T. ) ;
#3161 = CARTESIAN_POINT ( 'NONE',  ( 192.5753175473055592, -71.15063509461094782, -31.68301270189232710 ) ) ;
#3162 = ORIENTED_EDGE ( 'NONE', *, *, #2244, .T. ) ;
#3163 = ORIENTED_EDGE ( 'NONE', *, *, #3389, .F. ) ;
#3164 = LINE ( 'NONE', #1035, #2678 ) ;
#3165 = VECTOR ( 'NONE', #27, 1000.000000000000000 ) ;
#3166 = DIRECTION ( 'NONE',  ( -0.000000000000000000, 0.000000000000000000, 1.000000000000000000 ) ) ;
#3167 = ORIENTED_EDGE ( 'NONE', *, *, #1682, .F. ) ;
#3168 = VECTOR ( 'NONE', #3045, 999.9999999999998863 ) ;
#3169 = CYLINDRICAL_SURFACE ( 'NONE', #902, 20.99999999999998934 ) ;
#3170 = DIRECTION ( 'NONE',  ( 0.8161262409927313444, 0.5778736529407394462, 0.000000000000000000 ) ) ;
#3171 = VERTEX_POINT ( 'NONE', #1567 ) ;
#3172 = CARTESIAN_POINT ( 'NONE',  ( 157.7688416408045100, -17.24936490538906142, -18.05380748265548974 ) ) ;
#3173 = VECTOR ( 'NONE', #2396, 999.9999999999998863 ) ;
#3174 = DIRECTION ( 'NONE',  ( 0.8660254037844380415, 0.000000000000000000, -0.5000000000000014433 ) ) ;
#3175 = EDGE_LOOP ( 'NONE', ( #3362, #1607, #2054 ) ) ;
#3176 = CARTESIAN_POINT ( 'NONE',  ( 1.363145136744051166E-29, -10.00000000000000000, -87.32150807568886819 ) ) ;
#3177 = CARTESIAN_POINT ( 'NONE',  ( 129.5350412241866422, -37.15063509461094782, -1.060194888847364236 ) ) ;
#3178 = EDGE_CURVE ( 'NONE', #2617, #2400, #2574, .T. ) ;
#3179 = DIRECTION ( 'NONE',  ( -0.8660254037844379305, -0.000000000000000000, 0.5000000000000011102 ) ) ;
#3180 = AXIS2_PLACEMENT_3D ( 'NONE', #1943, #2753, #3029 ) ;
#3181 = ORIENTED_EDGE ( 'NONE', *, *, #812, .F. ) ;
#3182 = DIRECTION ( 'NONE',  ( 3.605555036969201199E-16, 1.000000000000000000, 6.245004513516519345E-16 ) ) ;
#3183 = DIRECTION ( 'NONE',  ( 0.000000000000000000, 1.000000000000000000, 0.000000000000000000 ) ) ;
#3184 = ORIENTED_EDGE ( 'NONE', *, *, #3131, .F. ) ;
#3185 = CARTESIAN_POINT ( 'NONE',  ( 221.7414727845688560, -81.30127018922186721, -21.16574996951136356 ) ) ;
#3186 = EDGE_CURVE ( 'NONE', #842, #105, #523, .T. ) ;
#3187 = LINE ( 'NONE', #269, #1169 ) ;
#3188 = VERTEX_POINT ( 'NONE', #327 ) ;
#3189 = LINE ( 'NONE', #3205, #1413 ) ;
#3190 = CARTESIAN_POINT ( 'NONE',  ( 0.000000000000000000, 0.000000000000000000, -75.00000000000001421 ) ) ;
#3191 = ORIENTED_EDGE ( 'NONE', *, *, #2923, .T. ) ;
#3192 = DIRECTION ( 'NONE',  ( 0.8660254037844380415, 0.000000000000000000, -0.5000000000000012212 ) ) ;
#3193 = DIRECTION ( 'NONE',  ( 0.8660254037844381525, 0.000000000000000000, -0.5000000000000012212 ) ) ;
#3194 = DIRECTION ( 'NONE',  ( 0.000000000000000000, 0.000000000000000000, 1.000000000000000000 ) ) ;
#3195 = ORIENTED_EDGE ( 'NONE', *, *, #2491, .F. ) ;
#3196 = DIRECTION ( 'NONE',  ( 0.000000000000000000, -0.000000000000000000, 1.000000000000000000 ) ) ;
#3197 = DIRECTION ( 'NONE',  ( 0.000000000000000000, 0.000000000000000000, 1.000000000000000000 ) ) ;
#3198 = ORIENTED_EDGE ( 'NONE', *, *, #1310, .T. ) ;
#3199 = ADVANCED_FACE ( 'NONE', ( #2140 ), #3244, .F. ) ;
#3200 = EDGE_CURVE ( 'NONE', #1463, #1742, #612, .T. ) ;
#3201 = VECTOR ( 'NONE', #3071, 1000.000000000000000 ) ;
#3202 = CARTESIAN_POINT ( 'NONE',  ( 192.5753175473055592, -32.15063509461094782, -31.68301270189232710 ) ) ;
#3203 = LINE ( 'NONE', #2356, #2639 ) ;
#3204 = ORIENTED_EDGE ( 'NONE', *, *, #2611, .T. ) ;
#3205 = CARTESIAN_POINT ( 'NONE',  ( 1.445602896647339351E-14, -50.00000000000000000, -70.00000000000000000 ) ) ;
#3206 = AXIS2_PLACEMENT_3D ( 'NONE', #535, #552, #2114 ) ;
#3207 = DIRECTION ( 'NONE',  ( -1.000000000000000000, -2.891205793294678819E-16, 0.000000000000000000 ) ) ;
#3208 = ORIENTED_EDGE ( 'NONE', *, *, #3026, .F. ) ;
#3209 = PLANE ( 'NONE',  #2702 ) ;
#3210 = EDGE_CURVE ( 'NONE', #2420, #2705, #1899, .T. ) ;
#3211 =( BOUNDED_CURVE ( )  B_SPLINE_CURVE ( 3, ( #1340, #15, #1081, #2932 ),
 .UNSPECIFIED., .F., .F. )
 B_SPLINE_CURVE_WITH_KNOTS ( ( 4, 4 ),
 ( 4.712388980384689674, 7.853981633974483678 ),
 .UNSPECIFIED. )
 CURVE ( )  GEOMETRIC_REPRESENTATION_ITEM ( )  RATIONAL_B_SPLINE_CURVE ( ( 1.000000000000000000, 0.3333333333333330373, 0.3333333333333330373, 1.000000000000000000 ) )
 REPRESENTATION_ITEM ( '' )  );
#3212 = LINE ( 'NONE', #2723, #3124 ) ;
#3213 = ADVANCED_FACE ( 'NONE', ( #875, #2447 ), #1101, .T. ) ;
#3214 = EDGE_LOOP ( 'NONE', ( #1507, #1492, #292, #2162, #2638, #331, #1235, #452, #923, #382, #448, #2432, #2286, #2468, #3279, #2742 ) ) ;
#3215 = VECTOR ( 'NONE', #2146, 1000.000000000000114 ) ;
#3216 = DIRECTION ( 'NONE',  ( -0.6704553245517353988, -0.6329714662133686387, 0.3870875621095637986 ) ) ;
#3217 = CARTESIAN_POINT ( 'NONE',  ( 165.4807621135331885, -5.000000000000000000, -19.33012701892226914 ) ) ;
#3218 = VERTEX_POINT ( 'NONE', #1672 ) ;
#3219 = CARTESIAN_POINT ( 'NONE',  ( 118.1379242480488045, -90.50453814755924498, -30.44972144929135993 ) ) ;
#3220 = VECTOR ( 'NONE', #2284, 1000.000000000000000 ) ;
#3221 = DIRECTION ( 'NONE',  ( -0.000000000000000000, -1.000000000000000000, 0.000000000000000000 ) ) ;
#3222 = ORIENTED_EDGE ( 'NONE', *, *, #961, .F. ) ;
#3223 = PLANE ( 'NONE',  #802 ) ;
#3224 = CARTESIAN_POINT ( 'NONE',  ( 172.0000000000000000, -134.8518645242728269, -67.32050807568882078 ) ) ;
#3225 = ORIENTED_EDGE ( 'NONE', *, *, #2124, .F. ) ;
#3226 = DIRECTION ( 'NONE',  ( -0.5000000000000008882, 0.000000000000000000, -0.8660254037844380415 ) ) ;
#3227 = EDGE_LOOP ( 'NONE', ( #656, #1135, #3393, #1497 ) ) ;
#3228 = CARTESIAN_POINT ( 'NONE',  ( 39.99999999999998579, 60.00000000000000000, -75.00000000000001421 ) ) ;
#3229 = EDGE_CURVE ( 'NONE', #3301, #726, #580, .T. ) ;
#3230 = EDGE_LOOP ( 'NONE', ( #2864, #1491, #2154, #1246, #2445, #1564 ) ) ;
#3231 = DIRECTION ( 'NONE',  ( -0.5000000000000011102, 0.000000000000000000, -0.8660254037844379305 ) ) ;
#3232 = VECTOR ( 'NONE', #3092, 1000.000000000000114 ) ;
#3233 = CARTESIAN_POINT ( 'NONE',  ( 169.5014774713271493, -45.00000000000000711, -21.65148811307945920 ) ) ;
#3234 = ORIENTED_EDGE ( 'NONE', *, *, #2387, .T. ) ;
#3235 = AXIS2_PLACEMENT_3D ( 'NONE', #655, #2524, #3321 ) ;
#3236 = CARTESIAN_POINT ( 'NONE',  ( 210.9711431702998254, -73.30127018922186721, -39.82050807568896289 ) ) ;
#3237 = CARTESIAN_POINT ( 'NONE',  ( 226.9163336986830757, -17.24936490538906142, -52.20262794416304075 ) ) ;
#3238 = ORIENTED_EDGE ( 'NONE', *, *, #272, .F. ) ;
#3239 = DIRECTION ( 'NONE',  ( -1.000000000000000000, -2.775557561562891351E-16, 0.000000000000000000 ) ) ;
#3240 = CARTESIAN_POINT ( 'NONE',  ( 187.4451308199081154, -103.3012701892218672, -22.37024505275043040 ) ) ;
#3241 = VERTEX_POINT ( 'NONE', #2708 ) ;
#3242 = DIRECTION ( 'NONE',  ( 0.8660254037844379305, 0.000000000000000000, -0.5000000000000012212 ) ) ;
#3243 = VERTEX_POINT ( 'NONE', #860 ) ;
#3244 = PLANE ( 'NONE',  #2024 ) ;
#3245 = VERTEX_POINT ( 'NONE', #1625 ) ;
#3246 = CARTESIAN_POINT ( 'NONE',  ( 208.0163336986830416, -17.24936490538906142, -84.93838820721478555 ) ) ;
#3247 = DIRECTION ( 'NONE',  ( 0.000000000000000000, 1.000000000000000000, 0.000000000000000000 ) ) ;
#3248 = VECTOR ( 'NONE', #2629, 1000.000000000000000 ) ;
#3249 = ORIENTED_EDGE ( 'NONE', *, *, #3353, .F. ) ;
#3250 = LINE ( 'NONE', #3010, #396 ) ;
#3251 = EDGE_CURVE ( 'NONE', #796, #1440, #1606, .T. ) ;
#3252 = CARTESIAN_POINT ( 'NONE',  ( 0.000000000000000000, 0.000000000000000000, -50.00000000000000000 ) ) ;
#3253 = DIRECTION ( 'NONE',  ( 0.000000000000000000, 1.000000000000000000, 0.000000000000000000 ) ) ;
#3254 = CARTESIAN_POINT ( 'NONE',  ( 217.0259105091364518, -45.00000000000000711, 69.94868888593960321 ) ) ;
#3255 = ORIENTED_EDGE ( 'NONE', *, *, #950, .F. ) ;
#3256 = DIRECTION ( 'NONE',  ( 0.8660254037844378194, 0.000000000000000000, -0.5000000000000013323 ) ) ;
#3257 = ORIENTED_EDGE ( 'NONE', *, *, #2480, .F. ) ;
#3258 = DIRECTION ( 'NONE',  ( 0.8660254037844379305, -0.000000000000000000, -0.5000000000000011102 ) ) ;
#3259 = VERTEX_POINT ( 'NONE', #278 ) ;
#3260 = CARTESIAN_POINT ( 'NONE',  ( -19.00000000000000000, -5.493291007259889658E-15, -70.00000000000000000 ) ) ;
#3261 = DIRECTION ( 'NONE',  ( -0.8660254037844380415, 4.842171946378971851E-16, 0.5000000000000012212 ) ) ;
#3262 = EDGE_CURVE ( 'NONE', #560, #2203, #69, .T. ) ;
#3263 = EDGE_CURVE ( 'NONE', #1517, #3297, #3212, .T. ) ;
#3264 = ADVANCED_FACE ( 'NONE', ( #1153 ), #2462, .F. ) ;
#3265 = EDGE_CURVE ( 'NONE', #2501, #1166, #88, .T. ) ;
#3266 = PLANE ( 'NONE',  #1674 ) ;
#3267 = ORIENTED_EDGE ( 'NONE', *, *, #183, .F. ) ;
#3268 = EDGE_CURVE ( 'NONE', #2515, #3285, #1643, .T. ) ;
#3269 = PLANE ( 'NONE',  #2779 ) ;
#3270 = FILL_AREA_STYLE ('',( #1181 ) ) ;
#3271 = DIRECTION ( 'NONE',  ( 0.8660254037844378194, 0.000000000000000000, -0.5000000000000013323 ) ) ;
#3272 = VECTOR ( 'NONE', #2976, 1000.000000000000114 ) ;
#3273 = CARTESIAN_POINT ( 'NONE',  ( 40.00000000000000000, 0.000000000000000000, -50.00000000000000000 ) ) ;
#3274 = ORIENTED_EDGE ( 'NONE', *, *, #117, .T. ) ;
#3275 = DIRECTION ( 'NONE',  ( 0.000000000000000000, 1.000000000000000000, 0.000000000000000000 ) ) ;
#3276 = ORIENTED_EDGE ( 'NONE', *, *, #2694, .T. ) ;
#3277 = AXIS2_PLACEMENT_3D ( 'NONE', #1542, #2663, #798 ) ;
#3278 =( NAMED_UNIT ( * ) SI_UNIT ( $, .STERADIAN. ) SOLID_ANGLE_UNIT ( ) );
#3279 = ORIENTED_EDGE ( 'NONE', *, *, #2333, .T. ) ;
#3280 = CARTESIAN_POINT ( 'NONE',  ( -19.99999999999997868, -75.00000000000001421, -70.00000000000000000 ) ) ;
#3281 = ADVANCED_FACE ( 'NONE', ( #1657 ), #2956, .F. ) ;
#3282 = FACE_OUTER_BOUND ( 'NONE', #103, .T. ) ;
#3283 = EDGE_CURVE ( 'NONE', #343, #956, #2189, .T. ) ;
#3284 = DIRECTION ( 'NONE',  ( -1.000000000000000000, -2.891205793294678819E-16, 0.000000000000000000 ) ) ;
#3285 = VERTEX_POINT ( 'NONE', #2919 ) ;
#3286 = COLOUR_RGB ( '',0.7921568627450980005, 0.8196078431372548767, 0.9333333333333333481 ) ;
#3287 = ORIENTED_EDGE ( 'NONE', *, *, #1827, .F. ) ;
#3288 = CARTESIAN_POINT ( 'NONE',  ( 208.0163336986830416, -17.24936490538906142, -84.93838820721478555 ) ) ;
#3289 = AXIS2_PLACEMENT_3D ( 'NONE', #1120, #1238, #1693 ) ;
#3290 = CARTESIAN_POINT ( 'NONE',  ( 171.5451905283833298, -17.24936490538906142, -58.10826118829254483 ) ) ;
#3291 = CARTESIAN_POINT ( 'NONE',  ( 207.7163336986830586, -32.15063509461094782, -85.45800344948546012 ) ) ;
#3292 = AXIS2_PLACEMENT_3D ( 'NONE', #228, #3179, #199 ) ;
#3293 = EDGE_CURVE ( 'NONE', #2526, #1476, #559, .T. ) ;
#3294 = FACE_OUTER_BOUND ( 'NONE', #2613, .T. ) ;
#3295 = ORIENTED_EDGE ( 'NONE', *, *, #3408, .T. ) ;
#3296 = CARTESIAN_POINT ( 'NONE',  ( 206.6410161513775847, -73.30127018922186721, -87.32050807568886341 ) ) ;
#3297 = VERTEX_POINT ( 'NONE', #1364 ) ;
#3298 = VERTEX_POINT ( 'NONE', #311 ) ;
#3299 = PRODUCT ( 'out', 'out', '', ( #1771 ) ) ;
#3300 = CARTESIAN_POINT ( 'NONE',  ( 189.7753175473055478, 0.000000000000000000, -36.53275496308518910 ) ) ;
#3301 = VERTEX_POINT ( 'NONE', #1381 ) ;
#3302 = PLANE ( 'NONE',  #2543 ) ;
#3303 = CARTESIAN_POINT ( 'NONE',  ( 5.510910596163089556E-15, -85.00000000000000000, -75.00000000000001421 ) ) ;
#3304 = DIRECTION ( 'NONE',  ( 0.000000000000000000, 0.000000000000000000, 1.000000000000000000 ) ) ;
#3305 = ORIENTED_EDGE ( 'NONE', *, *, #3200, .F. ) ;
#3306 = ORIENTED_EDGE ( 'NONE', *, *, #1648, .T. ) ;
#3307 = DIRECTION ( 'NONE',  ( -1.000000000000000000, 0.000000000000000000, 0.000000000000000000 ) ) ;
#3308 = ADVANCED_FACE ( 'NONE', ( #2431 ), #53, .F. ) ;
#3309 = EDGE_CURVE ( 'NONE', #3141, #2719, #666, .T. ) ;
#3310 = CARTESIAN_POINT ( 'NONE',  ( 158.1506350946108057, 0.000000000000000000, -91.30831174438417008 ) ) ;
#3311 = VERTEX_POINT ( 'NONE', #943 ) ;
#3312 = DIRECTION ( 'NONE',  ( 0.8660254037844380415, 0.000000000000000000, -0.5000000000000013323 ) ) ;
#3313 = EDGE_LOOP ( 'NONE', ( #1763, #868, #3191, #1261 ) ) ;
#3314 = VECTOR ( 'NONE', #2380, 1000.000000000000000 ) ;
#3315 = LINE ( 'NONE', #960, #1968 ) ;
#3316 = AXIS2_PLACEMENT_3D ( 'NONE', #2020, #3366, #995 ) ;
#3317 = ORIENTED_EDGE ( 'NONE', *, *, #48, .T. ) ;
#3318 = VECTOR ( 'NONE', #243, 1000.000000000000114 ) ;
#3319 = DIRECTION ( 'NONE',  ( 0.000000000000000000, 1.000000000000000000, 0.000000000000000000 ) ) ;
#3320 = CARTESIAN_POINT ( 'NONE',  ( 193.6506350946110615, 0.000000000000000000, -29.82050807568895934 ) ) ;
#3321 = DIRECTION ( 'NONE',  ( 0.000000000000000000, -0.000000000000000000, 1.000000000000000000 ) ) ;
#3322 = ORIENTED_EDGE ( 'NONE', *, *, #336, .F. ) ;
#3323 = ORIENTED_EDGE ( 'NONE', *, *, #1328, .F. ) ;
#3324 = PLANE ( 'NONE',  #1123 ) ;
#3325 = CARTESIAN_POINT ( 'NONE',  ( 226.9163336986830757, -17.24936490538906142, -52.20262794416304075 ) ) ;
#3326 = ORIENTED_EDGE ( 'NONE', *, *, #1426, .T. ) ;
#3327 = PLANE ( 'NONE',  #537 ) ;
#3328 = VERTEX_POINT ( 'NONE', #1467 ) ;
#3329 = VECTOR ( 'NONE', #2924, 1000.000000000000114 ) ;
#3330 = CARTESIAN_POINT ( 'NONE',  ( 204.4209647088800921, -81.30127018922185300, -11.16574996951135645 ) ) ;
#3331 = ORIENTED_EDGE ( 'NONE', *, *, #1629, .T. ) ;
#3332 = AXIS2_PLACEMENT_3D ( 'NONE', #1021, #1817, #2131 ) ;
#3333 = DIRECTION ( 'NONE',  ( 2.891205793294678819E-16, -1.000000000000000000, 0.000000000000000000 ) ) ;
#3334 = DIRECTION ( 'NONE',  ( -1.000000000000000000, -0.000000000000000000, -0.000000000000000000 ) ) ;
#3335 = EDGE_CURVE ( 'NONE', #365, #152, #1709, .T. ) ;
#3336 = PLANE ( 'NONE',  #3235 ) ;
#3337 = EDGE_LOOP ( 'NONE', ( #2006, #1873, #1353, #1969 ) ) ;
#3338 = ORIENTED_EDGE ( 'NONE', *, *, #1513, .T. ) ;
#3339 = AXIS2_PLACEMENT_3D ( 'NONE', #1148, #662, #1114 ) ;
#3340 = CARTESIAN_POINT ( 'NONE',  ( 40.00000000000000711, -39.99999999999995026, -87.32150807568886819 ) ) ;
#3341 = EDGE_CURVE ( 'NONE', #365, #1689, #2246, .T. ) ;
#3342 = AXIS2_PLACEMENT_3D ( 'NONE', #231, #544, #3142 ) ;
#3343 = CARTESIAN_POINT ( 'NONE',  ( -1.734723475976807094E-14, 60.00000000000000000, -75.00000000000001421 ) ) ;
#3344 = ORIENTED_EDGE ( 'NONE', *, *, #2121, .F. ) ;
#3345 = FACE_OUTER_BOUND ( 'NONE', #2743, .T. ) ;
#3346 = ORIENTED_EDGE ( 'NONE', *, *, #1989, .T. ) ;
#3347 = VECTOR ( 'NONE', #161, 1000.000000000000000 ) ;
#3348 = DIRECTION ( 'NONE',  ( -0.000000000000000000, -1.000000000000000000, 0.000000000000000000 ) ) ;
#3349 = ORIENTED_EDGE ( 'NONE', *, *, #3427, .F. ) ;
#3350 = DIRECTION ( 'NONE',  ( 0.8660254037844378194, 0.000000000000000000, -0.5000000000000015543 ) ) ;
#3351 = EDGE_CURVE ( 'NONE', #2144, #143, #3003, .T. ) ;
#3352 = CARTESIAN_POINT ( 'NONE',  ( 160.0000000000000000, -4.999999999999959144, -70.00000000000000000 ) ) ;
#3353 = EDGE_CURVE ( 'NONE', #473, #2079, #2016, .T. ) ;
#3354 = FACE_OUTER_BOUND ( 'NONE', #1924, .T. ) ;
#3355 = ORIENTED_EDGE ( 'NONE', *, *, #3083, .F. ) ;
#3356 = VERTEX_POINT ( 'NONE', #2000 ) ;
#3357 = DIRECTION ( 'NONE',  ( 0.000000000000000000, -0.000000000000000000, -1.000000000000000000 ) ) ;
#3358 = CARTESIAN_POINT ( 'NONE',  ( -20.00000000000000000, -5.782411586589358033E-15, -70.00000000000000000 ) ) ;
#3359 = DIRECTION ( 'NONE',  ( 2.891205793294679312E-16, -1.000000000000000000, 0.000000000000000000 ) ) ;
#3360 = EDGE_CURVE ( 'NONE', #42, #2575, #3097, .T. ) ;
#3361 = CARTESIAN_POINT ( 'NONE',  ( -20.00000000000000000, 0.9999999999999731326, -55.61880215351697387 ) ) ;
#3362 = ORIENTED_EDGE ( 'NONE', *, *, #1341, .F. ) ;
#3363 = CARTESIAN_POINT ( 'NONE',  ( 136.4999999999998579, 0.000000000000000000, -128.8083117443841275 ) ) ;
#3364 = VERTEX_POINT ( 'NONE', #630 ) ;
#3365 = CARTESIAN_POINT ( 'NONE',  ( 170.1698729810778445, -99.94486109113256589, -60.49038105676662269 ) ) ;
#3366 = DIRECTION ( 'NONE',  ( 0.000000000000000000, 0.000000000000000000, -1.000000000000000000 ) ) ;
#3367 = AXIS2_PLACEMENT_3D ( 'NONE', #3177, #1844, #2918 ) ;
#3368 = CARTESIAN_POINT ( 'NONE',  ( 156.3156309411077416, -17.24936490538906142, -20.57084224863302069 ) ) ;
#3369 = ORIENTED_EDGE ( 'NONE', *, *, #1431, .F. ) ;
#3370 = ORIENTED_EDGE ( 'NONE', *, *, #208, .T. ) ;
#3371 = CARTESIAN_POINT ( 'NONE',  ( 226.9163336986830757, -17.24936490538906142, -52.20262794416304075 ) ) ;
#3372 = VECTOR ( 'NONE', #305, 1000.000000000000000 ) ;
#3373 = CARTESIAN_POINT ( 'NONE',  ( 158.1506350946108057, -134.8518645242728269, -91.30831174438417008 ) ) ;
#3374 = EDGE_CURVE ( 'NONE', #932, #3018, #2810, .T. ) ;
#3375 = CARTESIAN_POINT ( 'NONE',  ( 190.0753175473055592, -66.15063509461094782, -36.01313972081450743 ) ) ;
#3376 = VECTOR ( 'NONE', #78, 1000.000000000000114 ) ;
#3377 = FACE_OUTER_BOUND ( 'NONE', #2292, .T. ) ;
#3378 = ORIENTED_EDGE ( 'NONE', *, *, #381, .T. ) ;
#3379 = DIRECTION ( 'NONE',  ( 0.000000000000000000, 1.000000000000000000, 0.000000000000000000 ) ) ;
#3380 = ORIENTED_EDGE ( 'NONE', *, *, #334, .T. ) ;
#3381 = DIRECTION ( 'NONE',  ( 2.891205793294678819E-16, -1.000000000000000000, 0.000000000000000000 ) ) ;
#3382 = LINE ( 'NONE', #771, #1217 ) ;
#3383 = VECTOR ( 'NONE', #1592, 1000.000000000000000 ) ;
#3384 = FACE_OUTER_BOUND ( 'NONE', #2488, .T. ) ;
#3385 = EDGE_CURVE ( 'NONE', #1539, #304, #2223, .T. ) ;
#3386 = VERTEX_POINT ( 'NONE', #1485 ) ;
#3387 = ORIENTED_EDGE ( 'NONE', *, *, #2775, .F. ) ;
#3388 = CARTESIAN_POINT ( 'NONE',  ( 3.673940397442067066E-15, -39.99999999999995026, -15.57084224863302424 ) ) ;
#3389 = EDGE_CURVE ( 'NONE', #1171, #3356, #2533, .T. ) ;
#3390 = FACE_BOUND ( 'NONE', #2100, .T. ) ;
#3391 = DIRECTION ( 'NONE',  ( 0.000000000000000000, -1.000000000000000000, 0.000000000000000000 ) ) ;
#3392 = DIRECTION ( 'NONE',  ( 0.5000000000000006661, 0.000000000000000000, 0.8660254037844382635 ) ) ;
#3393 = ORIENTED_EDGE ( 'NONE', *, *, #2637, .F. ) ;
#3394 = CARTESIAN_POINT ( 'NONE',  ( 238.3656564712920556, -17.24936490538906142, 57.62818081025078953 ) ) ;
#3395 = AXIS2_PLACEMENT_3D ( 'NONE', #3422, #810, #2660 ) ;
#3396 = PLANE ( 'NONE',  #346 ) ;
#3397 = VERTEX_POINT ( 'NONE', #1433 ) ;
#3398 = CARTESIAN_POINT ( 'NONE',  ( 235.3138707406113781, -128.3012701892218672, 42.34233287089818276 ) ) ;
#3399 = CARTESIAN_POINT ( 'NONE',  ( 5.510910596163089556E-15, -85.00000000000000000, -50.00000000000000000 ) ) ;
#3400 = VECTOR ( 'NONE', #3304, 1000.000000000000000 ) ;
#3401 = LINE ( 'NONE', #524, #3067 ) ;
#3402 = VERTEX_POINT ( 'NONE', #3300 ) ;
#3403 = ORIENTED_EDGE ( 'NONE', *, *, #513, .F. ) ;
#3404 = DIRECTION ( 'NONE',  ( -0.8660254037844380415, 0.000000000000000000, 0.5000000000000012212 ) ) ;
#3405 = CARTESIAN_POINT ( 'NONE',  ( 192.2753175473055762, -17.24936490538906142, -32.20262794416299812 ) ) ;
#3406 = ORIENTED_EDGE ( 'NONE', *, *, #2692, .T. ) ;
#3407 = CARTESIAN_POINT ( 'NONE',  ( -20.00000000000000711, 24.00000000000002132, 0.000000000000000000 ) ) ;
#3408 = EDGE_CURVE ( 'NONE', #2224, #365, #3050, .T. ) ;
#3409 = CARTESIAN_POINT ( 'NONE',  ( 228.2916512459885610, -19.99999999999999289, -49.82050807568898421 ) ) ;
#3410 = ORIENTED_EDGE ( 'NONE', *, *, #1073, .T. ) ;
#3411 = FILL_AREA_STYLE ('',( #2859 ) ) ;
#3412 = EDGE_CURVE ( 'NONE', #1722, #2104, #2500, .T. ) ;
#3413 = EDGE_CURVE ( 'NONE', #1928, #2539, #3315, .T. ) ;
#3414 = LINE ( 'NONE', #573, #2015 ) ;
#3415 = AXIS2_PLACEMENT_3D ( 'NONE', #2028, #2062, #715 ) ;
#3416 = ORIENTED_EDGE ( 'NONE', *, *, #2186, .F. ) ;
#3417 = CARTESIAN_POINT ( 'NONE',  ( 129.5350412241866422, -66.15063509461094782, -1.060194888847364236 ) ) ;
#3418 = PLANE ( 'NONE',  #2318 ) ;
#3419 = CARTESIAN_POINT ( 'NONE',  ( 173.0740607132333366, 0.000000000000000000, -17.94061731760011824 ) ) ;
#3420 = ORIENTED_EDGE ( 'NONE', *, *, #1883, .T. ) ;
#3421 = ORIENTED_EDGE ( 'NONE', *, *, #1138, .F. ) ;
#3422 = CARTESIAN_POINT ( 'NONE',  ( 238.3656564712920556, -5.000000000000000000, 57.62818081025078953 ) ) ;
#3423 = PLANE ( 'NONE',  #1178 ) ;
#3424 = ORIENTED_EDGE ( 'NONE', *, *, #531, .T. ) ;
#3425 = VECTOR ( 'NONE', #2861, 1000.000000000000114 ) ;
#3426 = PLANE ( 'NONE',  #566 ) ;
#3427 = EDGE_CURVE ( 'NONE', #3241, #2882, #1501, .T. ) ;
#3428 = LINE ( 'NONE', #1057, #220 ) ;
#3429 = ORIENTED_EDGE ( 'NONE', *, *, #3262, .T. ) ;
#3430 = PRESENTATION_STYLE_ASSIGNMENT (( #785 ) ) ;
ENDSEC;
END-ISO-10303-21;
